transaction_id,sender_account,receiver_account,amount,timestamp_sec,pass_through_delay_sec,is_fraud,attack_vector,sender_in_degree,sender_out_degree,receiver_in_degree,receiver_out_degree,receiver_mule_funnel_score
TX_GRAPH_000000,ACC_00361,ACC_00073,54.68,139806.6346252962,178421.13945816486,0,legitimate_transfer,2,5,5,4,4
TX_GRAPH_000001,ACC_00309,ACC_00139,99.96,199008.44677398383,25911.36990312104,0,legitimate_transfer,6,9,6,3,3
TX_GRAPH_000002,ACC_00314,ACC_00283,38.47,241727.30452302555,21499.592789053593,0,legitimate_transfer,1,4,4,6,4
TX_GRAPH_000003,ACC_00166,ACC_00009,21.14,85766.52288679336,118307.54787130661,0,legitimate_transfer,6,5,9,3,3
TX_GRAPH_000004,ACC_00161,ACC_00111,116.8,187743.08814019058,206059.13278919485,0,legitimate_transfer,7,6,8,9,8
TX_GRAPH_000005,ACC_00391,ACC_00355,76.73,225653.927771925,64636.31162912144,0,legitimate_transfer,3,5,5,5,5
TX_GRAPH_000006,ACC_00336,ACC_00242,55.23,22861.881622334484,158717.8485070633,0,legitimate_transfer,3,3,5,4,4
TX_GRAPH_000007,ACC_00094,ACC_00409,61.86,19761.20529874791,73814.2951262412,0,legitimate_transfer,6,5,9,5,5
TX_GRAPH_000008,ACC_00316,ACC_00044,25.07,55817.263654357645,156217.67885972557,0,legitimate_transfer,5,7,3,8,3
TX_GRAPH_000009,ACC_00261,ACC_00064,12.16,117902.93717450344,178865.05877383938,0,legitimate_transfer,2,14,7,5,5
TX_GRAPH_000010,ACC_00462,ACC_00079,237.3,242898.63852318027,83296.62620589447,0,legitimate_transfer,2,8,2,4,2
TX_GRAPH_000011,ACC_00484,ACC_00385,17.37,23976.11351377941,203056.91371638453,0,legitimate_transfer,8,6,7,3,3
TX_GRAPH_000012,ACC_00004,ACC_00361,82.93,152407.43035702544,112613.3353950197,0,legitimate_transfer,4,9,2,5,2
TX_GRAPH_000013,ACC_00024,ACC_00298,12.58,61555.67269990433,80253.82476940347,0,legitimate_transfer,12,9,7,5,5
TX_GRAPH_000014,ACC_00020,ACC_00171,201.08,59183.460613943935,18541.861537745765,0,legitimate_transfer,2,5,7,6,6
TX_GRAPH_000015,ACC_00172,ACC_00497,40.52,236343.37322462464,115841.79690171979,0,legitimate_transfer,8,6,9,4,4
TX_GRAPH_000016,ACC_00408,ACC_00409,43.13,7316.894501463091,222180.26217470845,0,legitimate_transfer,4,2,9,5,5
TX_GRAPH_000017,ACC_00067,ACC_00439,25.81,50529.16571706543,214947.42173751132,0,legitimate_transfer,7,7,5,10,5
TX_GRAPH_000018,ACC_00439,ACC_00171,46.3,192661.92797808067,115581.33800411025,0,legitimate_transfer,5,10,7,6,6
TX_GRAPH_000019,ACC_00119,ACC_00179,34.54,218390.126779775,96173.61767418514,0,legitimate_transfer,6,6,7,6,6
TX_GRAPH_000020,ACC_00290,ACC_00205,46.75,199763.35882105262,71081.68345597586,0,legitimate_transfer,7,4,2,4,2
TX_GRAPH_000021,ACC_00014,ACC_00142,21.55,173980.62740496552,11637.586113066991,0,legitimate_transfer,7,6,7,3,3
TX_GRAPH_000022,ACC_00483,ACC_00370,62.11,218515.17664366067,105538.78228178907,0,legitimate_transfer,6,7,8,6,6
TX_GRAPH_000023,ACC_00297,ACC_00136,39.23,115948.56499187587,205489.39713668372,0,legitimate_transfer,10,6,10,5,5
TX_GRAPH_000024,ACC_00479,ACC_00339,55.58,17572.825798646783,188547.2270324591,0,legitimate_transfer,4,4,4,2,2
TX_GRAPH_000025,ACC_00271,ACC_00479,211.63,126963.43329371046,135855.76228819336,0,legitimate_transfer,6,7,4,4,4
TX_GRAPH_000026,ACC_00219,ACC_00005,26.65,5850.065351836336,179178.6477275117,0,legitimate_transfer,5,9,6,5,5
TX_GRAPH_000027,ACC_00110,ACC_00498,4.83,110209.08822229224,120527.19686733607,0,legitimate_transfer,4,6,7,3,3
TX_GRAPH_000028,ACC_00267,ACC_00303,30.9,41839.28320861917,98681.86060210977,0,legitimate_transfer,5,7,4,7,4
TX_GRAPH_000029,ACC_00118,ACC_00283,31.26,179817.74462260676,197744.00474839497,0,legitimate_transfer,3,9,4,6,4
TX_GRAPH_000030,ACC_00191,ACC_00425,22.84,136257.82569433597,245696.44539999217,0,legitimate_transfer,4,5,6,7,6
TX_GRAPH_000031,ACC_00452,ACC_00072,224.69,171777.6521370317,175390.05512871826,0,legitimate_transfer,8,4,8,1,1
TX_GRAPH_000032,ACC_00179,ACC_00318,42.12,28320.595468350195,246148.00965038443,0,legitimate_transfer,7,6,8,7,7
TX_GRAPH_000033,ACC_00435,ACC_00103,107.87,162375.67624472646,215220.0134321346,0,legitimate_transfer,5,10,11,5,5
TX_GRAPH_000034,ACC_00322,ACC_00198,98.24,68627.65143464033,162414.50947711163,0,legitimate_transfer,7,2,5,8,5
TX_GRAPH_000035,ACC_00250,ACC_00258,114.83,15429.190229176387,152233.52393991288,0,legitimate_transfer,7,7,3,6,3
TX_GRAPH_000036,ACC_00065,ACC_00204,80.75,258201.2585779213,33388.802315650486,0,legitimate_transfer,5,5,4,5,4
TX_GRAPH_000037,ACC_00084,ACC_00226,57.06,50449.14129083629,50680.63298192317,0,legitimate_transfer,2,3,7,4,4
TX_GRAPH_000038,ACC_00418,ACC_00126,53.19,193550.2391565089,31680.153902678667,0,legitimate_transfer,6,6,12,7,7
TX_GRAPH_000039,ACC_00161,ACC_00019,22.4,167598.01596160032,93243.65101650656,0,legitimate_transfer,7,6,11,4,4
TX_GRAPH_000040,ACC_00449,ACC_00123,51.33,231421.69832743166,209382.41047071727,0,legitimate_transfer,6,7,6,5,5
TX_GRAPH_000041,ACC_00421,ACC_00372,5.61,85591.78636147911,140507.45046775247,0,legitimate_transfer,2,5,5,10,5
TX_GRAPH_000042,ACC_00044,ACC_00180,17.2,17510.21542371409,47418.07146373794,0,legitimate_transfer,3,8,9,6,6
TX_GRAPH_000043,ACC_00474,ACC_00497,55.45,216123.37285984575,104572.360920191,0,legitimate_transfer,2,9,9,4,4
TX_GRAPH_000044,ACC_00487,ACC_00262,71.04,21563.80103991068,76513.3919922558,0,legitimate_transfer,10,3,4,5,4
TX_GRAPH_000045,ACC_00340,ACC_00406,263.64,193298.74473192458,68386.71250168368,0,legitimate_transfer,10,8,6,5,5
TX_GRAPH_000046,ACC_00139,ACC_00099,43.42,197909.49933568735,237510.09998677458,0,legitimate_transfer,6,3,11,4,4
TX_GRAPH_000047,ACC_00277,ACC_00124,51.58,162387.0197716851,239062.57958716658,0,legitimate_transfer,4,5,2,6,2
TX_GRAPH_000048,ACC_00425,ACC_00487,172.4,175370.409612832,174276.89604356265,0,legitimate_transfer,6,7,10,3,3
TX_GRAPH_000049,ACC_00472,ACC_00124,98.72,255344.7171768514,93431.83902942945,0,legitimate_transfer,6,7,2,6,2
TX_GRAPH_000050,ACC_00362,ACC_00077,35.96,5254.037310455234,199971.33225755798,0,legitimate_transfer,6,7,5,2,2
TX_GRAPH_000051,ACC_00058,ACC_00298,26.34,94718.38817434247,50028.01126415223,0,legitimate_transfer,7,6,7,5,5
TX_GRAPH_000052,ACC_00427,ACC_00466,74.62,240969.23702507617,157142.40733019914,0,legitimate_transfer,6,4,5,10,5
TX_GRAPH_000053,ACC_00181,ACC_00396,35.21,228115.88294269246,142000.45468678506,0,legitimate_transfer,5,9,9,6,6
TX_GRAPH_000054,ACC_00351,ACC_00104,69.74,49287.88126694864,176651.59912375655,0,legitimate_transfer,5,7,6,2,2
TX_GRAPH_000055,ACC_00428,ACC_00298,153.98,2783.5440820370627,228475.6550353283,0,legitimate_transfer,3,3,7,5,5
TX_GRAPH_000056,ACC_00489,ACC_00450,45.63,130516.28406786824,73029.2980707503,0,legitimate_transfer,6,6,8,8,8
TX_GRAPH_000057,ACC_00223,ACC_00197,46.99,209016.6250795034,198252.3884535838,0,legitimate_transfer,5,7,5,6,5
TX_GRAPH_000058,ACC_00413,ACC_00121,26.77,7539.510738262152,241556.676880471,0,legitimate_transfer,7,7,5,8,5
TX_GRAPH_000059,ACC_00289,ACC_00422,190.27,174217.10171261805,110853.08826999563,0,legitimate_transfer,8,6,9,3,3
TX_GRAPH_000060,ACC_00357,ACC_00390,22.79,170490.7349347916,212128.4921530185,0,legitimate_transfer,4,6,11,7,7
TX_GRAPH_000061,ACC_00223,ACC_00487,362.32,93335.35283487236,125582.51200116283,0,legitimate_transfer,5,7,10,3,3
TX_GRAPH_000062,ACC_00474,ACC_00050,51.77,169799.66777164242,179950.1747528252,0,legitimate_transfer,2,9,4,9,4
TX_GRAPH_000063,ACC_00167,ACC_00094,37.63,248738.7428896404,50891.821798071236,0,legitimate_transfer,4,3,6,5,5
TX_GRAPH_000064,ACC_00011,ACC_00122,196.52,137254.66431833807,33502.19304041835,0,legitimate_transfer,6,6,5,12,5
TX_GRAPH_000065,ACC_00165,ACC_00064,213.7,138091.20346918853,226687.24494298984,0,legitimate_transfer,4,4,7,5,5
TX_GRAPH_000066,ACC_00477,ACC_00135,131.53,38086.328549206475,90996.36345015318,0,legitimate_transfer,7,3,4,3,3
TX_GRAPH_000067,ACC_00287,ACC_00033,18.3,80086.69863594302,14733.317538674466,0,legitimate_transfer,4,6,7,9,7
TX_GRAPH_000068,ACC_00111,ACC_00017,63.55,156404.01106754568,236995.15250789805,0,legitimate_transfer,8,9,5,7,5
TX_GRAPH_000069,ACC_00039,ACC_00441,94.71,116095.76335145057,217937.50575152246,0,legitimate_transfer,2,8,4,3,3
TX_GRAPH_000070,ACC_00284,ACC_00499,150.68,172581.26044320955,54625.593800862574,0,legitimate_transfer,2,5,3,3,3
TX_GRAPH_000071,ACC_00214,ACC_00415,213.28,82684.61223289139,138984.54172124364,0,legitimate_transfer,8,5,4,3,3
TX_GRAPH_000072,ACC_00327,ACC_00075,28.84,207203.37641318957,19615.120747477496,0,legitimate_transfer,4,13,8,5,5
TX_GRAPH_000073,ACC_00321,ACC_00421,36.2,237733.35280067608,170536.86162866506,0,legitimate_transfer,5,4,2,5,2
TX_GRAPH_000074,ACC_00362,ACC_00318,149.39,44539.67520502244,150810.00397061478,0,legitimate_transfer,6,7,8,7,7
TX_GRAPH_000075,ACC_00425,ACC_00341,91.5,96425.6247450354,225490.3405159216,0,legitimate_transfer,6,7,4,4,4
TX_GRAPH_000076,ACC_00198,ACC_00142,252.63,9162.932813747937,23485.70896512845,0,legitimate_transfer,5,8,7,3,3
TX_GRAPH_000077,ACC_00096,ACC_00139,22.97,31661.074685243813,217490.5954801678,0,legitimate_transfer,2,8,6,3,3
TX_GRAPH_000078,ACC_00050,ACC_00281,59.9,180281.69961426695,74242.93787476225,0,legitimate_transfer,4,9,8,4,4
TX_GRAPH_000079,ACC_00462,ACC_00449,26.93,128787.11140903659,10703.83711558514,0,legitimate_transfer,2,8,6,7,6
TX_GRAPH_000080,ACC_00362,ACC_00180,48.3,59345.674625678934,217711.786756255,0,legitimate_transfer,6,7,9,6,6
TX_GRAPH_000081,ACC_00138,ACC_00236,22.59,216947.4092072299,195236.97730241367,0,legitimate_transfer,6,10,3,6,3
TX_GRAPH_000082,ACC_00466,ACC_00416,87.98,60905.14220366288,117183.38861560993,0,legitimate_transfer,5,10,7,6,6
TX_GRAPH_000083,ACC_00046,ACC_00135,11.91,213050.11828678273,194573.89709766523,0,legitimate_transfer,5,6,4,3,3
TX_GRAPH_000084,ACC_00032,ACC_00478,68.64,134347.1546729858,46685.247384796436,0,legitimate_transfer,8,5,8,4,4
TX_GRAPH_000085,ACC_00181,ACC_00281,24.03,207302.17174257681,82774.66878234423,0,legitimate_transfer,5,9,8,4,4
TX_GRAPH_000086,ACC_00176,ACC_00002,86.29,186541.87327903305,230426.5851697123,0,legitimate_transfer,5,8,5,5,5
TX_GRAPH_000087,ACC_00348,ACC_00157,88.11,243113.77320861566,103094.93199781557,0,legitimate_transfer,7,3,3,3,3
TX_GRAPH_000088,ACC_00492,ACC_00315,141.46,178214.7072850337,13393.714280164158,0,legitimate_transfer,5,6,3,3,3
TX_GRAPH_000089,ACC_00465,ACC_00221,195.01,125164.58048909617,84950.84090153092,0,legitimate_transfer,2,3,6,7,6
TX_GRAPH_000090,ACC_00412,ACC_00146,65.3,79019.16123786324,29972.70202373699,0,legitimate_transfer,3,6,7,3,3
TX_GRAPH_000091,ACC_00319,ACC_00093,13.42,137693.1669628104,106455.04173611676,0,legitimate_transfer,8,4,6,6,6
TX_GRAPH_000092,ACC_00469,ACC_00319,163.55,24661.021213947,162583.47474830708,0,legitimate_transfer,4,7,8,4,4
TX_GRAPH_000093,ACC_00414,ACC_00056,20.78,112435.51785936193,61639.93974348586,0,legitimate_transfer,3,8,10,4,4
TX_GRAPH_000094,ACC_00019,ACC_00497,58.36,235739.01384689892,5262.950950131255,0,legitimate_transfer,11,4,9,4,4
TX_GRAPH_000095,ACC_00430,ACC_00052,27.61,39690.79559105839,36331.38615262029,0,legitimate_transfer,5,9,10,7,7
TX_GRAPH_000096,ACC_00013,ACC_00190,129.92,18099.900482789708,171080.1104602891,0,legitimate_transfer,6,6,10,7,7
TX_GRAPH_000097,ACC_00022,ACC_00477,33.29,255613.47826965983,165617.81772393535,0,legitimate_transfer,4,6,7,3,3
TX_GRAPH_000098,ACC_00289,ACC_00014,240.56,636.6835591734728,218991.4800184457,0,legitimate_transfer,8,6,7,6,6
TX_GRAPH_000099,ACC_00122,ACC_00186,116.13,180053.93468132062,99639.28443552408,0,legitimate_transfer,5,12,5,5,5
TX_GRAPH_000100,ACC_00310,ACC_00172,69.73,204820.0535907947,35337.393369965794,0,legitimate_transfer,8,9,8,6,6
TX_GRAPH_000101,ACC_00018,ACC_00119,88.96,35039.200860879406,88920.8894454062,0,legitimate_transfer,8,4,6,6,6
TX_GRAPH_000102,ACC_00085,ACC_00260,59.05,42743.8415699361,38363.50687727977,0,legitimate_transfer,4,5,8,6,6
TX_GRAPH_000103,ACC_00480,ACC_00301,249.28,58165.10612134203,144670.06370045964,0,legitimate_transfer,5,7,3,3,3
TX_GRAPH_000104,ACC_00221,ACC_00104,36.23,169571.32691617377,190949.0417144982,0,legitimate_transfer,6,7,6,2,2
TX_GRAPH_000105,ACC_00200,ACC_00239,78.71,11822.496076992249,51431.99733500838,0,legitimate_transfer,3,7,7,5,5
TX_GRAPH_000106,ACC_00448,ACC_00364,32.86,227570.21193066763,235034.9979003591,0,legitimate_transfer,4,10,4,5,4
TX_GRAPH_000107,ACC_00380,ACC_00320,227.04,37398.91431469636,255916.8538932099,0,legitimate_transfer,2,4,7,5,5
TX_GRAPH_000108,ACC_00048,ACC_00282,95.36,63234.88173054649,157949.41600130984,0,legitimate_transfer,3,4,4,8,4
TX_GRAPH_000109,ACC_00192,ACC_00248,23.27,137070.75427058392,193290.68723586548,0,legitimate_transfer,14,7,7,2,2
TX_GRAPH_000110,ACC_00302,ACC_00358,48.95,104161.98460902825,249923.8922497948,0,legitimate_transfer,8,5,10,10,10
TX_GRAPH_000111,ACC_00070,ACC_00159,156.8,161010.09191964794,109672.1975807139,0,legitimate_transfer,3,8,7,7,7
TX_GRAPH_000112,ACC_00421,ACC_00190,71.98,126250.20798236798,186815.44905325104,0,legitimate_transfer,2,5,10,7,7
TX_GRAPH_000113,ACC_00273,ACC_00371,66.81,11016.588387499412,69944.89302770478,0,legitimate_transfer,9,4,3,8,3
TX_GRAPH_000114,ACC_00228,ACC_00087,25.06,53410.48156467234,118812.37159361358,0,legitimate_transfer,6,10,6,9,6
TX_GRAPH_000115,ACC_00076,ACC_00466,69.81,111509.87096353351,108337.09768771539,0,legitimate_transfer,5,3,5,10,5
TX_GRAPH_000116,ACC_00222,ACC_00240,35.3,182382.97877594293,35286.577492907534,0,legitimate_transfer,4,7,4,2,2
TX_GRAPH_000117,ACC_00137,ACC_00494,23.97,203714.12133081208,178499.64675872048,0,legitimate_transfer,7,6,4,4,4
TX_GRAPH_000118,ACC_00460,ACC_00127,13.85,237417.9316526722,72111.94469283179,0,legitimate_transfer,7,6,9,2,2
TX_GRAPH_000119,ACC_00482,ACC_00198,46.62,232350.31097319178,63793.1060858915,0,legitimate_transfer,3,7,5,8,5
TX_GRAPH_000120,ACC_00490,ACC_00396,29.81,52006.18411434477,113381.96937451242,0,legitimate_transfer,9,2,9,6,6
TX_GRAPH_000121,ACC_00332,ACC_00407,51.3,51717.49334449862,58208.74849595233,0,legitimate_transfer,6,6,3,5,3
TX_GRAPH_000122,ACC_00327,ACC_00023,25.35,214547.3738626933,202957.47648621156,0,legitimate_transfer,4,13,10,4,4
TX_GRAPH_000123,ACC_00356,ACC_00471,56.09,135810.28420673707,118470.6243404905,0,legitimate_transfer,6,11,4,8,4
TX_GRAPH_000124,ACC_00083,ACC_00026,19.07,250007.32213252824,214329.82557240286,0,legitimate_transfer,8,4,5,4,4
TX_GRAPH_000125,ACC_00186,ACC_00065,100.23,229005.45821475075,22439.554490170896,0,legitimate_transfer,5,5,5,5,5
TX_GRAPH_000126,ACC_00228,ACC_00378,204.16,112403.72612002419,17569.327993894087,0,legitimate_transfer,6,10,7,10,7
TX_GRAPH_000127,ACC_00271,ACC_00209,55.86,72494.57420770037,243625.5545889905,0,legitimate_transfer,6,7,4,2,2
TX_GRAPH_000128,ACC_00394,ACC_00334,95.55,211881.32109929793,203220.08873128754,0,legitimate_transfer,3,5,5,5,5
TX_GRAPH_000129,ACC_00213,ACC_00390,159.67,79308.5523500333,191842.5870457097,0,legitimate_transfer,5,7,11,7,7
TX_GRAPH_000130,ACC_00409,ACC_00463,15.22,165299.0378981005,175592.50779558189,0,legitimate_transfer,9,5,9,6,6
TX_GRAPH_000131,ACC_00126,ACC_00288,78.31,74654.12668606125,151231.7228586837,0,legitimate_transfer,12,7,2,8,2
TX_GRAPH_000132,ACC_00141,ACC_00496,148.3,258630.64692905112,201503.61136472443,0,legitimate_transfer,5,7,4,5,4
TX_GRAPH_000133,ACC_00202,ACC_00484,70.24,179160.421570747,230181.9484907098,0,legitimate_transfer,1,8,8,6,6
TX_GRAPH_000134,ACC_00455,ACC_00132,20.87,192075.78009214805,184356.39845228018,0,legitimate_transfer,2,8,9,4,4
TX_GRAPH_000135,ACC_00256,ACC_00473,35.24,121435.80402507019,189012.9002112376,0,legitimate_transfer,2,4,5,6,5
TX_GRAPH_000136,ACC_00285,ACC_00422,54.6,52793.55303522874,224287.28773280047,0,legitimate_transfer,11,5,9,3,3
TX_GRAPH_000137,ACC_00448,ACC_00483,35.17,110897.501166187,174507.82230304432,0,legitimate_transfer,4,10,6,7,6
TX_GRAPH_000138,ACC_00336,ACC_00388,299.78,255785.1857954252,152524.77847691547,0,legitimate_transfer,3,3,8,4,4
TX_GRAPH_000139,ACC_00220,ACC_00347,124.44,147607.65701064822,101970.72837182834,0,legitimate_transfer,2,8,6,3,3
TX_GRAPH_000140,ACC_00085,ACC_00432,20.16,37570.86784260438,139366.52403935324,0,legitimate_transfer,4,5,4,4,4
TX_GRAPH_000141,ACC_00444,ACC_00267,79.78,179637.33276432744,5494.038014970804,0,legitimate_transfer,6,3,5,7,5
TX_GRAPH_000142,ACC_00186,ACC_00468,45.54,26575.779777023854,75878.1951118155,0,legitimate_transfer,5,5,9,4,4
TX_GRAPH_000143,ACC_00390,ACC_00477,60.21,94047.13834579245,126825.68867824382,0,legitimate_transfer,11,7,7,3,3
TX_GRAPH_000144,ACC_00036,ACC_00292,36.43,67160.39439915822,151352.56577920917,0,legitimate_transfer,3,7,6,6,6
TX_GRAPH_000145,ACC_00253,ACC_00463,58.87,8552.760510732389,129589.90871536691,0,legitimate_transfer,6,9,9,6,6
TX_GRAPH_000146,ACC_00003,ACC_00058,21.82,226648.71205308056,65089.62898757528,0,legitimate_transfer,5,5,7,6,6
TX_GRAPH_000147,ACC_00376,ACC_00158,72.57,177937.92474560006,84676.97258902111,0,legitimate_transfer,3,5,4,9,4
TX_GRAPH_000148,ACC_00313,ACC_00449,29.86,236752.31112747514,33731.7214485449,0,legitimate_transfer,6,8,6,7,6
TX_GRAPH_000149,ACC_00372,ACC_00155,62.86,185872.69437971787,21697.649607347666,0,legitimate_transfer,5,10,8,3,3
TX_GRAPH_000150,ACC_00253,ACC_00396,48.86,111469.50218863811,144895.5969001255,0,legitimate_transfer,6,9,9,6,6
TX_GRAPH_000151,ACC_00105,ACC_00067,143.2,236050.11619754686,156872.18584504374,0,legitimate_transfer,8,2,7,7,7
TX_GRAPH_000152,ACC_00463,ACC_00285,69.04,107931.09041019586,188856.76764436148,0,legitimate_transfer,9,6,11,5,5
TX_GRAPH_000153,ACC_00469,ACC_00179,80.41,122948.65926332059,24369.207346754938,0,legitimate_transfer,4,7,7,6,6
TX_GRAPH_000154,ACC_00148,ACC_00032,102.57,35245.80074059482,71992.5024024994,0,legitimate_transfer,9,5,8,5,5
TX_GRAPH_000155,ACC_00193,ACC_00404,76.99,175938.97284674662,208099.5253605104,0,legitimate_transfer,6,4,4,3,3
TX_GRAPH_000156,ACC_00181,ACC_00339,52.01,106485.71941820973,119059.07665577273,0,legitimate_transfer,5,9,4,2,2
TX_GRAPH_000157,ACC_00016,ACC_00029,74.2,192865.0448844709,24902.613454575603,0,legitimate_transfer,6,6,8,7,7
TX_GRAPH_000158,ACC_00176,ACC_00463,27.43,26264.554704719398,232453.73950722412,0,legitimate_transfer,5,8,9,6,6
TX_GRAPH_000159,ACC_00164,ACC_00115,290.49,246195.58263896927,20938.658884826968,0,legitimate_transfer,9,5,3,5,3
TX_GRAPH_000160,ACC_00344,ACC_00028,127.62,88780.16139950567,128687.13554045605,0,legitimate_transfer,2,6,7,6,6
TX_GRAPH_000161,ACC_00172,ACC_00023,13.47,24863.441177828507,77389.35162640963,0,legitimate_transfer,8,6,10,4,4
TX_GRAPH_000162,ACC_00121,ACC_00093,25.1,223831.7285225541,251005.00566808437,0,legitimate_transfer,5,8,6,6,6
TX_GRAPH_000163,ACC_00321,ACC_00000,43.74,197270.89768244862,209884.35396621758,0,legitimate_transfer,5,4,3,5,3
TX_GRAPH_000164,ACC_00400,ACC_00498,67.94,200084.34819513428,202230.1085449385,0,legitimate_transfer,4,7,7,3,3
TX_GRAPH_000165,ACC_00306,ACC_00213,147.27,150277.34868317604,112392.41780569169,0,legitimate_transfer,1,5,5,7,5
TX_GRAPH_000166,ACC_00228,ACC_00232,115.45,236504.73021904787,115285.66678614273,0,legitimate_transfer,6,10,4,5,4
TX_GRAPH_000167,ACC_00389,ACC_00352,49.26,156079.75259514336,82655.02928081794,0,legitimate_transfer,2,6,7,1,1
TX_GRAPH_000168,ACC_00467,ACC_00259,43.66,105284.04658849405,238265.51361886636,0,legitimate_transfer,7,9,6,1,1
TX_GRAPH_000169,ACC_00300,ACC_00167,36.77,68053.25324280765,69083.22650286056,0,legitimate_transfer,4,5,4,3,3
TX_GRAPH_000170,ACC_00287,ACC_00283,31.5,100360.04227162868,222085.39152271123,0,legitimate_transfer,4,6,4,6,4
TX_GRAPH_000171,ACC_00012,ACC_00353,60.83,115101.86522722188,151498.70500626956,0,legitimate_transfer,4,5,7,4,4
TX_GRAPH_000172,ACC_00064,ACC_00149,47.68,123082.73659582564,44893.721811035335,0,legitimate_transfer,7,5,4,7,4
TX_GRAPH_000173,ACC_00231,ACC_00453,169.85,78999.48101338132,89982.01888527672,0,legitimate_transfer,10,9,4,3,3
TX_GRAPH_000174,ACC_00216,ACC_00307,132.01,86395.45977925624,110779.15678343437,0,legitimate_transfer,9,5,6,3,3
TX_GRAPH_000175,ACC_00430,ACC_00378,51.37,107176.96671597098,138714.7964866595,0,legitimate_transfer,5,9,7,10,7
TX_GRAPH_000176,ACC_00228,ACC_00231,11.09,172945.7419731751,51175.28601437045,0,legitimate_transfer,6,10,10,9,9
TX_GRAPH_000177,ACC_00054,ACC_00197,211.43,165632.04875981333,117568.55957717498,0,legitimate_transfer,5,5,5,6,5
TX_GRAPH_000178,ACC_00253,ACC_00269,58.03,155525.48501426808,247592.8522681593,0,legitimate_transfer,6,9,5,4,4
TX_GRAPH_000179,ACC_00467,ACC_00011,44.94,136450.7990937624,23458.263051280344,0,legitimate_transfer,7,9,6,6,6
TX_GRAPH_000180,ACC_00453,ACC_00324,34.85,162805.77155854853,245923.96954375308,0,legitimate_transfer,4,3,10,11,10
TX_GRAPH_000181,ACC_00399,ACC_00147,70.91,124191.26695850861,253040.22327608892,0,legitimate_transfer,4,6,9,7,7
TX_GRAPH_000182,ACC_00051,ACC_00037,65.17,158285.4813078114,158637.0747845224,0,legitimate_transfer,4,7,7,6,6
TX_GRAPH_000183,ACC_00218,ACC_00084,126.88,30079.261347667052,254829.2380309841,0,legitimate_transfer,6,6,2,3,2
TX_GRAPH_000184,ACC_00070,ACC_00491,17.92,164977.7672998752,248851.18474776228,0,legitimate_transfer,3,8,9,3,3
TX_GRAPH_000185,ACC_00082,ACC_00444,121.26,216533.31231467312,17328.28365629214,0,legitimate_transfer,5,4,6,3,3
TX_GRAPH_000186,ACC_00042,ACC_00015,32.36,158933.9057889263,93569.45586616325,0,legitimate_transfer,7,6,4,7,4
TX_GRAPH_000187,ACC_00129,ACC_00116,63.32,101143.45028153468,96516.11995255765,0,legitimate_transfer,6,5,7,4,4
TX_GRAPH_000188,ACC_00009,ACC_00193,45.13,228096.54277616937,169845.2842886227,0,legitimate_transfer,9,3,6,4,4
TX_GRAPH_000189,ACC_00278,ACC_00108,16.2,75245.69817948875,162767.98458773,0,legitimate_transfer,4,2,1,7,1
TX_GRAPH_000190,ACC_00405,ACC_00071,43.26,198377.83373929161,49697.07434067346,0,legitimate_transfer,2,6,4,8,4
TX_GRAPH_000191,ACC_00053,ACC_00058,83.53,149106.97444326567,40758.62804177529,0,legitimate_transfer,7,9,7,6,6
TX_GRAPH_000192,ACC_00361,ACC_00393,57.9,26369.53114862559,225902.09492159766,0,legitimate_transfer,2,5,7,6,6
TX_GRAPH_000193,ACC_00337,ACC_00080,22.08,167723.53098577182,213579.51935065218,0,legitimate_transfer,6,7,5,1,1
TX_GRAPH_000194,ACC_00174,ACC_00119,24.36,159243.38200870663,93098.96685945084,0,legitimate_transfer,1,8,6,6,6
TX_GRAPH_000195,ACC_00126,ACC_00383,48.86,121332.78699564669,39878.931626955266,0,legitimate_transfer,12,7,4,6,4
TX_GRAPH_000196,ACC_00285,ACC_00222,40.06,39561.13000912791,15836.141702780395,0,legitimate_transfer,11,5,4,7,4
TX_GRAPH_000197,ACC_00339,ACC_00428,201.26,171729.96557081118,5648.087350624421,0,legitimate_transfer,4,2,3,3,3
TX_GRAPH_000198,ACC_00404,ACC_00232,10.94,178609.94715934404,76585.72579901856,0,legitimate_transfer,4,3,4,5,4
TX_GRAPH_000199,ACC_00315,ACC_00484,56.03,258912.47362155616,205019.80865187777,0,legitimate_transfer,3,3,8,6,6
TX_GRAPH_000200,ACC_00387,ACC_00096,15.72,22055.098272990777,92033.6929090679,0,legitimate_transfer,4,9,2,8,2
TX_GRAPH_000201,ACC_00179,ACC_00395,26.24,37751.51886721476,173566.24390818682,0,legitimate_transfer,7,6,3,2,2
TX_GRAPH_000202,ACC_00312,ACC_00040,8.06,90080.70655972113,121530.41393091607,0,legitimate_transfer,5,5,2,6,2
TX_GRAPH_000203,ACC_00418,ACC_00145,64.37,181894.77634434553,63028.91040119364,0,legitimate_transfer,6,6,5,6,5
TX_GRAPH_000204,ACC_00313,ACC_00498,103.02,83354.18461589715,55772.27944743778,0,legitimate_transfer,6,8,7,3,3
TX_GRAPH_000205,ACC_00132,ACC_00289,106.31,237673.2481356977,166331.00909878116,0,legitimate_transfer,9,4,8,6,6
TX_GRAPH_000206,ACC_00381,ACC_00306,375.82,231678.28445629467,73696.24569175665,0,legitimate_transfer,7,2,1,5,1
TX_GRAPH_000207,ACC_00313,ACC_00110,125.64,256240.2044141908,46745.158350865524,0,legitimate_transfer,6,8,4,6,4
TX_GRAPH_000208,ACC_00455,ACC_00252,14.72,57917.26223123801,143220.19093504586,0,legitimate_transfer,2,8,7,2,2
TX_GRAPH_000209,ACC_00331,ACC_00222,22.96,194767.7807910991,237336.31918241203,0,legitimate_transfer,5,4,4,7,4
TX_GRAPH_000210,ACC_00373,ACC_00100,39.98,73921.86865331614,104392.40692747681,0,legitimate_transfer,2,7,5,4,4
TX_GRAPH_000211,ACC_00343,ACC_00440,65.82,202814.32533440742,225820.3950710564,0,legitimate_transfer,5,3,6,4,4
TX_GRAPH_000212,ACC_00029,ACC_00015,54.88,186190.18592136554,53579.003884280275,0,legitimate_transfer,8,7,4,7,4
TX_GRAPH_000213,ACC_00160,ACC_00370,23.55,208667.41657368824,101745.18894758329,0,legitimate_transfer,3,6,8,6,6
TX_GRAPH_000214,ACC_00093,ACC_00094,78.38,5688.253147598008,26354.232646948563,0,legitimate_transfer,6,6,6,5,5
TX_GRAPH_000215,ACC_00364,ACC_00394,17.88,95193.06916735586,144550.9150404431,0,legitimate_transfer,4,5,3,5,3
TX_GRAPH_000216,ACC_00015,ACC_00018,25.94,185499.60376981698,5936.272061308601,0,legitimate_transfer,4,7,8,4,4
TX_GRAPH_000217,ACC_00218,ACC_00077,27.85,155676.94017711002,119342.71827923729,0,legitimate_transfer,6,6,5,2,2
TX_GRAPH_000218,ACC_00376,ACC_00286,21.84,185291.56659844183,189728.89999030207,0,legitimate_transfer,3,5,9,6,6
TX_GRAPH_000219,ACC_00432,ACC_00248,26.93,80867.34358082488,219653.84075224504,0,legitimate_transfer,4,4,7,2,2
TX_GRAPH_000220,ACC_00308,ACC_00184,171.65,228617.5414247221,142392.48969068058,0,legitimate_transfer,7,6,4,6,4
TX_GRAPH_000221,ACC_00147,ACC_00255,15.98,124071.89949078948,56968.23831953273,0,legitimate_transfer,9,7,7,4,4
TX_GRAPH_000222,ACC_00155,ACC_00044,41.01,37336.14083710566,172905.081015758,0,legitimate_transfer,8,3,3,8,3
TX_GRAPH_000223,ACC_00415,ACC_00127,15.14,222507.4539125265,49160.832136845,0,legitimate_transfer,4,3,9,2,2
TX_GRAPH_000224,ACC_00363,ACC_00460,21.44,22045.12384986808,10566.409284750758,0,legitimate_transfer,2,7,7,6,6
TX_GRAPH_000225,ACC_00098,ACC_00137,89.32,151685.33437499154,179479.90704303962,0,legitimate_transfer,5,5,7,6,6
TX_GRAPH_000226,ACC_00480,ACC_00009,18.88,95672.94065519559,124695.96248760079,0,legitimate_transfer,5,7,9,3,3
TX_GRAPH_000227,ACC_00171,ACC_00468,13.73,197105.98850381584,70825.40505618541,0,legitimate_transfer,7,6,9,4,4
TX_GRAPH_000228,ACC_00405,ACC_00394,68.87,243257.47881476206,119269.71995705919,0,legitimate_transfer,2,6,3,5,3
TX_GRAPH_000229,ACC_00261,ACC_00159,18.92,28726.073549883025,173560.9162851923,0,legitimate_transfer,2,14,7,7,7
TX_GRAPH_000230,ACC_00374,ACC_00192,6.45,161484.14154674875,9836.518238702323,0,legitimate_transfer,2,6,14,7,7
TX_GRAPH_000231,ACC_00171,ACC_00092,31.4,57587.19769207814,229789.5988783196,0,legitimate_transfer,7,6,5,5,5
TX_GRAPH_000232,ACC_00214,ACC_00430,58.38,206139.77535596708,138050.67472180852,0,legitimate_transfer,8,5,5,9,5
TX_GRAPH_000233,ACC_00340,ACC_00209,13.3,211256.0038200272,7726.751598194233,0,legitimate_transfer,10,8,4,2,2
TX_GRAPH_000234,ACC_00486,ACC_00452,45.68,251992.5821164228,161725.5069606249,0,legitimate_transfer,4,9,8,4,4
TX_GRAPH_000235,ACC_00048,ACC_00140,165.09,88391.59529089212,222587.85921203982,0,legitimate_transfer,3,4,2,4,2
TX_GRAPH_000236,ACC_00272,ACC_00160,206.32,254710.47267602614,216643.77962520346,0,legitimate_transfer,5,2,3,6,3
TX_GRAPH_000237,ACC_00184,ACC_00113,172.16,112852.99726457777,160947.97837667097,0,legitimate_transfer,4,6,5,2,2
TX_GRAPH_000238,ACC_00317,ACC_00003,76.45,94111.13459692204,215030.35297831596,0,legitimate_transfer,7,6,5,5,5
TX_GRAPH_000239,ACC_00066,ACC_00208,100.96,90107.79284632938,253565.9088378411,0,legitimate_transfer,7,7,11,1,1
TX_GRAPH_000240,ACC_00324,ACC_00151,101.36,155734.5104722935,163250.07796801956,0,legitimate_transfer,10,11,9,3,3
TX_GRAPH_000241,ACC_00003,ACC_00489,99.72,21948.454269898724,34259.0130060548,0,legitimate_transfer,5,5,6,6,6
TX_GRAPH_000242,ACC_00197,ACC_00362,376.22,97334.4640021811,233498.83502998526,0,legitimate_transfer,5,6,6,7,6
TX_GRAPH_000243,ACC_00291,ACC_00284,65.63,236097.1462832774,88769.06823349187,0,legitimate_transfer,3,3,2,5,2
TX_GRAPH_000244,ACC_00146,ACC_00193,57.97,249185.68846260774,86783.44965062263,0,legitimate_transfer,7,3,6,4,4
TX_GRAPH_000245,ACC_00200,ACC_00101,57.15,190322.36806832836,190286.52022584583,0,legitimate_transfer,3,7,3,6,3
TX_GRAPH_000246,ACC_00017,ACC_00161,54.44,211221.56675286847,111942.76165321197,0,legitimate_transfer,5,7,7,6,6
TX_GRAPH_000247,ACC_00456,ACC_00493,11.09,34853.60361527117,241345.9486230655,0,legitimate_transfer,3,6,3,3,3
TX_GRAPH_000248,ACC_00332,ACC_00340,400.7,179489.58526570234,165493.30559058627,0,legitimate_transfer,6,6,10,8,8
TX_GRAPH_000249,ACC_00289,ACC_00366,18.1,98584.50043355566,225224.77109249774,0,legitimate_transfer,8,6,8,9,8
TX_GRAPH_000250,ACC_00220,ACC_00461,91.99,6674.857662759348,89341.12896234346,0,legitimate_transfer,2,8,6,2,2
TX_GRAPH_000251,ACC_00378,ACC_00088,29.33,111438.37716308054,7545.049317301246,0,legitimate_transfer,7,10,8,10,8
TX_GRAPH_000252,ACC_00090,ACC_00395,50.22,188305.20915711,86330.95357381261,0,legitimate_transfer,10,6,3,2,2
TX_GRAPH_000253,ACC_00358,ACC_00348,56.1,14577.591894160902,207407.1856892435,0,legitimate_transfer,10,10,7,3,3
TX_GRAPH_000254,ACC_00156,ACC_00426,40.13,189904.07625769387,160528.9908315087,0,legitimate_transfer,6,10,3,7,3
TX_GRAPH_000255,ACC_00459,ACC_00262,33.62,4886.284108553329,214882.0927588753,0,legitimate_transfer,8,7,4,5,4
TX_GRAPH_000256,ACC_00262,ACC_00126,91.49,178193.07009179908,22007.681989858982,0,legitimate_transfer,4,5,12,7,7
TX_GRAPH_000257,ACC_00088,ACC_00454,19.51,231353.42278931985,139162.78786221537,0,legitimate_transfer,8,10,5,6,5
TX_GRAPH_000258,ACC_00242,ACC_00234,33.72,46032.496218893844,75676.49930772829,0,legitimate_transfer,5,4,6,4,4
TX_GRAPH_000259,ACC_00219,ACC_00053,40.17,254853.2141264535,83532.72419127049,0,legitimate_transfer,5,9,7,9,7
TX_GRAPH_000260,ACC_00310,ACC_00478,24.99,186065.23054564354,70771.45716094019,0,legitimate_transfer,8,9,8,4,4
TX_GRAPH_000261,ACC_00296,ACC_00176,123.83,100870.48122886078,240621.30331771018,0,legitimate_transfer,4,9,5,8,5
TX_GRAPH_000262,ACC_00264,ACC_00479,77.93,208351.2661623805,55582.23352374387,0,legitimate_transfer,3,7,4,4,4
TX_GRAPH_000263,ACC_00484,ACC_00207,55.72,190463.6942239981,183105.13712209804,0,legitimate_transfer,8,6,7,6,6
TX_GRAPH_000264,ACC_00491,ACC_00312,88.19,167019.00102819077,12134.444336493105,0,legitimate_transfer,9,3,5,5,5
TX_GRAPH_000265,ACC_00350,ACC_00042,27.64,90840.58305715729,83906.28100945233,0,legitimate_transfer,6,6,7,6,6
TX_GRAPH_000266,ACC_00412,ACC_00231,121.74,113094.74329666782,100865.76784605144,0,legitimate_transfer,3,6,10,9,9
TX_GRAPH_000267,ACC_00174,ACC_00266,69.21,180564.84592471068,201815.24764630327,0,legitimate_transfer,1,8,5,5,5
TX_GRAPH_000268,ACC_00267,ACC_00089,61.61,214543.0399040603,96100.2442887219,0,legitimate_transfer,5,7,4,2,2
TX_GRAPH_000269,ACC_00374,ACC_00469,32.1,81235.24499092723,147056.00302786997,0,legitimate_transfer,2,6,4,7,4
TX_GRAPH_000270,ACC_00496,ACC_00047,30.63,57594.47764475792,184378.72729229555,0,legitimate_transfer,4,5,5,5,5
TX_GRAPH_000271,ACC_00479,ACC_00103,128.51,238163.3963703197,21063.22986810603,0,legitimate_transfer,4,4,11,5,5
TX_GRAPH_000272,ACC_00488,ACC_00423,69.24,141237.7201064986,137837.82292064035,0,legitimate_transfer,5,7,6,4,4
TX_GRAPH_000273,ACC_00248,ACC_00116,43.15,232412.11434341295,163780.98388158454,0,legitimate_transfer,7,2,7,4,4
TX_GRAPH_000274,ACC_00094,ACC_00480,15.11,71450.41828146474,38201.348827004564,0,legitimate_transfer,6,5,5,7,5
TX_GRAPH_000275,ACC_00375,ACC_00148,114.36,134819.42691201513,65994.3760724509,0,legitimate_transfer,3,6,9,5,5
TX_GRAPH_000276,ACC_00020,ACC_00315,12.81,168458.9961108183,32394.203308764092,0,legitimate_transfer,2,5,3,3,3
TX_GRAPH_000277,ACC_00287,ACC_00150,15.07,17169.671562364016,6151.052220127358,0,legitimate_transfer,4,6,3,1,1
TX_GRAPH_000278,ACC_00264,ACC_00203,75.59,147990.01195406236,163829.51022089465,0,legitimate_transfer,3,7,9,4,4
TX_GRAPH_000279,ACC_00158,ACC_00302,155.74,103947.12782145449,111531.46541204315,0,legitimate_transfer,4,9,8,5,5
TX_GRAPH_000280,ACC_00017,ACC_00273,67.36,124663.91462255508,101584.07689939499,0,legitimate_transfer,5,7,9,4,4
TX_GRAPH_000281,ACC_00431,ACC_00422,42.69,82827.5091720372,87985.84540056609,0,legitimate_transfer,6,5,9,3,3
TX_GRAPH_000282,ACC_00383,ACC_00199,50.35,230117.72785369254,22688.33989194772,0,legitimate_transfer,4,6,2,4,2
TX_GRAPH_000283,ACC_00100,ACC_00206,133.4,175628.6617629703,246323.4177467527,0,legitimate_transfer,5,4,8,8,8
TX_GRAPH_000284,ACC_00011,ACC_00116,45.57,147653.57235227796,187969.63399539128,0,legitimate_transfer,6,6,7,4,4
TX_GRAPH_000285,ACC_00146,ACC_00445,39.8,139152.0810127588,123002.4004337026,0,legitimate_transfer,7,3,7,9,7
TX_GRAPH_000286,ACC_00304,ACC_00024,75.26,3315.7588033591196,149686.74231551343,0,legitimate_transfer,6,10,12,9,9
TX_GRAPH_000287,ACC_00483,ACC_00432,42.29,1590.766923617584,155802.69084722197,0,legitimate_transfer,6,7,4,4,4
TX_GRAPH_000288,ACC_00126,ACC_00342,32.46,229806.3836663682,245137.07691524396,0,legitimate_transfer,12,7,3,6,3
TX_GRAPH_000289,ACC_00463,ACC_00465,162.52,51032.37201555057,245523.60492550774,0,legitimate_transfer,9,6,2,3,2
TX_GRAPH_000290,ACC_00260,ACC_00366,108.92,46777.19473167105,132777.84184633158,0,legitimate_transfer,8,6,8,9,8
TX_GRAPH_000291,ACC_00111,ACC_00188,14.09,37857.01967926437,249334.1961144391,0,legitimate_transfer,8,9,6,3,3
TX_GRAPH_000292,ACC_00454,ACC_00448,41.22,134168.37606467758,167645.6461560391,0,legitimate_transfer,5,6,4,10,4
TX_GRAPH_000293,ACC_00067,ACC_00453,18.98,12837.267587730237,209123.6771296996,0,legitimate_transfer,7,7,4,3,3
TX_GRAPH_000294,ACC_00067,ACC_00078,20.79,102673.21312749686,79098.5049048615,0,legitimate_transfer,7,7,5,1,1
TX_GRAPH_000295,ACC_00185,ACC_00069,73.28,55412.14616877505,156459.3991503129,0,legitimate_transfer,10,8,5,7,5
TX_GRAPH_000296,ACC_00495,ACC_00356,18.2,51353.389941811736,69397.47107845693,0,legitimate_transfer,5,5,6,11,6
TX_GRAPH_000297,ACC_00405,ACC_00177,27.38,173617.69436235333,172703.55926600887,0,legitimate_transfer,2,6,2,6,2
TX_GRAPH_000298,ACC_00226,ACC_00384,49.67,48226.19572483225,113666.5507490737,0,legitimate_transfer,7,4,4,3,3
TX_GRAPH_000299,ACC_00135,ACC_00260,119.36,211681.91802841434,233210.99710091072,0,legitimate_transfer,4,3,8,6,6
TX_GRAPH_000300,ACC_00002,ACC_00058,44.85,41804.25235330493,254974.06825411387,0,legitimate_transfer,5,5,7,6,6
TX_GRAPH_000301,ACC_00181,ACC_00054,36.87,240380.97078291906,131564.68795629652,0,legitimate_transfer,5,9,5,5,5
TX_GRAPH_000302,ACC_00140,ACC_00092,36.58,156692.359774964,80374.7755091018,0,legitimate_transfer,2,4,5,5,5
TX_GRAPH_000303,ACC_00356,ACC_00395,65.2,33923.48320930662,102689.20416525757,0,legitimate_transfer,6,11,3,2,2
TX_GRAPH_000304,ACC_00430,ACC_00431,81.82,120441.61553518206,43822.77110240916,0,legitimate_transfer,5,9,6,5,5
TX_GRAPH_000305,ACC_00256,ACC_00294,268.63,11941.605419377702,41641.75491901462,0,legitimate_transfer,2,4,6,4,4
TX_GRAPH_000306,ACC_00126,ACC_00043,583.53,185100.71664758693,149972.88896146428,0,legitimate_transfer,12,7,6,6,6
TX_GRAPH_000307,ACC_00260,ACC_00216,26.15,253935.59082274776,78229.926531307,0,legitimate_transfer,8,6,9,5,5
TX_GRAPH_000308,ACC_00485,ACC_00270,59.64,228922.24065931785,29374.683113945735,0,legitimate_transfer,6,3,5,6,5
TX_GRAPH_000309,ACC_00143,ACC_00028,270.27,191089.83632582935,226888.88755814434,0,legitimate_transfer,7,5,7,6,6
TX_GRAPH_000310,ACC_00172,ACC_00111,91.14,81560.46433242163,183940.92322305188,0,legitimate_transfer,8,6,8,9,8
TX_GRAPH_000311,ACC_00174,ACC_00406,6.61,192539.07534099554,249627.80869663937,0,legitimate_transfer,1,8,6,5,5
TX_GRAPH_000312,ACC_00366,ACC_00126,73.68,222853.04922072976,60840.718715742856,0,legitimate_transfer,8,9,12,7,7
TX_GRAPH_000313,ACC_00345,ACC_00368,131.48,63782.66316103928,243603.54918381717,0,legitimate_transfer,5,5,5,1,1
TX_GRAPH_000314,ACC_00357,ACC_00318,80.3,206821.88318594496,187362.40267309797,0,legitimate_transfer,4,6,8,7,7
TX_GRAPH_000315,ACC_00033,ACC_00479,38.56,193257.77892609301,111546.55409748603,0,legitimate_transfer,7,9,4,4,4
TX_GRAPH_000316,ACC_00251,ACC_00009,114.22,64762.17563982775,103848.94142987758,0,legitimate_transfer,7,2,9,3,3
TX_GRAPH_000317,ACC_00163,ACC_00394,22.68,231240.4308017589,231292.86082863278,0,legitimate_transfer,3,7,3,5,3
TX_GRAPH_000318,ACC_00252,ACC_00468,68.45,78908.52903534558,190590.48467009317,0,legitimate_transfer,7,2,9,4,4
TX_GRAPH_000319,ACC_00204,ACC_00279,131.28,227951.7980300803,112740.36097492214,0,legitimate_transfer,4,5,6,7,6
TX_GRAPH_000320,ACC_00010,ACC_00030,33.04,142865.20696059364,202172.22903532238,0,legitimate_transfer,6,3,6,3,3
TX_GRAPH_000321,ACC_00374,ACC_00275,59.2,120170.39085854296,107341.1175852275,0,legitimate_transfer,2,6,6,8,6
TX_GRAPH_000322,ACC_00203,ACC_00447,13.93,69063.34621347654,13680.59271215948,0,legitimate_transfer,9,4,5,5,5
TX_GRAPH_000323,ACC_00156,ACC_00448,179.91,67864.91824709087,102566.16438636908,0,legitimate_transfer,6,10,4,10,4
TX_GRAPH_000324,ACC_00275,ACC_00328,73.91,149992.0906518836,213310.43900968207,0,legitimate_transfer,6,8,2,5,2
TX_GRAPH_000325,ACC_00003,ACC_00166,38.96,68329.4839621068,47496.9944966762,0,legitimate_transfer,5,5,6,5,5
TX_GRAPH_000326,ACC_00021,ACC_00123,45.1,118109.96854073775,141455.6535024255,0,legitimate_transfer,7,7,6,5,5
TX_GRAPH_000327,ACC_00361,ACC_00330,63.49,115968.5086500353,16488.552903098207,0,legitimate_transfer,2,5,4,8,4
TX_GRAPH_000328,ACC_00448,ACC_00272,29.64,227137.20196825694,50435.12361718042,0,legitimate_transfer,4,10,5,2,2
TX_GRAPH_000329,ACC_00087,ACC_00172,134.01,235636.7628558419,37369.05462267845,0,legitimate_transfer,6,9,8,6,6
TX_GRAPH_000330,ACC_00450,ACC_00430,31.2,74141.9091013866,231348.96057462326,0,legitimate_transfer,8,8,5,9,5
TX_GRAPH_000331,ACC_00393,ACC_00316,65.06,172537.69980286225,85081.43396806269,0,legitimate_transfer,7,6,5,7,5
TX_GRAPH_000332,ACC_00088,ACC_00376,48.62,8465.461256141822,215390.82700026102,0,legitimate_transfer,8,10,3,5,3
TX_GRAPH_000333,ACC_00021,ACC_00352,87.07,223280.62361311296,215770.8600351621,0,legitimate_transfer,7,7,7,1,1
TX_GRAPH_000334,ACC_00419,ACC_00104,70.07,18916.605103324724,83143.90388163246,0,legitimate_transfer,6,11,6,2,2
TX_GRAPH_000335,ACC_00471,ACC_00296,31.24,63416.376813059316,46535.45766733852,0,legitimate_transfer,4,8,4,9,4
TX_GRAPH_000336,ACC_00187,ACC_00162,101.27,219740.72403430953,29582.77414010243,0,legitimate_transfer,4,7,8,2,2
TX_GRAPH_000337,ACC_00169,ACC_00464,57.81,179627.75514011036,230260.29148564846,0,legitimate_transfer,5,8,4,5,4
TX_GRAPH_000338,ACC_00027,ACC_00413,33.18,73675.51378531507,55506.46147804402,0,legitimate_transfer,4,5,7,7,7
TX_GRAPH_000339,ACC_00449,ACC_00150,79.47,79297.02406145734,198153.149880142,0,legitimate_transfer,6,7,3,1,1
TX_GRAPH_000340,ACC_00209,ACC_00141,46.26,96373.18946704194,39938.025287122335,0,legitimate_transfer,4,2,5,7,5
TX_GRAPH_000341,ACC_00332,ACC_00119,65.14,238958.19500568084,230035.10108897244,0,legitimate_transfer,6,6,6,6,6
TX_GRAPH_000342,ACC_00056,ACC_00137,134.21,193184.3784668749,254153.25127464623,0,legitimate_transfer,10,4,7,6,6
TX_GRAPH_000343,ACC_00057,ACC_00240,74.11,145960.89523812532,111505.40062257834,0,legitimate_transfer,5,2,4,2,2
TX_GRAPH_000344,ACC_00468,ACC_00125,60.07,186119.4951889295,59129.263832281526,0,legitimate_transfer,9,4,4,4,4
TX_GRAPH_000345,ACC_00287,ACC_00200,12.74,108038.68044147168,86325.34646980562,0,legitimate_transfer,4,6,3,7,3
TX_GRAPH_000346,ACC_00450,ACC_00009,41.1,195101.70376036098,38076.57666876442,0,legitimate_transfer,8,8,9,3,3
TX_GRAPH_000347,ACC_00327,ACC_00215,25.45,67399.03348498559,98924.2680158333,0,legitimate_transfer,4,13,4,2,2
TX_GRAPH_000348,ACC_00467,ACC_00427,30.32,183032.23274400042,225640.7518981499,0,legitimate_transfer,7,9,6,4,4
TX_GRAPH_000349,ACC_00334,ACC_00354,78.98,149237.34526972726,127044.14235795003,0,legitimate_transfer,5,5,5,5,5
TX_GRAPH_000350,ACC_00419,ACC_00137,120.92,138519.74845047115,111539.03969804074,0,legitimate_transfer,6,11,7,6,6
TX_GRAPH_000351,ACC_00337,ACC_00094,21.78,53587.7438210914,70418.73561049107,0,legitimate_transfer,6,7,6,5,5
TX_GRAPH_000352,ACC_00267,ACC_00417,17.9,86743.96238419863,180154.54155626966,0,legitimate_transfer,5,7,5,8,5
TX_GRAPH_000353,ACC_00443,ACC_00218,32.65,243470.02833230986,29184.135462238017,0,legitimate_transfer,8,4,6,6,6
TX_GRAPH_000354,ACC_00472,ACC_00224,133.7,30086.85484452118,144761.2115945113,0,legitimate_transfer,6,7,4,5,4
TX_GRAPH_000355,ACC_00325,ACC_00286,48.97,199339.61565876182,146194.8128709469,0,legitimate_transfer,4,9,9,6,6
TX_GRAPH_000356,ACC_00147,ACC_00417,36.03,13116.739556557188,8468.117918015418,0,legitimate_transfer,9,7,5,8,5
TX_GRAPH_000357,ACC_00475,ACC_00309,105.01,167621.88972456922,23426.878226428358,0,legitimate_transfer,5,6,6,9,6
TX_GRAPH_000358,ACC_00356,ACC_00271,53.13,158362.7810281718,192758.77018102794,0,legitimate_transfer,6,11,6,7,6
TX_GRAPH_000359,ACC_00326,ACC_00430,119.61,128904.07321960498,201532.17743098928,0,legitimate_transfer,5,9,5,9,5
TX_GRAPH_000360,ACC_00243,ACC_00465,33.83,46325.28800102038,70738.5388207076,0,legitimate_transfer,6,8,2,3,2
TX_GRAPH_000361,ACC_00200,ACC_00218,83.79,99539.87940173937,91589.23756142761,0,legitimate_transfer,3,7,6,6,6
TX_GRAPH_000362,ACC_00379,ACC_00063,45.89,206526.78022528323,5400.726365973696,0,legitimate_transfer,6,9,4,4,4
TX_GRAPH_000363,ACC_00076,ACC_00039,17.01,196446.80299807852,39610.704698123016,0,legitimate_transfer,5,3,2,8,2
TX_GRAPH_000364,ACC_00173,ACC_00307,24.48,181140.15260100964,250233.60793425963,0,legitimate_transfer,3,9,6,3,3
TX_GRAPH_000365,ACC_00358,ACC_00014,37.56,111666.03381638815,43263.67446023634,0,legitimate_transfer,10,10,7,6,6
TX_GRAPH_000366,ACC_00153,ACC_00279,208.69,167693.73685264154,158319.10266315332,0,legitimate_transfer,4,8,6,7,6
TX_GRAPH_000367,ACC_00437,ACC_00485,15.46,78049.4667771847,78905.08188327211,0,legitimate_transfer,5,3,6,3,3
TX_GRAPH_000368,ACC_00202,ACC_00176,152.77,230228.59246635038,163567.23553823595,0,legitimate_transfer,1,8,5,8,5
TX_GRAPH_000369,ACC_00237,ACC_00201,9.37,193869.26819949917,90037.91424191392,0,legitimate_transfer,4,3,5,4,4
TX_GRAPH_000370,ACC_00457,ACC_00060,32.3,150486.54927468378,128944.80664289118,0,legitimate_transfer,5,4,3,4,3
TX_GRAPH_000371,ACC_00261,ACC_00327,21.72,189302.37963435994,142021.72330130104,0,legitimate_transfer,2,14,4,13,4
TX_GRAPH_000372,ACC_00035,ACC_00282,28.42,7601.554442127325,71254.59854619643,0,legitimate_transfer,4,7,4,8,4
TX_GRAPH_000373,ACC_00467,ACC_00118,74.28,72833.86636366577,29762.510402822765,0,legitimate_transfer,7,9,3,9,3
TX_GRAPH_000374,ACC_00320,ACC_00276,130.36,142943.5873307335,253106.426484348,0,legitimate_transfer,7,5,4,5,4
TX_GRAPH_000375,ACC_00482,ACC_00346,109.99,75534.38873728263,114815.29769767539,0,legitimate_transfer,3,7,4,5,4
TX_GRAPH_000376,ACC_00258,ACC_00388,22.72,250422.57256688955,45767.86862780161,0,legitimate_transfer,3,6,8,4,4
TX_GRAPH_000377,ACC_00300,ACC_00168,42.05,65917.52842443883,225284.17217437073,0,legitimate_transfer,4,5,6,4,4
TX_GRAPH_000378,ACC_00107,ACC_00430,25.88,251975.68357697982,94328.47990738103,0,legitimate_transfer,5,6,5,9,5
TX_GRAPH_000379,ACC_00015,ACC_00446,35.13,40964.63337142733,180049.02244923208,0,legitimate_transfer,4,7,5,6,5
TX_GRAPH_000380,ACC_00292,ACC_00134,71.84,4149.539764390978,215396.74638110524,0,legitimate_transfer,6,6,6,6,6
TX_GRAPH_000381,ACC_00328,ACC_00033,20.79,253615.6557878155,247129.26942614708,0,legitimate_transfer,2,5,7,9,7
TX_GRAPH_000382,ACC_00073,ACC_00318,23.23,228646.20936421218,170344.29137799732,0,legitimate_transfer,5,4,8,7,7
TX_GRAPH_000383,ACC_00438,ACC_00146,63.0,210916.99486865086,45880.64134884138,0,legitimate_transfer,6,4,7,3,3
TX_GRAPH_000384,ACC_00222,ACC_00072,87.51,25886.731232035065,167661.37810824494,0,legitimate_transfer,4,7,8,1,1
TX_GRAPH_000385,ACC_00014,ACC_00021,59.65,231952.26796331545,71160.13541855443,0,legitimate_transfer,7,6,7,7,7
TX_GRAPH_000386,ACC_00087,ACC_00221,80.1,1866.7702600013663,238253.46285267052,0,legitimate_transfer,6,9,6,7,6
TX_GRAPH_000387,ACC_00026,ACC_00102,43.85,65506.344026172774,115324.37902405082,0,legitimate_transfer,5,4,4,3,3
TX_GRAPH_000388,ACC_00236,ACC_00269,37.19,238873.8514744059,22376.438355350718,0,legitimate_transfer,3,6,5,4,4
TX_GRAPH_000389,ACC_00143,ACC_00089,87.36,53417.20769470204,41555.10701663383,0,legitimate_transfer,7,5,4,2,2
TX_GRAPH_000390,ACC_00112,ACC_00192,146.77,40633.82682602169,192823.4470134545,0,legitimate_transfer,3,3,14,7,7
TX_GRAPH_000391,ACC_00156,ACC_00357,37.64,78204.09018101521,104569.93428662435,0,legitimate_transfer,6,10,4,6,4
TX_GRAPH_000392,ACC_00198,ACC_00021,7.37,188489.06956153514,257767.8993127447,0,legitimate_transfer,5,8,7,7,7
TX_GRAPH_000393,ACC_00041,ACC_00286,133.64,124969.01200788672,20792.219744357775,0,legitimate_transfer,6,7,9,6,6
TX_GRAPH_000394,ACC_00425,ACC_00316,86.25,28275.81442763964,21269.692081177414,0,legitimate_transfer,6,7,5,7,5
TX_GRAPH_000395,ACC_00194,ACC_00384,46.8,204825.24802801324,175570.34604536998,0,legitimate_transfer,4,3,4,3,3
TX_GRAPH_000396,ACC_00295,ACC_00155,106.97,32522.269131700075,64433.301910808084,0,legitimate_transfer,6,4,8,3,3
TX_GRAPH_000397,ACC_00051,ACC_00231,69.83,160123.30348472454,40095.30973643455,0,legitimate_transfer,4,7,10,9,9
TX_GRAPH_000398,ACC_00410,ACC_00196,95.83,65522.33831182147,150402.82976259434,0,legitimate_transfer,3,8,2,5,2
TX_GRAPH_000399,ACC_00328,ACC_00268,17.53,562.795849631804,41021.93740935648,0,legitimate_transfer,2,5,8,7,7
TX_GRAPH_000400,ACC_00068,ACC_00443,192.27,254409.9446970622,99679.77041050601,0,legitimate_transfer,7,7,8,4,4
TX_GRAPH_000401,ACC_00068,ACC_00085,251.91,24735.815920990877,30331.551960189703,0,legitimate_transfer,7,7,4,5,4
TX_GRAPH_000402,ACC_00036,ACC_00192,81.96,52171.02716334127,253265.0128460921,0,legitimate_transfer,3,7,14,7,7
TX_GRAPH_000403,ACC_00488,ACC_00198,51.22,76318.39251586425,258417.12501766122,0,legitimate_transfer,5,7,5,8,5
TX_GRAPH_000404,ACC_00433,ACC_00017,30.06,159634.43308609133,73070.63497892347,0,legitimate_transfer,3,5,5,7,5
TX_GRAPH_000405,ACC_00043,ACC_00166,55.4,27424.157226881416,122306.00882012448,0,legitimate_transfer,6,6,6,5,5
TX_GRAPH_000406,ACC_00317,ACC_00397,137.58,72446.48773096535,165603.332722766,0,legitimate_transfer,7,6,8,5,5
TX_GRAPH_000407,ACC_00402,ACC_00192,55.72,22902.22447557963,164576.0123525594,0,legitimate_transfer,3,4,14,7,7
TX_GRAPH_000408,ACC_00323,ACC_00381,37.37,104498.18785626667,225364.19529120118,0,legitimate_transfer,5,2,7,2,2
TX_GRAPH_000409,ACC_00145,ACC_00029,216.36,51267.887221037585,222142.58083770348,0,legitimate_transfer,5,6,8,7,7
TX_GRAPH_000410,ACC_00303,ACC_00000,189.68,186329.5305166658,57651.931051835774,0,legitimate_transfer,4,7,3,5,3
TX_GRAPH_000411,ACC_00435,ACC_00275,161.76,53740.95517857268,217040.06252407873,0,legitimate_transfer,5,10,6,8,6
TX_GRAPH_000412,ACC_00088,ACC_00371,30.75,22870.856756948742,229220.99514700804,0,legitimate_transfer,8,10,3,8,3
TX_GRAPH_000413,ACC_00353,ACC_00168,21.49,171564.31512048905,52411.75123748155,0,legitimate_transfer,7,4,6,4,4
TX_GRAPH_000414,ACC_00253,ACC_00129,70.72,33244.50697388713,130974.06927082337,0,legitimate_transfer,6,9,6,5,5
TX_GRAPH_000415,ACC_00050,ACC_00287,70.61,30210.03584179426,61009.33527297653,0,legitimate_transfer,4,9,4,6,4
TX_GRAPH_000416,ACC_00331,ACC_00152,76.27,71000.32710998374,250791.6058851746,0,legitimate_transfer,5,4,4,2,2
TX_GRAPH_000417,ACC_00388,ACC_00136,70.17,181966.89019283096,155022.72169244656,0,legitimate_transfer,8,4,10,5,5
TX_GRAPH_000418,ACC_00467,ACC_00172,135.62,158449.2735624029,86470.52497213516,0,legitimate_transfer,7,9,8,6,6
TX_GRAPH_000419,ACC_00450,ACC_00201,12.71,103250.49313797969,76393.83401619503,0,legitimate_transfer,8,8,5,4,4
TX_GRAPH_000420,ACC_00071,ACC_00286,160.38,117383.4313737867,62992.49159997603,0,legitimate_transfer,4,8,9,6,6
TX_GRAPH_000421,ACC_00199,ACC_00000,115.52,42764.590711061435,6536.452299443318,0,legitimate_transfer,2,4,3,5,3
TX_GRAPH_000422,ACC_00082,ACC_00439,21.0,92677.76635222975,108813.30855811262,0,legitimate_transfer,5,4,5,10,5
TX_GRAPH_000423,ACC_00102,ACC_00186,21.79,146798.49909388862,74440.56403997318,0,legitimate_transfer,4,3,5,5,5
TX_GRAPH_000424,ACC_00060,ACC_00050,23.88,213333.52067712732,163514.6404060056,0,legitimate_transfer,3,4,4,9,4
TX_GRAPH_000425,ACC_00170,ACC_00133,187.3,6471.639822338641,40776.3028431301,0,legitimate_transfer,5,6,4,1,1
TX_GRAPH_000426,ACC_00271,ACC_00114,37.95,113561.19116829264,187557.29782003752,0,legitimate_transfer,6,7,7,4,4
TX_GRAPH_000427,ACC_00233,ACC_00390,12.35,153598.1248370348,98940.40604184895,0,legitimate_transfer,9,4,11,7,7
TX_GRAPH_000428,ACC_00262,ACC_00090,20.34,231459.27425022182,42949.87257582503,0,legitimate_transfer,4,5,10,6,6
TX_GRAPH_000429,ACC_00167,ACC_00494,81.58,55058.10515739719,223224.08619684144,0,legitimate_transfer,4,3,4,4,4
TX_GRAPH_000430,ACC_00325,ACC_00087,37.06,83257.83537626025,222800.85538438288,0,legitimate_transfer,4,9,6,9,6
TX_GRAPH_000431,ACC_00052,ACC_00090,102.38,82185.06650058538,95398.14504600104,0,legitimate_transfer,10,7,10,6,6
TX_GRAPH_000432,ACC_00173,ACC_00190,89.63,113588.6109950814,52240.10197413194,0,legitimate_transfer,3,9,10,7,7
TX_GRAPH_000433,ACC_00267,ACC_00128,50.53,165388.85578341517,20500.552678113578,0,legitimate_transfer,5,7,8,5,5
TX_GRAPH_000434,ACC_00300,ACC_00151,31.83,59686.47508225789,200737.21180459752,0,legitimate_transfer,4,5,9,3,3
TX_GRAPH_000435,ACC_00043,ACC_00030,95.23,45850.40534879526,224890.8981379284,0,legitimate_transfer,6,6,6,3,3
TX_GRAPH_000436,ACC_00176,ACC_00427,14.92,221460.2903317389,172006.38957877478,0,legitimate_transfer,5,8,6,4,4
TX_GRAPH_000437,ACC_00481,ACC_00490,59.44,247809.8269860985,37817.903617284515,0,legitimate_transfer,8,3,9,2,2
TX_GRAPH_000438,ACC_00187,ACC_00265,48.68,165307.4631979512,103914.97646645461,0,legitimate_transfer,4,7,3,2,2
TX_GRAPH_000439,ACC_00058,ACC_00490,40.33,256234.40358891423,196507.94324249576,0,legitimate_transfer,7,6,9,2,2
TX_GRAPH_000440,ACC_00430,ACC_00054,141.28,58743.65939912564,118884.54530235384,0,legitimate_transfer,5,9,5,5,5
TX_GRAPH_000441,ACC_00275,ACC_00054,65.6,200436.29895462102,99504.1085300373,0,legitimate_transfer,6,8,5,5,5
TX_GRAPH_000442,ACC_00090,ACC_00088,26.61,207622.79487765298,36513.96505864958,0,legitimate_transfer,10,6,8,10,8
TX_GRAPH_000443,ACC_00209,ACC_00158,34.02,58484.475005361266,91047.36594746304,0,legitimate_transfer,4,2,4,9,4
TX_GRAPH_000444,ACC_00267,ACC_00169,54.84,23061.69998163901,226732.2434876768,0,legitimate_transfer,5,7,5,8,5
TX_GRAPH_000445,ACC_00372,ACC_00208,74.31,241542.20196749235,74554.55733554457,0,legitimate_transfer,5,10,11,1,1
TX_GRAPH_000446,ACC_00070,ACC_00048,44.51,153304.37072227607,199810.42307703322,0,legitimate_transfer,3,8,3,4,3
TX_GRAPH_000447,ACC_00243,ACC_00244,12.69,92323.48321315502,226436.70534686535,0,legitimate_transfer,6,8,4,3,3
TX_GRAPH_000448,ACC_00112,ACC_00407,38.18,54049.57190164503,37273.48469780576,0,legitimate_transfer,3,3,3,5,3
TX_GRAPH_000449,ACC_00439,ACC_00274,33.21,224636.94082425916,41191.71075272791,0,legitimate_transfer,5,10,4,5,4
TX_GRAPH_000450,ACC_00389,ACC_00354,56.26,111055.39069173281,216755.41723371265,0,legitimate_transfer,2,6,5,5,5
TX_GRAPH_000451,ACC_00306,ACC_00499,102.72,221037.33172724326,130647.71756047437,0,legitimate_transfer,1,5,3,3,3
TX_GRAPH_000452,ACC_00190,ACC_00292,35.66,232654.81761893662,238883.05186223335,0,legitimate_transfer,10,7,6,6,6
TX_GRAPH_000453,ACC_00418,ACC_00310,34.97,46551.10818619665,76071.96453346219,0,legitimate_transfer,6,6,8,9,8
TX_GRAPH_000454,ACC_00325,ACC_00051,239.69,165061.67342013016,215541.295473519,0,legitimate_transfer,4,9,4,7,4
TX_GRAPH_000455,ACC_00329,ACC_00002,60.2,197299.35171402118,153407.11790539455,0,legitimate_transfer,4,7,5,5,5
TX_GRAPH_000456,ACC_00198,ACC_00006,12.84,186196.6178068854,102386.4136018113,0,legitimate_transfer,5,8,6,6,6
TX_GRAPH_000457,ACC_00310,ACC_00127,51.63,231078.20783958986,172189.25965484953,0,legitimate_transfer,8,9,9,2,2
TX_GRAPH_000458,ACC_00350,ACC_00323,13.54,82794.51347024969,110867.75953618315,0,legitimate_transfer,6,6,5,2,2
TX_GRAPH_000459,ACC_00138,ACC_00044,87.46,176535.14118535453,185536.97730497466,0,legitimate_transfer,6,10,3,8,3
TX_GRAPH_000460,ACC_00434,ACC_00164,116.16,170581.28286639875,153986.3504722991,0,legitimate_transfer,3,3,9,5,5
TX_GRAPH_000461,ACC_00200,ACC_00471,69.95,243044.2833628575,87438.14086063449,0,legitimate_transfer,3,7,4,8,4
TX_GRAPH_000462,ACC_00471,ACC_00326,10.64,41536.411974158946,116310.98889130239,0,legitimate_transfer,4,8,5,9,5
TX_GRAPH_000463,ACC_00176,ACC_00014,39.11,80046.86102613734,239011.4931292932,0,legitimate_transfer,5,8,7,6,6
TX_GRAPH_000464,ACC_00476,ACC_00322,28.21,60551.32197122015,236730.93698924928,0,legitimate_transfer,1,4,7,2,2
TX_GRAPH_000465,ACC_00416,ACC_00154,46.55,223921.96557496034,184614.18090875543,0,legitimate_transfer,7,6,2,5,2
TX_GRAPH_000466,ACC_00457,ACC_00019,26.73,206214.40046389186,201358.05118091955,0,legitimate_transfer,5,4,11,4,4
TX_GRAPH_000467,ACC_00492,ACC_00425,53.23,5261.725715841763,61600.76302581322,0,legitimate_transfer,5,6,6,7,6
TX_GRAPH_000468,ACC_00402,ACC_00422,86.27,69951.04810279398,215757.76288144293,0,legitimate_transfer,3,4,9,3,3
TX_GRAPH_000469,ACC_00494,ACC_00206,182.22,138670.59025754686,77403.66302562586,0,legitimate_transfer,4,4,8,8,8
TX_GRAPH_000470,ACC_00241,ACC_00179,41.59,216503.30293641248,236333.66342558298,0,legitimate_transfer,6,5,7,6,6
TX_GRAPH_000471,ACC_00454,ACC_00068,71.46,110939.28915951056,222601.8474131197,0,legitimate_transfer,5,6,7,7,7
TX_GRAPH_000472,ACC_00155,ACC_00090,22.52,142746.535859021,112186.97903667031,0,legitimate_transfer,8,3,10,6,6
TX_GRAPH_000473,ACC_00316,ACC_00399,22.97,233560.20767970762,58049.05986394721,0,legitimate_transfer,5,7,4,6,4
TX_GRAPH_000474,ACC_00397,ACC_00335,33.62,81718.1180501848,109856.45726814144,0,legitimate_transfer,8,5,3,3,3
TX_GRAPH_000475,ACC_00261,ACC_00136,138.49,37510.489891864774,17769.700629053023,0,legitimate_transfer,2,14,10,5,5
TX_GRAPH_000476,ACC_00003,ACC_00158,83.58,117436.05934522813,242844.07909908352,0,legitimate_transfer,5,5,4,9,4
TX_GRAPH_000477,ACC_00122,ACC_00003,27.5,48573.225773934646,5297.417468291089,0,legitimate_transfer,5,12,5,5,5
TX_GRAPH_000478,ACC_00243,ACC_00149,42.01,37796.15226498985,131491.2716600667,0,legitimate_transfer,6,8,4,7,4
TX_GRAPH_000479,ACC_00439,ACC_00452,35.68,158083.67541533383,81914.24268944803,0,legitimate_transfer,5,10,8,4,4
TX_GRAPH_000480,ACC_00397,ACC_00377,23.72,18286.479986368027,149733.88267056228,0,legitimate_transfer,8,5,11,5,5
TX_GRAPH_000481,ACC_00179,ACC_00385,31.39,11429.172665254455,10565.306895272217,0,legitimate_transfer,7,6,7,3,3
TX_GRAPH_000482,ACC_00054,ACC_00391,65.78,223149.60969272436,234465.69801944945,0,legitimate_transfer,5,5,3,5,3
TX_GRAPH_000483,ACC_00396,ACC_00356,21.64,244181.41763619272,27106.894301749773,0,legitimate_transfer,9,6,6,11,6
TX_GRAPH_000484,ACC_00445,ACC_00190,69.58,110847.14748516057,100689.58475539944,0,legitimate_transfer,7,9,10,7,7
TX_GRAPH_000485,ACC_00309,ACC_00357,159.08,129643.30806203501,151848.23003726255,0,legitimate_transfer,6,9,4,6,4
TX_GRAPH_000486,ACC_00066,ACC_00235,244.34,210797.1601711059,165954.01082347153,0,legitimate_transfer,7,7,5,3,3
TX_GRAPH_000487,ACC_00400,ACC_00423,61.33,178011.03505589455,58034.75376305655,0,legitimate_transfer,4,7,6,4,4
TX_GRAPH_000488,ACC_00382,ACC_00240,55.95,57740.32927711314,252880.7388067148,0,legitimate_transfer,2,6,4,2,2
TX_GRAPH_000489,ACC_00280,ACC_00401,8.31,88465.29709500643,65039.29067321469,0,legitimate_transfer,3,5,4,2,2
TX_GRAPH_000490,ACC_00456,ACC_00116,27.5,33917.01106876162,212706.72443333047,0,legitimate_transfer,3,6,7,4,4
TX_GRAPH_000491,ACC_00483,ACC_00119,87.55,216813.5062247009,166776.956804845,0,legitimate_transfer,6,7,6,6,6
TX_GRAPH_000492,ACC_00084,ACC_00313,92.2,158637.59896056066,244714.80466538874,0,legitimate_transfer,2,3,6,8,6
TX_GRAPH_000493,ACC_00099,ACC_00253,37.08,2119.9951784523673,63492.24499280963,0,legitimate_transfer,11,4,6,9,6
TX_GRAPH_000494,ACC_00192,ACC_00408,127.73,230704.59504055706,47934.512035541346,0,legitimate_transfer,14,7,4,2,2
TX_GRAPH_000495,ACC_00230,ACC_00056,153.32,83345.87091132054,56340.08823022611,0,legitimate_transfer,4,8,10,4,4
TX_GRAPH_000496,ACC_00158,ACC_00194,21.8,112933.70326857905,243295.23949586414,0,legitimate_transfer,4,9,4,3,3
TX_GRAPH_000497,ACC_00492,ACC_00343,168.88,246340.22508396875,50650.49538133753,0,legitimate_transfer,5,6,5,3,3
TX_GRAPH_000498,ACC_00396,ACC_00497,100.39,239993.20590358358,20052.135323562907,0,legitimate_transfer,9,6,9,4,4
TX_GRAPH_000499,ACC_00351,ACC_00274,51.06,171651.257006465,119326.14192872957,0,legitimate_transfer,5,7,4,5,4
TX_GRAPH_000500,ACC_00061,ACC_00105,25.9,230080.94033053494,94867.28847246355,0,legitimate_transfer,3,7,8,2,2
TX_GRAPH_000501,ACC_00048,ACC_00251,85.15,171165.13460358832,226332.54592316048,0,legitimate_transfer,3,4,7,2,2
TX_GRAPH_000502,ACC_00099,ACC_00063,17.87,211884.49396304967,38013.425316155146,0,legitimate_transfer,11,4,4,4,4
TX_GRAPH_000503,ACC_00290,ACC_00247,76.39,186093.95474242518,177154.35890761996,0,legitimate_transfer,7,4,9,5,5
TX_GRAPH_000504,ACC_00196,ACC_00362,78.03,182841.8615946071,47258.07414252032,0,legitimate_transfer,2,5,6,7,6
TX_GRAPH_000505,ACC_00446,ACC_00398,116.35,163325.9471757143,245503.65615971197,0,legitimate_transfer,5,6,4,7,4
TX_GRAPH_000506,ACC_00145,ACC_00219,31.22,219852.19159732637,115905.81589766988,0,legitimate_transfer,5,6,5,9,5
TX_GRAPH_000507,ACC_00491,ACC_00037,60.81,229179.98077069892,117677.27677618361,0,legitimate_transfer,9,3,7,6,6
TX_GRAPH_000508,ACC_00279,ACC_00019,21.46,107846.16934543576,119589.4637765171,0,legitimate_transfer,6,7,11,4,4
TX_GRAPH_000509,ACC_00250,ACC_00378,70.18,225513.31406757515,9315.37390916123,0,legitimate_transfer,7,7,7,10,7
TX_GRAPH_000510,ACC_00221,ACC_00259,27.66,51347.6927458074,232955.71472151828,0,legitimate_transfer,6,7,6,1,1
TX_GRAPH_000511,ACC_00442,ACC_00103,43.7,213940.75993043228,206200.75882750296,0,legitimate_transfer,5,4,11,5,5
TX_GRAPH_000512,ACC_00439,ACC_00049,55.22,247199.51345199774,185014.1089039122,0,legitimate_transfer,5,10,7,5,5
TX_GRAPH_000513,ACC_00305,ACC_00487,11.34,133961.0875543632,193757.5183169771,0,legitimate_transfer,3,7,10,3,3
TX_GRAPH_000514,ACC_00312,ACC_00175,62.34,173205.26238233122,95751.72714854115,0,legitimate_transfer,5,5,3,5,3
TX_GRAPH_000515,ACC_00437,ACC_00071,195.9,227092.55419156968,129027.02342864385,0,legitimate_transfer,5,3,4,8,4
TX_GRAPH_000516,ACC_00270,ACC_00455,61.23,162098.0959440809,177897.31113661823,0,legitimate_transfer,5,6,2,8,2
TX_GRAPH_000517,ACC_00205,ACC_00119,102.3,254488.85579289985,144773.91194635906,0,legitimate_transfer,2,4,6,6,6
TX_GRAPH_000518,ACC_00219,ACC_00489,48.03,175621.57191362683,235914.61348986972,0,legitimate_transfer,5,9,6,6,6
TX_GRAPH_000519,ACC_00149,ACC_00115,34.39,122671.3587853512,77632.81347958694,0,legitimate_transfer,4,7,3,5,3
TX_GRAPH_000520,ACC_00309,ACC_00083,69.38,145183.3172262533,202232.2685852615,0,legitimate_transfer,6,9,8,4,4
TX_GRAPH_000521,ACC_00498,ACC_00233,76.39,223951.707495301,183734.85552602817,0,legitimate_transfer,7,3,9,4,4
TX_GRAPH_000522,ACC_00410,ACC_00307,58.34,248667.8600347025,250944.93017018496,0,legitimate_transfer,3,8,6,3,3
TX_GRAPH_000523,ACC_00114,ACC_00285,51.59,221119.95221541508,126143.11056062157,0,legitimate_transfer,7,4,11,5,5
TX_GRAPH_000524,ACC_00119,ACC_00152,23.69,2356.875060061564,206326.31065017107,0,legitimate_transfer,6,6,4,2,2
TX_GRAPH_000525,ACC_00212,ACC_00132,100.7,109208.97437056102,195107.43977384185,0,legitimate_transfer,3,7,9,4,4
TX_GRAPH_000526,ACC_00141,ACC_00252,27.76,100334.86023982095,179942.23156433078,0,legitimate_transfer,5,7,7,2,2
TX_GRAPH_000527,ACC_00170,ACC_00249,87.68,209133.04332370698,221496.83077209114,0,legitimate_transfer,5,6,4,5,4
TX_GRAPH_000528,ACC_00089,ACC_00489,108.74,105422.36772560225,28419.683459678807,0,legitimate_transfer,4,2,6,6,6
TX_GRAPH_000529,ACC_00219,ACC_00165,83.2,91600.1390752105,221424.51896190856,0,legitimate_transfer,5,9,4,4,4
TX_GRAPH_000530,ACC_00012,ACC_00488,50.05,121107.38363710704,98879.38108524594,0,legitimate_transfer,4,5,5,7,5
TX_GRAPH_000531,ACC_00344,ACC_00490,85.78,230288.30379637555,96660.77472187899,0,legitimate_transfer,2,6,9,2,2
TX_GRAPH_000532,ACC_00160,ACC_00353,54.11,227840.3704811262,193069.48691309898,0,legitimate_transfer,3,6,7,4,4
TX_GRAPH_000533,ACC_00454,ACC_00496,25.1,210047.5738171,223910.1407339459,0,legitimate_transfer,5,6,4,5,4
TX_GRAPH_000534,ACC_00160,ACC_00422,18.11,172137.92173813755,257217.39819561166,0,legitimate_transfer,3,6,9,3,3
TX_GRAPH_000535,ACC_00417,ACC_00406,50.5,199218.47275273362,197612.87535546854,0,legitimate_transfer,5,8,6,5,5
TX_GRAPH_000536,ACC_00298,ACC_00459,49.35,39843.72085698898,215704.9596546179,0,legitimate_transfer,7,5,8,7,7
TX_GRAPH_000537,ACC_00475,ACC_00028,96.83,138715.6607821766,181119.45187125736,0,legitimate_transfer,5,6,7,6,6
TX_GRAPH_000538,ACC_00010,ACC_00165,42.21,194086.04692026376,126251.79289555468,0,legitimate_transfer,6,3,4,4,4
TX_GRAPH_000539,ACC_00055,ACC_00091,42.91,44191.67916529522,225449.33982789694,0,legitimate_transfer,3,6,5,5,5
TX_GRAPH_000540,ACC_00280,ACC_00385,11.25,103087.22170158071,28595.42269974801,0,legitimate_transfer,3,5,7,3,3
TX_GRAPH_000541,ACC_00150,ACC_00273,99.0,170247.39642272476,190000.53645725822,0,legitimate_transfer,3,1,9,4,4
TX_GRAPH_000542,ACC_00015,ACC_00182,21.46,55742.37776573989,12956.404174323294,0,legitimate_transfer,4,7,4,3,3
TX_GRAPH_000543,ACC_00277,ACC_00019,140.57,182656.0078518641,123005.87407806673,0,legitimate_transfer,4,5,11,4,4
TX_GRAPH_000544,ACC_00378,ACC_00463,43.39,148264.4018982995,145913.05802446292,0,legitimate_transfer,7,10,9,6,6
TX_GRAPH_000545,ACC_00071,ACC_00350,60.66,258850.69592165243,119374.18534665115,0,legitimate_transfer,4,8,6,6,6
TX_GRAPH_000546,ACC_00079,ACC_00304,97.52,46864.702200245694,9814.476566293213,0,legitimate_transfer,2,4,6,10,6
TX_GRAPH_000547,ACC_00189,ACC_00019,252.03,18641.764192497467,230963.39511400618,0,legitimate_transfer,7,3,11,4,4
TX_GRAPH_000548,ACC_00423,ACC_00024,60.11,120751.7065201707,249846.0238138033,0,legitimate_transfer,6,4,12,9,9
TX_GRAPH_000549,ACC_00097,ACC_00126,26.52,36939.57840936464,163736.2259053419,0,legitimate_transfer,5,4,12,7,7
TX_GRAPH_000550,ACC_00462,ACC_00131,65.42,167460.70502764604,161566.18323235214,0,legitimate_transfer,2,8,8,7,7
TX_GRAPH_000551,ACC_00201,ACC_00463,65.56,192707.4447228801,122160.49497774172,0,legitimate_transfer,5,4,9,6,6
TX_GRAPH_000552,ACC_00060,ACC_00099,131.84,245554.0646990957,249053.58578276727,0,legitimate_transfer,3,4,11,4,4
TX_GRAPH_000553,ACC_00441,ACC_00170,79.15,44985.6698399463,145514.56526135275,0,legitimate_transfer,4,3,5,6,5
TX_GRAPH_000554,ACC_00304,ACC_00129,72.62,66536.36438954,84342.56925644896,0,legitimate_transfer,6,10,6,5,5
TX_GRAPH_000555,ACC_00066,ACC_00256,149.78,195826.74372646297,202975.71848822,0,legitimate_transfer,7,7,2,4,2
TX_GRAPH_000556,ACC_00351,ACC_00028,74.72,91421.98946997279,118165.61798150708,0,legitimate_transfer,5,7,7,6,6
TX_GRAPH_000557,ACC_00301,ACC_00192,19.45,157802.3973694511,164623.47847799418,0,legitimate_transfer,3,3,14,7,7
TX_GRAPH_000558,ACC_00261,ACC_00192,28.55,235487.01513869924,36597.83865282973,0,legitimate_transfer,2,14,14,7,7
TX_GRAPH_000559,ACC_00449,ACC_00164,50.02,126225.13421087027,116278.32969253029,0,legitimate_transfer,6,7,9,5,5
TX_GRAPH_000560,ACC_00217,ACC_00268,95.85,64634.18366078591,184299.30617158653,0,legitimate_transfer,1,4,8,7,7
TX_GRAPH_000561,ACC_00331,ACC_00491,18.34,29952.113667717225,108823.99526213208,0,legitimate_transfer,5,4,9,3,3
TX_GRAPH_000562,ACC_00136,ACC_00275,40.84,208450.83196707754,169610.90410601159,0,legitimate_transfer,10,5,6,8,6
TX_GRAPH_000563,ACC_00398,ACC_00213,47.77,250214.01492637856,153034.62243117308,0,legitimate_transfer,4,7,5,7,5
TX_GRAPH_000564,ACC_00446,ACC_00274,94.48,127130.2253421919,85517.6601286316,0,legitimate_transfer,5,6,4,5,4
TX_GRAPH_000565,ACC_00303,ACC_00484,77.37,222378.70719018878,122600.09669400276,0,legitimate_transfer,4,7,8,6,6
TX_GRAPH_000566,ACC_00413,ACC_00424,49.33,208015.023930109,96609.53492735629,0,legitimate_transfer,7,7,5,0,0
TX_GRAPH_000567,ACC_00327,ACC_00052,19.96,233395.1217380709,206229.4439836456,0,legitimate_transfer,4,13,10,7,7
TX_GRAPH_000568,ACC_00074,ACC_00236,24.66,136554.44279347383,213967.86021907744,0,legitimate_transfer,3,4,3,6,3
TX_GRAPH_000569,ACC_00247,ACC_00086,60.16,66438.07633698711,143447.20535667206,0,legitimate_transfer,9,5,7,4,4
TX_GRAPH_000570,ACC_00474,ACC_00030,38.55,68926.83513756997,50069.382314618284,0,legitimate_transfer,2,9,6,3,3
TX_GRAPH_000571,ACC_00446,ACC_00128,27.57,146346.5445530957,117388.35001813188,0,legitimate_transfer,5,6,8,5,5
TX_GRAPH_000572,ACC_00366,ACC_00380,54.65,233433.62462942573,227104.3609498099,0,legitimate_transfer,8,9,2,4,2
TX_GRAPH_000573,ACC_00456,ACC_00110,37.71,169697.77625057544,15923.828815047518,0,legitimate_transfer,3,6,4,6,4
TX_GRAPH_000574,ACC_00173,ACC_00143,17.76,157571.62613622277,46708.68433556839,0,legitimate_transfer,3,9,7,5,5
TX_GRAPH_000575,ACC_00093,ACC_00422,13.43,171627.71734872137,50413.185800468986,0,legitimate_transfer,6,6,9,3,3
TX_GRAPH_000576,ACC_00372,ACC_00094,77.36,86620.17061809177,57255.78840214068,0,legitimate_transfer,5,10,6,5,5
TX_GRAPH_000577,ACC_00196,ACC_00085,63.81,79518.84040443628,248758.03018063665,0,legitimate_transfer,2,5,4,5,4
TX_GRAPH_000578,ACC_00064,ACC_00021,47.9,177279.4775471671,13167.277538863815,0,legitimate_transfer,7,5,7,7,7
TX_GRAPH_000579,ACC_00163,ACC_00388,83.33,149968.1386680098,199811.27500545752,0,legitimate_transfer,3,7,8,4,4
TX_GRAPH_000580,ACC_00360,ACC_00307,23.91,2756.571751117132,4712.179204705989,0,legitimate_transfer,4,3,6,3,3
TX_GRAPH_000581,ACC_00197,ACC_00254,124.37,75994.98195356854,236477.83292045785,0,legitimate_transfer,5,6,6,5,5
TX_GRAPH_000582,ACC_00369,ACC_00422,99.64,82564.08753139188,60226.30966713037,0,legitimate_transfer,6,4,9,3,3
TX_GRAPH_000583,ACC_00241,ACC_00190,40.7,252577.75598380383,241221.0606188075,0,legitimate_transfer,6,5,10,7,7
TX_GRAPH_000584,ACC_00149,ACC_00137,43.75,43022.47108380546,164999.08673721168,0,legitimate_transfer,4,7,7,6,6
TX_GRAPH_000585,ACC_00232,ACC_00047,66.05,10186.452699840014,133972.71778430665,0,legitimate_transfer,4,5,5,5,5
TX_GRAPH_000586,ACC_00149,ACC_00104,171.88,129555.84132721381,108378.28170004438,0,legitimate_transfer,4,7,6,2,2
TX_GRAPH_000587,ACC_00180,ACC_00162,41.2,182430.6499690485,67357.92142575247,0,legitimate_transfer,9,6,8,2,2
TX_GRAPH_000588,ACC_00011,ACC_00392,35.63,87280.23202794437,16055.953496135717,0,legitimate_transfer,6,6,7,3,3
TX_GRAPH_000589,ACC_00459,ACC_00491,100.45,75356.17368121509,158865.7135547945,0,legitimate_transfer,8,7,9,3,3
TX_GRAPH_000590,ACC_00406,ACC_00459,34.38,173285.5559023904,193328.2721226196,0,legitimate_transfer,6,5,8,7,7
TX_GRAPH_000591,ACC_00046,ACC_00340,70.76,93219.11873988656,54051.116217035276,0,legitimate_transfer,5,6,10,8,8
TX_GRAPH_000592,ACC_00028,ACC_00169,91.77,119047.5112926989,112416.8750294407,0,legitimate_transfer,7,6,5,8,5
TX_GRAPH_000593,ACC_00295,ACC_00136,77.81,84388.23580088533,175153.95889749876,0,legitimate_transfer,6,4,10,5,5
TX_GRAPH_000594,ACC_00062,ACC_00059,35.04,222242.23043487396,19746.492031069414,0,legitimate_transfer,2,3,6,8,6
TX_GRAPH_000595,ACC_00356,ACC_00255,292.79,189406.12560276408,10347.6570341145,0,legitimate_transfer,6,11,7,4,4
TX_GRAPH_000596,ACC_00366,ACC_00318,22.83,150861.56668250388,22206.338179036433,0,legitimate_transfer,8,9,8,7,7
TX_GRAPH_000597,ACC_00475,ACC_00436,65.78,196484.5454893221,178872.71337583128,0,legitimate_transfer,5,6,7,6,6
TX_GRAPH_000598,ACC_00358,ACC_00369,32.21,17703.47743527562,32557.218158595228,0,legitimate_transfer,10,10,6,4,4
TX_GRAPH_000599,ACC_00469,ACC_00362,187.76,89754.12919399123,209380.86621433793,0,legitimate_transfer,4,7,6,7,6
TX_GRAPH_000600,ACC_00098,ACC_00360,83.75,40814.3182138298,54063.472048626936,0,legitimate_transfer,5,5,4,3,3
TX_GRAPH_000601,ACC_00249,ACC_00388,45.19,48113.51108180358,117390.31605164053,0,legitimate_transfer,4,5,8,4,4
TX_GRAPH_000602,ACC_00459,ACC_00339,66.2,59111.612412267874,187877.13016174058,0,legitimate_transfer,8,7,4,2,2
TX_GRAPH_000603,ACC_00187,ACC_00362,51.89,144695.1856310172,43537.14973796433,0,legitimate_transfer,4,7,6,7,6
TX_GRAPH_000604,ACC_00385,ACC_00445,69.83,257563.53480237722,125799.70814612899,0,legitimate_transfer,7,3,7,9,7
TX_GRAPH_000605,ACC_00297,ACC_00191,47.91,198189.11072563732,94969.03320027918,0,legitimate_transfer,10,6,4,5,4
TX_GRAPH_000606,ACC_00279,ACC_00151,354.97,35427.00547229746,31232.60286120321,0,legitimate_transfer,6,7,9,3,3
TX_GRAPH_000607,ACC_00122,ACC_00308,21.94,164176.3289998959,39136.23874574854,0,legitimate_transfer,5,12,7,6,6
TX_GRAPH_000608,ACC_00153,ACC_00134,88.6,189766.98985560687,151189.67367156554,0,legitimate_transfer,4,8,6,6,6
TX_GRAPH_000609,ACC_00495,ACC_00397,17.47,99527.61122151036,85552.50099624085,0,legitimate_transfer,5,5,8,5,5
TX_GRAPH_000610,ACC_00007,ACC_00214,49.21,57240.83824726107,22783.930708476564,0,legitimate_transfer,5,6,8,5,5
TX_GRAPH_000611,ACC_00084,ACC_00127,102.58,222866.28822180233,118392.91188906918,0,legitimate_transfer,2,3,9,2,2
TX_GRAPH_000612,ACC_00210,ACC_00332,45.25,132045.75506886392,176268.55176581867,0,legitimate_transfer,2,4,6,6,6
TX_GRAPH_000613,ACC_00074,ACC_00294,54.3,43718.2688556934,18800.718382550367,0,legitimate_transfer,3,4,6,4,4
TX_GRAPH_000614,ACC_00315,ACC_00257,26.02,257923.49934513803,159477.38730222007,0,legitimate_transfer,3,3,9,6,6
TX_GRAPH_000615,ACC_00395,ACC_00192,80.21,52571.500023083245,29045.167840997157,0,legitimate_transfer,3,2,14,7,7
TX_GRAPH_000616,ACC_00013,ACC_00001,28.78,81815.49188612639,94239.31715814846,0,legitimate_transfer,6,6,7,2,2
TX_GRAPH_000617,ACC_00004,ACC_00313,363.64,71705.45830206486,112578.00072041247,0,legitimate_transfer,4,9,6,8,6
TX_GRAPH_000618,ACC_00121,ACC_00485,126.01,115544.38420520468,54738.14644211703,0,legitimate_transfer,5,8,6,3,3
TX_GRAPH_000619,ACC_00175,ACC_00056,78.35,159490.386720915,55780.95200144362,0,legitimate_transfer,3,5,10,4,4
TX_GRAPH_000620,ACC_00123,ACC_00225,41.65,150043.7211026736,182103.66727207688,0,legitimate_transfer,6,5,4,2,2
TX_GRAPH_000621,ACC_00035,ACC_00445,83.97,20084.03797301558,195035.97991982073,0,legitimate_transfer,4,7,7,9,7
TX_GRAPH_000622,ACC_00431,ACC_00495,70.95,78294.69656457775,101007.30368379765,0,legitimate_transfer,6,5,5,5,5
TX_GRAPH_000623,ACC_00236,ACC_00310,33.27,229063.9714285547,53316.04541455536,0,legitimate_transfer,3,6,8,9,8
TX_GRAPH_000624,ACC_00241,ACC_00011,86.38,35661.30201018031,19625.123866264083,0,legitimate_transfer,6,5,6,6,6
TX_GRAPH_000625,ACC_00130,ACC_00442,14.9,58737.03484908837,197901.39286569276,0,legitimate_transfer,7,4,5,4,4
TX_GRAPH_000626,ACC_00315,ACC_00493,114.7,250105.03128692572,157903.29294651718,0,legitimate_transfer,3,3,3,3,3
TX_GRAPH_000627,ACC_00309,ACC_00266,138.27,232989.13698955774,228004.11716561374,0,legitimate_transfer,6,9,5,5,5
TX_GRAPH_000628,ACC_00184,ACC_00342,62.98,120151.61189270928,136068.23633196895,0,legitimate_transfer,4,6,3,6,3
TX_GRAPH_000629,ACC_00492,ACC_00297,67.77,91257.2860942333,253714.00863652813,0,legitimate_transfer,5,6,10,6,6
TX_GRAPH_000630,ACC_00179,ACC_00143,83.06,81969.77500521194,244460.6908592058,0,legitimate_transfer,7,6,7,5,5
TX_GRAPH_000631,ACC_00493,ACC_00286,9.23,224184.11576639305,97088.80531528016,0,legitimate_transfer,3,3,9,6,6
TX_GRAPH_000632,ACC_00386,ACC_00431,25.78,156087.10840091997,257161.29919048486,0,legitimate_transfer,3,7,6,5,5
TX_GRAPH_000633,ACC_00253,ACC_00301,31.89,23255.30198404493,50672.53122963685,0,legitimate_transfer,6,9,3,3,3
TX_GRAPH_000634,ACC_00407,ACC_00308,74.09,100912.18937757809,42021.386637541626,0,legitimate_transfer,3,5,7,6,6
TX_GRAPH_000635,ACC_00342,ACC_00241,25.19,13539.838621509825,149293.7295360159,0,legitimate_transfer,3,6,6,5,5
TX_GRAPH_000636,ACC_00367,ACC_00231,11.58,210063.77091886438,65854.57607514971,0,legitimate_transfer,4,4,10,9,9
TX_GRAPH_000637,ACC_00024,ACC_00441,127.24,106841.28518656106,17974.761253915385,0,legitimate_transfer,12,9,4,3,3
TX_GRAPH_000638,ACC_00207,ACC_00472,34.56,219245.73842648682,104777.7970566323,0,legitimate_transfer,7,6,6,7,6
TX_GRAPH_000639,ACC_00037,ACC_00208,23.71,186253.70951492625,195404.60005179764,0,legitimate_transfer,7,6,11,1,1
TX_GRAPH_000640,ACC_00154,ACC_00193,67.13,89316.83804429015,93303.60807344863,0,legitimate_transfer,2,5,6,4,4
TX_GRAPH_000641,ACC_00426,ACC_00025,47.71,224320.07082455503,93480.66160118685,0,legitimate_transfer,3,7,5,1,1
TX_GRAPH_000642,ACC_00221,ACC_00289,59.34,239445.44273303013,129006.6629452977,0,legitimate_transfer,6,7,8,6,6
TX_GRAPH_000643,ACC_00402,ACC_00280,109.06,20991.404605071253,122457.89138010272,0,legitimate_transfer,3,4,3,5,3
TX_GRAPH_000644,ACC_00047,ACC_00273,259.37,136757.9931660292,57033.43627035941,0,legitimate_transfer,5,5,9,4,4
TX_GRAPH_000645,ACC_00378,ACC_00115,55.61,256996.1753190764,33041.904815458984,0,legitimate_transfer,7,10,3,5,3
TX_GRAPH_000646,ACC_00306,ACC_00203,74.57,186919.9279301326,210941.56413517508,0,legitimate_transfer,1,5,9,4,4
TX_GRAPH_000647,ACC_00000,ACC_00213,17.99,206065.12051424768,51955.3882266658,0,legitimate_transfer,3,5,5,7,5
TX_GRAPH_000648,ACC_00459,ACC_00002,14.75,226918.24175312388,191513.26539968737,0,legitimate_transfer,8,7,5,5,5
TX_GRAPH_000649,ACC_00104,ACC_00130,57.56,168627.94821939585,136178.00480654376,0,legitimate_transfer,6,2,7,4,4
TX_GRAPH_000650,ACC_00106,ACC_00034,53.06,130380.94706114485,34685.90724359681,0,legitimate_transfer,4,6,6,5,5
TX_GRAPH_000651,ACC_00002,ACC_00350,33.99,56862.834672310004,197226.20277405396,0,legitimate_transfer,5,5,6,6,6
TX_GRAPH_000652,ACC_00211,ACC_00340,55.93,75393.14777003796,120477.94316099232,0,legitimate_transfer,3,6,10,8,8
TX_GRAPH_000653,ACC_00321,ACC_00138,223.53,37343.98223697806,114480.655028931,0,legitimate_transfer,5,4,6,10,6
TX_GRAPH_000654,ACC_00337,ACC_00173,16.13,228948.43783384896,225871.2516289443,0,legitimate_transfer,6,7,3,9,3
TX_GRAPH_000655,ACC_00103,ACC_00277,47.13,135840.83776762016,242972.88865451168,0,legitimate_transfer,11,5,4,5,4
TX_GRAPH_000656,ACC_00118,ACC_00218,76.9,96369.89122647877,85729.59393936399,0,legitimate_transfer,3,9,6,6,6
TX_GRAPH_000657,ACC_00264,ACC_00276,27.12,177875.49983144866,70799.56095650229,0,legitimate_transfer,3,7,4,5,4
TX_GRAPH_000658,ACC_00291,ACC_00268,29.93,42328.44799514314,99889.07483754761,0,legitimate_transfer,3,3,8,7,7
TX_GRAPH_000659,ACC_00122,ACC_00098,112.76,118561.69372102543,121777.16454243058,0,legitimate_transfer,5,12,5,5,5
TX_GRAPH_000660,ACC_00145,ACC_00356,26.3,106886.94891483337,69217.31817891166,0,legitimate_transfer,5,6,6,11,6
TX_GRAPH_000661,ACC_00373,ACC_00071,34.82,58352.17991449558,245239.7427551526,0,legitimate_transfer,2,7,4,8,4
TX_GRAPH_000662,ACC_00057,ACC_00253,73.83,183985.6234090209,128990.97759493152,0,legitimate_transfer,5,2,6,9,6
TX_GRAPH_000663,ACC_00011,ACC_00275,53.1,244538.77840280937,22931.914909857216,0,legitimate_transfer,6,6,6,8,6
TX_GRAPH_000664,ACC_00221,ACC_00088,86.26,112297.10736676687,117780.12575716118,0,legitimate_transfer,6,7,8,10,8
TX_GRAPH_000665,ACC_00369,ACC_00485,38.0,36728.103295298024,72248.18194509517,0,legitimate_transfer,6,4,6,3,3
TX_GRAPH_000666,ACC_00390,ACC_00011,42.84,21166.657459242357,111040.78158372045,0,legitimate_transfer,11,7,6,6,6
TX_GRAPH_000667,ACC_00219,ACC_00224,24.63,86491.75479341779,130543.77115002825,0,legitimate_transfer,5,9,4,5,4
TX_GRAPH_000668,ACC_00157,ACC_00243,28.96,59399.98968157217,4889.278026301796,0,legitimate_transfer,3,3,6,8,6
TX_GRAPH_000669,ACC_00004,ACC_00014,19.07,25254.416570570156,75221.78436162212,0,legitimate_transfer,4,9,7,6,6
TX_GRAPH_000670,ACC_00185,ACC_00325,64.66,190754.8964784657,209733.72972022914,0,legitimate_transfer,10,8,4,9,4
TX_GRAPH_000671,ACC_00137,ACC_00053,175.71,98255.19621085266,97571.78649438446,0,legitimate_transfer,7,6,7,9,7
TX_GRAPH_000672,ACC_00058,ACC_00125,26.33,90433.21350238101,131549.69145427502,0,legitimate_transfer,7,6,4,4,4
TX_GRAPH_000673,ACC_00290,ACC_00298,30.4,29212.020225972905,27395.704829361326,0,legitimate_transfer,7,4,7,5,5
TX_GRAPH_000674,ACC_00372,ACC_00494,58.99,183223.6297270757,118760.06238028158,0,legitimate_transfer,5,10,4,4,4
TX_GRAPH_000675,ACC_00380,ACC_00487,28.67,36690.94280381676,203969.25648095127,0,legitimate_transfer,2,4,10,3,3
TX_GRAPH_000676,ACC_00059,ACC_00092,37.57,187040.02452486535,6003.029219047698,0,legitimate_transfer,6,8,5,5,5
TX_GRAPH_000677,ACC_00228,ACC_00036,92.39,51818.76765827357,9968.18788632555,0,legitimate_transfer,6,10,3,7,3
TX_GRAPH_000678,ACC_00398,ACC_00443,25.62,142949.0871071161,80455.28130260961,0,legitimate_transfer,4,7,8,4,4
TX_GRAPH_000679,ACC_00120,ACC_00065,33.14,177188.3578423694,161732.01157874826,0,legitimate_transfer,4,6,5,5,5
TX_GRAPH_000680,ACC_00440,ACC_00206,74.4,91277.6896383646,160844.95306511287,0,legitimate_transfer,6,4,8,8,8
TX_GRAPH_000681,ACC_00001,ACC_00366,32.72,114673.01233157437,251866.1448413318,0,legitimate_transfer,7,2,8,9,8
TX_GRAPH_000682,ACC_00487,ACC_00271,36.64,113635.61903804315,18563.96831631805,0,legitimate_transfer,10,3,6,7,6
TX_GRAPH_000683,ACC_00469,ACC_00067,47.36,41227.64075452028,185564.70428167845,0,legitimate_transfer,4,7,7,7,7
TX_GRAPH_000684,ACC_00276,ACC_00345,50.11,100525.55393603924,230932.6940026269,0,legitimate_transfer,4,5,5,5,5
TX_GRAPH_000685,ACC_00445,ACC_00256,10.73,112672.39003654278,202712.22602514864,0,legitimate_transfer,7,9,2,4,2
TX_GRAPH_000686,ACC_00094,ACC_00097,53.1,117644.13220277615,56059.96908371959,0,legitimate_transfer,6,5,5,4,4
TX_GRAPH_000687,ACC_00408,ACC_00436,22.26,31424.704756131745,37264.715803307095,0,legitimate_transfer,4,2,7,6,6
TX_GRAPH_000688,ACC_00280,ACC_00069,43.59,43704.917745728,39686.75663204014,0,legitimate_transfer,3,5,5,7,5
TX_GRAPH_000689,ACC_00432,ACC_00018,144.11,30954.712368589095,121831.3838779088,0,legitimate_transfer,4,4,8,4,4
TX_GRAPH_000690,ACC_00206,ACC_00179,36.51,234685.71338995814,43871.44104247947,0,legitimate_transfer,8,8,7,6,6
TX_GRAPH_000691,ACC_00159,ACC_00001,106.75,220307.69485959638,101273.97249285942,0,legitimate_transfer,7,7,7,2,2
TX_GRAPH_000692,ACC_00384,ACC_00156,89.97,219641.10444600356,34892.27359426827,0,legitimate_transfer,4,3,6,10,6
TX_GRAPH_000693,ACC_00302,ACC_00032,67.95,255712.96737918086,197480.86127809028,0,legitimate_transfer,8,5,8,5,5
TX_GRAPH_000694,ACC_00247,ACC_00372,9.35,88355.26834682627,140933.73870299212,0,legitimate_transfer,9,5,5,10,5
TX_GRAPH_000695,ACC_00159,ACC_00038,57.35,3935.794230059005,239825.27176744814,0,legitimate_transfer,7,7,3,4,3
TX_GRAPH_000696,ACC_00335,ACC_00303,43.95,140110.074697533,17156.96929674894,0,legitimate_transfer,3,3,4,7,4
TX_GRAPH_000697,ACC_00228,ACC_00427,51.92,208461.56757632404,85281.96205026252,0,legitimate_transfer,6,10,6,4,4
TX_GRAPH_000698,ACC_00195,ACC_00146,54.88,94552.19904678261,230900.82947912178,0,legitimate_transfer,6,4,7,3,3
TX_GRAPH_000699,ACC_00471,ACC_00238,149.7,51822.19380294428,153969.71184086116,0,legitimate_transfer,4,8,4,4,4
TX_GRAPH_000700,ACC_00106,ACC_00098,21.7,210522.96154702248,101759.24306573714,0,legitimate_transfer,4,6,5,5,5
TX_GRAPH_000701,ACC_00087,ACC_00268,58.29,250775.50987364678,216431.14271024783,0,legitimate_transfer,6,9,8,7,7
TX_GRAPH_000702,ACC_00403,ACC_00263,45.04,258471.79677369428,47203.28103194164,0,legitimate_transfer,7,5,4,4,4
TX_GRAPH_000703,ACC_00283,ACC_00324,64.39,97036.07944051296,144370.77506823392,0,legitimate_transfer,4,6,10,11,10
TX_GRAPH_000704,ACC_00246,ACC_00286,49.48,164799.58376451358,211948.62139046963,0,legitimate_transfer,6,7,9,6,6
TX_GRAPH_000705,ACC_00231,ACC_00214,149.21,158380.23874512644,16181.501359539678,0,legitimate_transfer,10,9,8,5,5
TX_GRAPH_000706,ACC_00455,ACC_00470,45.37,13603.661549831018,133212.37604911232,0,legitimate_transfer,2,8,2,4,2
TX_GRAPH_000707,ACC_00070,ACC_00151,53.57,84883.98082220311,251439.2920889931,0,legitimate_transfer,3,8,9,3,3
TX_GRAPH_000708,ACC_00474,ACC_00160,24.48,184895.78806112576,227638.5438118154,0,legitimate_transfer,2,9,3,6,3
TX_GRAPH_000709,ACC_00043,ACC_00265,290.91,33299.22517935134,191222.80626591432,0,legitimate_transfer,6,6,3,2,2
TX_GRAPH_000710,ACC_00024,ACC_00430,95.03,252189.6536936426,84243.85705179317,0,legitimate_transfer,12,9,5,9,5
TX_GRAPH_000711,ACC_00346,ACC_00132,126.69,71947.59761012557,25466.11288411624,0,legitimate_transfer,4,5,9,4,4
TX_GRAPH_000712,ACC_00254,ACC_00377,28.09,246204.39858325702,256829.5625356134,0,legitimate_transfer,6,5,11,5,5
TX_GRAPH_000713,ACC_00008,ACC_00452,66.89,174727.17372541432,106469.02999124979,0,legitimate_transfer,4,6,8,4,4
TX_GRAPH_000714,ACC_00282,ACC_00206,104.12,170399.5049870158,71526.63389819821,0,legitimate_transfer,4,8,8,8,8
TX_GRAPH_000715,ACC_00444,ACC_00024,66.59,167969.00587356073,108637.38933364849,0,legitimate_transfer,6,3,12,9,9
TX_GRAPH_000716,ACC_00101,ACC_00181,21.28,222671.01221456035,225885.96486068834,0,legitimate_transfer,3,6,5,9,5
TX_GRAPH_000717,ACC_00086,ACC_00310,14.7,26450.872256505394,155446.63309869394,0,legitimate_transfer,7,4,8,9,8
TX_GRAPH_000718,ACC_00233,ACC_00459,116.56,48496.951284405484,58313.222258723574,0,legitimate_transfer,9,4,8,7,7
TX_GRAPH_000719,ACC_00378,ACC_00013,64.81,163766.43402479574,220382.36675218164,0,legitimate_transfer,7,10,6,6,6
TX_GRAPH_000720,ACC_00419,ACC_00203,25.43,229440.80301386627,247570.0236937196,0,legitimate_transfer,6,11,9,4,4
TX_GRAPH_000721,ACC_00328,ACC_00350,110.76,37253.855210189315,40414.65219049599,0,legitimate_transfer,2,5,6,6,6
TX_GRAPH_000722,ACC_00431,ACC_00477,17.66,222130.4518922846,182462.1754022152,0,legitimate_transfer,6,5,7,3,3
TX_GRAPH_000723,ACC_00358,ACC_00304,43.94,221245.85129007994,67390.36797313091,0,legitimate_transfer,10,10,6,10,6
TX_GRAPH_000724,ACC_00143,ACC_00056,36.48,61861.00387547269,241515.38597932318,0,legitimate_transfer,7,5,10,4,4
TX_GRAPH_000725,ACC_00494,ACC_00185,26.0,200618.15317795382,145569.9470769238,0,legitimate_transfer,4,4,10,8,8
TX_GRAPH_000726,ACC_00267,ACC_00025,74.99,121704.44148769838,79572.30457871592,0,legitimate_transfer,5,7,5,1,1
TX_GRAPH_000727,ACC_00432,ACC_00296,53.43,55877.77025375408,178358.096577722,0,legitimate_transfer,4,4,4,9,4
TX_GRAPH_000728,ACC_00073,ACC_00018,104.05,219091.37298978915,165956.82646231554,0,legitimate_transfer,5,4,8,4,4
TX_GRAPH_000729,ACC_00053,ACC_00289,57.76,53142.24239041309,62985.71247058633,0,legitimate_transfer,7,9,8,6,6
TX_GRAPH_000730,ACC_00446,ACC_00303,81.0,231906.87209311093,94383.65030045717,0,legitimate_transfer,5,6,4,7,4
TX_GRAPH_000731,ACC_00061,ACC_00377,61.47,77413.10624301835,198548.86090997048,0,legitimate_transfer,3,7,11,5,5
TX_GRAPH_000732,ACC_00071,ACC_00368,6.21,188100.86893245994,46715.70455877864,0,legitimate_transfer,4,8,5,1,1
TX_GRAPH_000733,ACC_00020,ACC_00041,184.15,104515.54271527588,126728.61500661353,0,legitimate_transfer,2,5,6,7,6
TX_GRAPH_000734,ACC_00377,ACC_00356,100.64,167592.87182411537,193544.63179864106,0,legitimate_transfer,11,5,6,11,6
TX_GRAPH_000735,ACC_00438,ACC_00498,172.45,68317.78800850548,156392.48340544134,0,legitimate_transfer,6,4,7,3,3
TX_GRAPH_000736,ACC_00460,ACC_00128,176.93,83003.84197993144,159049.3409935297,0,legitimate_transfer,7,6,8,5,5
TX_GRAPH_000737,ACC_00311,ACC_00305,27.66,143549.55904852579,204428.49500750864,0,legitimate_transfer,2,5,3,7,3
TX_GRAPH_000738,ACC_00441,ACC_00472,114.86,216725.85862110683,229107.39392377634,0,legitimate_transfer,4,3,6,7,6
TX_GRAPH_000739,ACC_00299,ACC_00292,54.26,102927.63293801148,252915.56722480792,0,legitimate_transfer,7,7,6,6,6
TX_GRAPH_000740,ACC_00200,ACC_00396,31.0,8799.321966730788,167735.04407029657,0,legitimate_transfer,3,7,9,6,6
TX_GRAPH_000741,ACC_00412,ACC_00237,22.36,103571.66252507643,162512.31529024206,0,legitimate_transfer,3,6,4,3,3
TX_GRAPH_000742,ACC_00400,ACC_00447,21.02,11828.72831387064,15534.338908207608,0,legitimate_transfer,4,7,5,5,5
TX_GRAPH_000743,ACC_00040,ACC_00289,63.03,89537.48273219705,11184.00935998111,0,legitimate_transfer,2,6,8,6,6
TX_GRAPH_000744,ACC_00015,ACC_00203,54.52,159177.92098289815,38978.5017187598,0,legitimate_transfer,4,7,9,4,4
TX_GRAPH_000745,ACC_00316,ACC_00006,172.52,132508.68654557248,229898.49689678388,0,legitimate_transfer,5,7,6,6,6
TX_GRAPH_000746,ACC_00212,ACC_00397,100.69,136224.02107476877,131434.70319791252,0,legitimate_transfer,3,7,8,5,5
TX_GRAPH_000747,ACC_00388,ACC_00029,74.67,234923.307369959,80113.24095339252,0,legitimate_transfer,8,4,8,7,7
TX_GRAPH_000748,ACC_00287,ACC_00408,48.87,176558.60943571452,135726.29097848712,0,legitimate_transfer,4,6,4,2,2
TX_GRAPH_000749,ACC_00371,ACC_00359,43.42,22526.813060106153,209439.02617804852,0,legitimate_transfer,3,8,5,2,2
TX_GRAPH_000750,ACC_00156,ACC_00316,48.15,66806.9067530833,162185.20853930546,0,legitimate_transfer,6,10,5,7,5
TX_GRAPH_000751,ACC_00394,ACC_00075,24.35,252460.2805280601,236971.48380092674,0,legitimate_transfer,3,5,8,5,5
TX_GRAPH_000752,ACC_00134,ACC_00237,56.25,61257.16537387528,32731.073117131255,0,legitimate_transfer,6,6,4,3,3
TX_GRAPH_000753,ACC_00484,ACC_00183,64.66,162926.6602084758,98966.9566960276,0,legitimate_transfer,8,6,8,6,6
TX_GRAPH_000754,ACC_00069,ACC_00208,32.57,62728.26492411623,172159.82046463076,0,legitimate_transfer,5,7,11,1,1
TX_GRAPH_000755,ACC_00017,ACC_00211,36.65,236970.83707910305,33861.34796997315,0,legitimate_transfer,5,7,3,6,3
TX_GRAPH_000756,ACC_00280,ACC_00137,149.88,166031.56983578156,5833.329017288067,0,legitimate_transfer,3,5,7,6,6
TX_GRAPH_000757,ACC_00202,ACC_00017,145.62,227706.10214577065,206505.57468848338,0,legitimate_transfer,1,8,5,7,5
TX_GRAPH_000758,ACC_00366,ACC_00403,87.42,9052.797776495583,248311.91819360552,0,legitimate_transfer,8,9,7,5,5
TX_GRAPH_000759,ACC_00177,ACC_00208,29.64,169490.25484004902,109682.19020163461,0,legitimate_transfer,2,6,11,1,1
TX_GRAPH_000760,ACC_00451,ACC_00152,8.7,175001.63199679507,241370.20511893032,0,legitimate_transfer,5,2,4,2,2
TX_GRAPH_000761,ACC_00160,ACC_00396,77.27,128687.82217150496,210243.19378660526,0,legitimate_transfer,3,6,9,6,6
TX_GRAPH_000762,ACC_00024,ACC_00227,120.77,247701.87239771037,22998.23564806996,0,legitimate_transfer,12,9,7,3,3
TX_GRAPH_000763,ACC_00330,ACC_00100,38.86,208876.10356814676,195045.98144868884,0,legitimate_transfer,4,8,5,4,4
TX_GRAPH_000764,ACC_00322,ACC_00444,68.45,28928.076610209406,192370.94418250665,0,legitimate_transfer,7,2,6,3,3
TX_GRAPH_000765,ACC_00060,ACC_00289,164.45,169692.56946464445,240384.5742804018,0,legitimate_transfer,3,4,8,6,6
TX_GRAPH_000766,ACC_00023,ACC_00076,223.64,37348.32587814773,66578.6681621434,0,legitimate_transfer,10,4,5,3,3
TX_GRAPH_000767,ACC_00180,ACC_00069,79.76,201804.7157484774,83374.10295690938,0,legitimate_transfer,9,6,5,7,5
TX_GRAPH_000768,ACC_00303,ACC_00426,21.91,137828.6993829768,10683.16725798821,0,legitimate_transfer,4,7,3,7,3
TX_GRAPH_000769,ACC_00296,ACC_00429,39.43,109937.89409466645,226521.70603554495,0,legitimate_transfer,4,9,5,2,2
TX_GRAPH_000770,ACC_00488,ACC_00279,47.95,52382.19911941765,36422.54922698839,0,legitimate_transfer,5,7,6,7,6
TX_GRAPH_000771,ACC_00418,ACC_00331,10.48,80640.63346859747,141607.79716616857,0,legitimate_transfer,6,6,5,4,4
TX_GRAPH_000772,ACC_00487,ACC_00324,44.18,68468.26154583336,195344.5035265391,0,legitimate_transfer,10,3,10,11,10
TX_GRAPH_000773,ACC_00087,ACC_00390,91.2,248192.77704627835,215520.02214787717,0,legitimate_transfer,6,9,11,7,7
TX_GRAPH_000774,ACC_00353,ACC_00392,84.53,166029.86654218263,71741.61170116968,0,legitimate_transfer,7,4,7,3,3
TX_GRAPH_000775,ACC_00192,ACC_00206,93.38,225510.2047041913,256048.67335843196,0,legitimate_transfer,14,7,8,8,8
TX_GRAPH_000776,ACC_00268,ACC_00431,46.78,9796.402077062192,97326.28609788726,0,legitimate_transfer,8,7,6,5,5
TX_GRAPH_000777,ACC_00391,ACC_00354,116.57,89747.46665184693,181008.79714192852,0,legitimate_transfer,3,5,5,5,5
TX_GRAPH_000778,ACC_00169,ACC_00481,232.9,157731.24965531574,239691.44531177712,0,legitimate_transfer,5,8,8,3,3
TX_GRAPH_000779,ACC_00412,ACC_00041,151.82,26012.299544827685,11770.49119347934,0,legitimate_transfer,3,6,6,7,6
TX_GRAPH_000780,ACC_00354,ACC_00234,16.09,132439.5053942007,237453.24839936206,0,legitimate_transfer,5,5,6,4,4
TX_GRAPH_000781,ACC_00413,ACC_00302,110.38,58762.751484609355,148959.55768753952,0,legitimate_transfer,7,7,8,5,5
TX_GRAPH_000782,ACC_00333,ACC_00176,55.69,48019.57252142535,89930.85683693712,0,legitimate_transfer,3,2,5,8,5
TX_GRAPH_000783,ACC_00450,ACC_00271,28.44,92018.1094927874,95525.16853994373,0,legitimate_transfer,8,8,6,7,6
TX_GRAPH_000784,ACC_00427,ACC_00082,49.5,10154.366839468557,26717.171430724087,0,legitimate_transfer,6,4,5,4,4
TX_GRAPH_000785,ACC_00134,ACC_00468,8.55,69469.20157899472,176400.13191547408,0,legitimate_transfer,6,6,9,4,4
TX_GRAPH_000786,ACC_00466,ACC_00246,90.5,89390.73566534954,78313.16875745596,0,legitimate_transfer,5,10,6,7,6
TX_GRAPH_000787,ACC_00282,ACC_00488,106.7,14460.859257160819,68192.47125226972,0,legitimate_transfer,4,8,5,7,5
TX_GRAPH_000788,ACC_00238,ACC_00473,70.43,61453.84627958999,100246.35862916078,0,legitimate_transfer,4,4,5,6,5
TX_GRAPH_000789,ACC_00288,ACC_00126,141.63,85012.6441582087,253089.09457548306,0,legitimate_transfer,2,8,12,7,7
TX_GRAPH_000790,ACC_00004,ACC_00138,33.83,14619.493223292438,66826.80231674598,0,legitimate_transfer,4,9,6,10,6
TX_GRAPH_000791,ACC_00007,ACC_00460,290.85,242837.45191594205,7153.110291002382,0,legitimate_transfer,5,6,7,6,6
TX_GRAPH_000792,ACC_00031,ACC_00091,46.65,71497.88285117087,165072.8992092899,0,legitimate_transfer,3,6,5,5,5
TX_GRAPH_000793,ACC_00286,ACC_00053,42.08,176857.00024663858,228681.79635637545,0,legitimate_transfer,9,6,7,9,7
TX_GRAPH_000794,ACC_00210,ACC_00059,69.58,72316.75111059386,26929.29513484992,0,legitimate_transfer,2,4,6,8,6
TX_GRAPH_000795,ACC_00469,ACC_00122,32.32,121093.78216381937,163685.75552357017,0,legitimate_transfer,4,7,5,12,5
TX_GRAPH_000796,ACC_00489,ACC_00116,53.04,140033.6123875927,116457.923808027,0,legitimate_transfer,6,6,7,4,4
TX_GRAPH_000797,ACC_00022,ACC_00024,190.62,130073.08118605106,197880.2688446392,0,legitimate_transfer,4,6,12,9,9
TX_GRAPH_000798,ACC_00326,ACC_00145,14.02,189647.2379806008,21580.31659527008,0,legitimate_transfer,5,9,5,6,5
TX_GRAPH_000799,ACC_00085,ACC_00147,68.6,172159.01135231243,236558.99473849763,0,legitimate_transfer,4,5,9,7,7
TX_GRAPH_000800,ACC_00004,ACC_00056,30.96,227399.78051666284,208515.9518727825,0,legitimate_transfer,4,9,10,4,4
TX_GRAPH_000801,ACC_00148,ACC_00326,35.39,57582.12625347703,215307.86227815528,0,legitimate_transfer,9,5,5,9,5
TX_GRAPH_000802,ACC_00236,ACC_00058,75.81,103955.52447664486,191647.33625189826,0,legitimate_transfer,3,6,7,6,6
TX_GRAPH_000803,ACC_00131,ACC_00349,26.66,257418.67794239367,5988.745113333906,0,legitimate_transfer,8,7,7,6,6
TX_GRAPH_000804,ACC_00375,ACC_00398,109.59,46669.90614844135,125128.33526001265,0,legitimate_transfer,3,6,4,7,4
TX_GRAPH_000805,ACC_00052,ACC_00416,40.66,167699.230063904,49248.54520610711,0,legitimate_transfer,10,7,7,6,6
TX_GRAPH_000806,ACC_00490,ACC_00357,57.95,88502.04320875315,138070.394736195,0,legitimate_transfer,9,2,4,6,4
TX_GRAPH_000807,ACC_00213,ACC_00234,56.37,245721.27363216327,157322.14085054953,0,legitimate_transfer,5,7,6,4,4
TX_GRAPH_000808,ACC_00355,ACC_00461,25.96,214870.48281759574,92485.35362638757,0,legitimate_transfer,5,5,6,2,2
TX_GRAPH_000809,ACC_00043,ACC_00161,28.82,37343.35941058603,204106.37478537133,0,legitimate_transfer,6,6,7,6,6
TX_GRAPH_000810,ACC_00246,ACC_00105,17.05,119226.2352595574,21275.00430567442,0,legitimate_transfer,6,7,8,2,2
TX_GRAPH_000811,ACC_00163,ACC_00120,36.35,138100.36344258083,245838.4419648526,0,legitimate_transfer,3,7,4,6,4
TX_GRAPH_000812,ACC_00126,ACC_00060,31.88,65190.522513947115,110725.50139319623,0,legitimate_transfer,12,7,3,4,3
TX_GRAPH_000813,ACC_00233,ACC_00117,9.48,118821.01257685301,166209.61737856056,0,legitimate_transfer,9,4,5,3,3
TX_GRAPH_000814,ACC_00379,ACC_00121,11.8,143981.50409744677,19486.984244673422,0,legitimate_transfer,6,9,5,8,5
TX_GRAPH_000815,ACC_00313,ACC_00278,47.37,50837.944698707695,129464.87116274859,0,legitimate_transfer,6,8,4,2,2
TX_GRAPH_000816,ACC_00292,ACC_00234,90.65,142948.79455123466,95333.85704211512,0,legitimate_transfer,6,6,6,4,4
TX_GRAPH_000817,ACC_00269,ACC_00226,263.8,110162.31717681991,19263.05423580005,0,legitimate_transfer,5,4,7,4,4
TX_GRAPH_000818,ACC_00310,ACC_00267,157.14,170711.865683674,106951.05706526524,0,legitimate_transfer,8,9,5,7,5
TX_GRAPH_000819,ACC_00460,ACC_00125,31.67,257640.41447627125,257733.06382595559,0,legitimate_transfer,7,6,4,4,4
TX_GRAPH_000820,ACC_00222,ACC_00433,128.55,124750.41361111551,161271.0421433199,0,legitimate_transfer,4,7,3,5,3
TX_GRAPH_000821,ACC_00412,ACC_00480,109.03,127447.40438686634,26545.746211712572,0,legitimate_transfer,3,6,5,7,5
TX_GRAPH_000822,ACC_00399,ACC_00429,47.47,243468.21512759512,198987.10943214048,0,legitimate_transfer,4,6,5,2,2
TX_GRAPH_000823,ACC_00218,ACC_00313,29.02,179381.55024984185,252997.10791795963,0,legitimate_transfer,6,6,6,8,6
TX_GRAPH_000824,ACC_00448,ACC_00187,53.74,104476.91791590229,243499.6107026028,0,legitimate_transfer,4,10,4,7,4
TX_GRAPH_000825,ACC_00303,ACC_00244,111.29,241808.17638424112,205978.12599370477,0,legitimate_transfer,4,7,4,3,3
TX_GRAPH_000826,ACC_00198,ACC_00245,143.55,182665.4059675109,138246.12179997328,0,legitimate_transfer,5,8,7,2,2
TX_GRAPH_000827,ACC_00449,ACC_00257,46.51,81335.4145900579,68744.17194603276,0,legitimate_transfer,6,7,9,6,6
TX_GRAPH_000828,ACC_00288,ACC_00250,73.65,254066.94665601934,248497.20994907216,0,legitimate_transfer,2,8,7,7,7
TX_GRAPH_000829,ACC_00380,ACC_00035,51.83,164067.76997696975,149566.2981498433,0,legitimate_transfer,2,4,4,7,4
TX_GRAPH_000830,ACC_00088,ACC_00011,60.38,22404.897754547703,32950.85234921276,0,legitimate_transfer,8,10,6,6,6
TX_GRAPH_000831,ACC_00410,ACC_00312,60.89,65362.269690522975,143904.32580513542,0,legitimate_transfer,3,8,5,5,5
TX_GRAPH_000832,ACC_00186,ACC_00071,22.66,161320.72736426658,115772.4252844538,0,legitimate_transfer,5,5,4,8,4
TX_GRAPH_000833,ACC_00086,ACC_00302,111.02,88209.29183615085,232956.38722814323,0,legitimate_transfer,7,4,8,5,5
TX_GRAPH_000834,ACC_00372,ACC_00481,16.03,34243.55395801431,187070.3326185938,0,legitimate_transfer,5,10,8,3,3
TX_GRAPH_000835,ACC_00387,ACC_00467,79.2,180776.916581737,181757.11282299497,0,legitimate_transfer,4,9,7,9,7
TX_GRAPH_000836,ACC_00318,ACC_00234,21.05,193380.0213645445,167294.2257431589,0,legitimate_transfer,8,7,6,4,4
TX_GRAPH_000837,ACC_00140,ACC_00247,71.46,251621.24284238074,250741.63830072887,0,legitimate_transfer,2,4,9,5,5
TX_GRAPH_000838,ACC_00463,ACC_00396,141.6,80601.0794035736,65375.629049899086,0,legitimate_transfer,9,6,9,6,6
TX_GRAPH_000839,ACC_00294,ACC_00266,45.68,252372.7728882981,41931.62360545586,0,legitimate_transfer,6,4,5,5,5
TX_GRAPH_000840,ACC_00363,ACC_00122,20.48,187139.15803013838,213049.9136885557,0,legitimate_transfer,2,7,5,12,5
TX_GRAPH_000841,ACC_00157,ACC_00429,135.79,121773.93006468599,256109.41833185608,0,legitimate_transfer,3,3,5,2,2
TX_GRAPH_000842,ACC_00219,ACC_00467,92.68,4462.319689735539,18397.683008406566,0,legitimate_transfer,5,9,7,9,7
TX_GRAPH_000843,ACC_00470,ACC_00024,47.74,162967.9875209369,95423.7371858381,0,legitimate_transfer,2,4,12,9,9
TX_GRAPH_000844,ACC_00179,ACC_00463,243.32,60192.10064993546,69149.69732817535,0,legitimate_transfer,7,6,9,6,6
TX_GRAPH_000845,ACC_00415,ACC_00401,13.83,56800.49805247746,132806.21485433594,0,legitimate_transfer,4,3,4,2,2
TX_GRAPH_000846,ACC_00365,ACC_00385,21.45,127220.63844526613,20941.39219331121,0,legitimate_transfer,5,4,7,3,3
TX_GRAPH_000847,ACC_00309,ACC_00206,19.32,157676.90075947286,169325.88441928182,0,legitimate_transfer,6,9,8,8,8
TX_GRAPH_000848,ACC_00122,ACC_00066,30.21,154464.67289777304,229209.78353036527,0,legitimate_transfer,5,12,7,7,7
TX_GRAPH_000849,ACC_00356,ACC_00067,40.27,60099.64641045687,140025.43920539855,0,legitimate_transfer,6,11,7,7,7
TX_GRAPH_000850,ACC_00169,ACC_00231,63.85,79427.19590261989,219679.10808457108,0,legitimate_transfer,5,8,10,9,9
TX_GRAPH_000851,ACC_00300,ACC_00153,29.82,3943.2402964237854,98420.9678284419,0,legitimate_transfer,4,5,4,8,4
TX_GRAPH_000852,ACC_00304,ACC_00008,97.92,180853.51089688245,158028.46081690516,0,legitimate_transfer,6,10,4,6,4
TX_GRAPH_000853,ACC_00093,ACC_00048,42.6,167465.44703289508,163606.61793659092,0,legitimate_transfer,6,6,3,4,3
TX_GRAPH_000854,ACC_00300,ACC_00263,22.94,112809.92253036011,134614.5553955399,0,legitimate_transfer,4,5,4,4,4
TX_GRAPH_000855,ACC_00299,ACC_00006,109.85,150592.48304295435,194420.2974185008,0,legitimate_transfer,7,7,6,6,6
TX_GRAPH_000856,ACC_00144,ACC_00141,36.85,220965.92656953866,254715.2699446233,0,legitimate_transfer,4,5,5,7,5
TX_GRAPH_000857,ACC_00121,ACC_00186,22.09,221109.846342085,126051.31099496158,0,legitimate_transfer,5,8,5,5,5
TX_GRAPH_000858,ACC_00138,ACC_00064,32.68,182187.3655698913,154966.05333859703,0,legitimate_transfer,6,10,7,5,5
TX_GRAPH_000859,ACC_00404,ACC_00351,168.43,219551.57802746142,169082.98647684773,0,legitimate_transfer,4,3,5,7,5
TX_GRAPH_000860,ACC_00358,ACC_00190,29.49,251197.15822450255,60686.78709811842,0,legitimate_transfer,10,10,10,7,7
TX_GRAPH_000861,ACC_00425,ACC_00406,76.26,66497.82763418143,94115.54893442833,0,legitimate_transfer,6,7,6,5,5
TX_GRAPH_000862,ACC_00416,ACC_00172,20.99,41622.52289239122,251208.55025963072,0,legitimate_transfer,7,6,8,6,6
TX_GRAPH_000863,ACC_00246,ACC_00476,111.04,14719.196854113723,242173.52893570354,0,legitimate_transfer,6,7,1,4,1
TX_GRAPH_000864,ACC_00488,ACC_00034,45.44,92359.93954264208,132402.8711081458,0,legitimate_transfer,5,7,6,5,5
TX_GRAPH_000865,ACC_00363,ACC_00092,59.88,176582.98861866194,242570.29790263786,0,legitimate_transfer,2,7,5,5,5
TX_GRAPH_000866,ACC_00153,ACC_00215,202.23,73498.71080787087,101533.69983361622,0,legitimate_transfer,4,8,4,2,2
TX_GRAPH_000867,ACC_00036,ACC_00257,53.59,230724.92639815045,15031.34872496006,0,legitimate_transfer,3,7,9,6,6
TX_GRAPH_000868,ACC_00054,ACC_00358,11.09,183080.78276374136,73743.43051844255,0,legitimate_transfer,5,5,10,10,10
TX_GRAPH_000869,ACC_00173,ACC_00269,40.58,203568.33413776723,24060.45211918425,0,legitimate_transfer,3,9,5,4,4
TX_GRAPH_000870,ACC_00409,ACC_00280,29.55,12189.282833101153,118297.86786608468,0,legitimate_transfer,9,5,3,5,3
TX_GRAPH_000871,ACC_00340,ACC_00058,54.43,253372.71374746572,50943.75830825011,0,legitimate_transfer,10,8,7,6,6
TX_GRAPH_000872,ACC_00406,ACC_00156,20.84,216515.65270777998,112277.19319215941,0,legitimate_transfer,6,5,6,10,6
TX_GRAPH_000873,ACC_00067,ACC_00305,61.33,180518.04637301547,202854.58659854304,0,legitimate_transfer,7,7,3,7,3
TX_GRAPH_000874,ACC_00318,ACC_00285,173.68,91250.65581072567,44071.46146455674,0,legitimate_transfer,8,7,11,5,5
TX_GRAPH_000875,ACC_00188,ACC_00404,22.35,214426.42100899812,6538.408074675915,0,legitimate_transfer,6,3,4,3,3
TX_GRAPH_000876,ACC_00348,ACC_00273,25.84,178535.63608847323,80229.53571843327,0,legitimate_transfer,7,3,9,4,4
TX_GRAPH_000877,ACC_00292,ACC_00202,154.29,10774.935664296576,111151.26690997762,0,legitimate_transfer,6,6,1,8,1
TX_GRAPH_000878,ACC_00287,ACC_00369,31.54,181578.1199761846,76095.96932975948,0,legitimate_transfer,4,6,6,4,4
TX_GRAPH_000879,ACC_00489,ACC_00390,88.77,119405.86464219425,225880.4890638573,0,legitimate_transfer,6,6,11,7,7
TX_GRAPH_000880,ACC_00206,ACC_00290,68.33,13680.547609519765,230037.10379399944,0,legitimate_transfer,8,8,7,4,4
TX_GRAPH_000881,ACC_00096,ACC_00432,50.56,205233.48128560677,139039.57149522548,0,legitimate_transfer,2,8,4,4,4
TX_GRAPH_000882,ACC_00283,ACC_00011,71.92,228242.34421642698,142736.28738573485,0,legitimate_transfer,4,6,6,6,6
TX_GRAPH_000883,ACC_00198,ACC_00359,51.63,174361.50057317314,74288.19197051729,0,legitimate_transfer,5,8,5,2,2
TX_GRAPH_000884,ACC_00050,ACC_00081,85.33,42549.057950503775,97100.7585575163,0,legitimate_transfer,4,9,8,4,4
TX_GRAPH_000885,ACC_00304,ACC_00205,17.99,215660.67192006196,6121.726930545623,0,legitimate_transfer,6,10,2,4,2
TX_GRAPH_000886,ACC_00132,ACC_00409,21.02,209657.1246292099,184348.57220045317,0,legitimate_transfer,9,4,9,5,5
TX_GRAPH_000887,ACC_00027,ACC_00486,73.56,109001.73749370595,154234.95511575532,0,legitimate_transfer,4,5,4,9,4
TX_GRAPH_000888,ACC_00304,ACC_00059,78.73,52212.997548126434,5819.9366070592805,0,legitimate_transfer,6,10,6,8,6
TX_GRAPH_000889,ACC_00207,ACC_00402,24.82,68060.74526169096,147213.1870848699,0,legitimate_transfer,7,6,3,4,3
TX_GRAPH_000890,ACC_00081,ACC_00268,49.72,196118.40952344844,89577.97041024566,0,legitimate_transfer,8,4,8,7,7
TX_GRAPH_000891,ACC_00137,ACC_00436,32.24,96796.3641835413,258352.67838475757,0,legitimate_transfer,7,6,7,6,6
TX_GRAPH_000892,ACC_00256,ACC_00110,159.14,86249.92596016277,255645.94441445632,0,legitimate_transfer,2,4,4,6,4
TX_GRAPH_000893,ACC_00120,ACC_00129,98.29,226037.90674855834,10730.042395968756,0,legitimate_transfer,4,6,6,5,5
TX_GRAPH_000894,ACC_00314,ACC_00004,42.69,53686.443411320426,237747.13965646617,0,legitimate_transfer,1,4,4,9,4
TX_GRAPH_000895,ACC_00279,ACC_00383,85.43,196992.35320581667,228120.02554310494,0,legitimate_transfer,6,7,4,6,4
TX_GRAPH_000896,ACC_00087,ACC_00348,16.59,215963.9566669739,238598.59259318173,0,legitimate_transfer,6,9,7,3,3
TX_GRAPH_000897,ACC_00484,ACC_00459,54.89,146164.77892580503,6413.856727347241,0,legitimate_transfer,8,6,8,7,7
TX_GRAPH_000898,ACC_00239,ACC_00486,16.14,88397.95761721097,111931.83801944557,0,legitimate_transfer,7,5,4,9,4
TX_GRAPH_000899,ACC_00102,ACC_00143,28.66,244617.66785384336,198732.52433281147,0,legitimate_transfer,4,3,7,5,5
TX_GRAPH_000900,ACC_00044,ACC_00452,16.29,145205.88595379083,220524.4820912226,0,legitimate_transfer,3,8,8,4,4
TX_GRAPH_000901,ACC_00116,ACC_00312,41.89,6966.225212461421,250555.5620768965,0,legitimate_transfer,7,4,5,5,5
TX_GRAPH_000902,ACC_00017,ACC_00435,54.32,168789.0492547121,163904.85234994715,0,legitimate_transfer,5,7,5,10,5
TX_GRAPH_000903,ACC_00133,ACC_00413,23.09,39523.595883018555,30490.285619096598,0,legitimate_transfer,4,1,7,7,7
TX_GRAPH_000904,ACC_00066,ACC_00300,63.47,254445.82513124612,44449.789649067796,0,legitimate_transfer,7,7,4,5,4
TX_GRAPH_000905,ACC_00472,ACC_00233,28.91,208593.25411581242,80121.68916551443,0,legitimate_transfer,6,7,9,4,4
TX_GRAPH_000906,ACC_00083,ACC_00076,49.57,39753.348717594316,222881.78388237653,0,legitimate_transfer,8,4,5,3,3
TX_GRAPH_000907,ACC_00383,ACC_00022,196.9,168869.98344367623,48280.097595072046,0,legitimate_transfer,4,6,4,6,4
TX_GRAPH_000908,ACC_00038,ACC_00435,19.18,11092.021359658549,231764.85125456363,0,legitimate_transfer,3,4,5,10,5
TX_GRAPH_000909,ACC_00077,ACC_00481,20.23,18555.700042649292,207314.57527795748,0,legitimate_transfer,5,2,8,3,3
TX_GRAPH_000910,ACC_00107,ACC_00197,26.98,38488.095863550494,122333.1215891275,0,legitimate_transfer,5,6,5,6,5
TX_GRAPH_000911,ACC_00274,ACC_00297,46.95,66290.03198431381,118041.05484334838,0,legitimate_transfer,4,5,10,6,6
TX_GRAPH_000912,ACC_00263,ACC_00155,131.87,83939.33115527725,209126.93634479228,0,legitimate_transfer,4,4,8,3,3
TX_GRAPH_000913,ACC_00462,ACC_00409,13.15,38166.207766156374,124732.94959694365,0,legitimate_transfer,2,8,9,5,5
TX_GRAPH_000914,ACC_00466,ACC_00337,129.64,54231.21941946739,24947.998601947074,0,legitimate_transfer,5,10,6,7,6
TX_GRAPH_000915,ACC_00099,ACC_00185,20.59,176777.5699366685,224843.02904365776,0,legitimate_transfer,11,4,10,8,8
TX_GRAPH_000916,ACC_00407,ACC_00173,33.87,13089.814669217702,256583.41829022695,0,legitimate_transfer,3,5,3,9,3
TX_GRAPH_000917,ACC_00095,ACC_00184,44.04,134189.18514284058,155022.00449311154,0,legitimate_transfer,3,3,4,6,4
TX_GRAPH_000918,ACC_00139,ACC_00192,92.9,197705.5655975994,184686.18800227993,0,legitimate_transfer,6,3,14,7,7
TX_GRAPH_000919,ACC_00411,ACC_00118,69.57,31714.999482797713,83567.61373096764,0,legitimate_transfer,2,7,3,9,3
TX_GRAPH_000920,ACC_00417,ACC_00144,73.0,821.2021477390828,125242.10692656734,0,legitimate_transfer,5,8,4,5,4
TX_GRAPH_000921,ACC_00317,ACC_00245,16.17,228496.1039583771,72875.72801167284,0,legitimate_transfer,7,6,7,2,2
TX_GRAPH_000922,ACC_00332,ACC_00367,32.23,74442.16276369624,179882.03773549272,0,legitimate_transfer,6,6,4,4,4
TX_GRAPH_000923,ACC_00161,ACC_00396,46.69,138625.20798237275,36913.258817351016,0,legitimate_transfer,7,6,9,6,6
TX_GRAPH_000924,ACC_00390,ACC_00179,27.61,182631.09416833808,166777.596452778,0,legitimate_transfer,11,7,7,6,6
TX_GRAPH_000925,ACC_00101,ACC_00129,102.74,75162.77245414161,185006.1304949307,0,legitimate_transfer,3,6,6,5,5
TX_GRAPH_000926,ACC_00230,ACC_00026,43.61,45004.34154643791,215408.08549186582,0,legitimate_transfer,4,8,5,4,4
TX_GRAPH_000927,ACC_00074,ACC_00440,77.55,206238.3794078097,43545.1885865742,0,legitimate_transfer,3,4,6,4,4
TX_GRAPH_000928,ACC_00143,ACC_00046,23.65,195892.41975812626,151029.92156093672,0,legitimate_transfer,7,5,5,6,5
TX_GRAPH_000929,ACC_00081,ACC_00277,50.7,38810.06100768485,9881.790423701657,0,legitimate_transfer,8,4,4,5,4
TX_GRAPH_000930,ACC_00118,ACC_00445,107.61,24985.14597576635,163988.797821997,0,legitimate_transfer,3,9,7,9,7
TX_GRAPH_000931,ACC_00273,ACC_00400,215.21,60099.84414353839,140666.95663177036,0,legitimate_transfer,9,4,4,7,4
TX_GRAPH_000932,ACC_00374,ACC_00369,78.99,7925.022729204734,250613.17468367307,0,legitimate_transfer,2,6,6,4,4
TX_GRAPH_000933,ACC_00033,ACC_00141,43.85,254488.20850239426,166105.43218756389,0,legitimate_transfer,7,9,5,7,5
TX_GRAPH_000934,ACC_00130,ACC_00268,99.34,35115.89133961706,188116.92453402106,0,legitimate_transfer,7,4,8,7,7
TX_GRAPH_000935,ACC_00195,ACC_00438,75.43,103405.01819664362,28571.071572257737,0,legitimate_transfer,6,4,6,4,4
TX_GRAPH_000936,ACC_00118,ACC_00333,27.52,101979.9366213772,120132.51859066455,0,legitimate_transfer,3,9,3,2,2
TX_GRAPH_000937,ACC_00466,ACC_00343,86.76,52524.33617184774,206912.02840306846,0,legitimate_transfer,5,10,5,3,3
TX_GRAPH_000938,ACC_00435,ACC_00241,109.01,221048.7543280525,256133.63091082135,0,legitimate_transfer,5,10,6,5,5
TX_GRAPH_000939,ACC_00268,ACC_00349,49.41,193038.14680367341,184494.88381187647,0,legitimate_transfer,8,7,7,6,6
TX_GRAPH_000940,ACC_00332,ACC_00299,71.33,103261.36912396591,25003.17370532995,0,legitimate_transfer,6,6,7,7,7
TX_GRAPH_000941,ACC_00435,ACC_00180,136.39,214398.8745312233,198959.21380322252,0,legitimate_transfer,5,10,9,6,6
TX_GRAPH_000942,ACC_00330,ACC_00162,28.01,69811.8576355955,157481.73581902444,0,legitimate_transfer,4,8,8,2,2
TX_GRAPH_000943,ACC_00154,ACC_00473,33.47,4786.32664366687,41747.131088972026,0,legitimate_transfer,2,5,5,6,5
TX_GRAPH_000944,ACC_00276,ACC_00109,81.32,86323.4090373112,175880.28335970244,0,legitimate_transfer,4,5,6,2,2
TX_GRAPH_000945,ACC_00220,ACC_00066,29.28,79178.75877716368,12726.003559556755,0,legitimate_transfer,2,8,7,7,7
TX_GRAPH_000946,ACC_00337,ACC_00293,49.21,254507.18327086853,30837.82732359844,0,legitimate_transfer,6,7,4,2,2
TX_GRAPH_000947,ACC_00167,ACC_00297,7.9,60335.77500305251,123214.14708047199,0,legitimate_transfer,4,3,10,6,6
TX_GRAPH_000948,ACC_00055,ACC_00170,36.17,210823.206710829,53777.97801005779,0,legitimate_transfer,3,6,5,6,5
TX_GRAPH_000949,ACC_00211,ACC_00248,118.84,16818.998877183676,19895.5987794695,0,legitimate_transfer,3,6,7,2,2
TX_GRAPH_000950,ACC_00023,ACC_00467,24.08,17851.592061782078,160541.23694797655,0,legitimate_transfer,10,4,7,9,7
TX_GRAPH_000951,ACC_00069,ACC_00159,42.9,38583.217344778976,148065.15921401215,0,legitimate_transfer,5,7,7,7,7
TX_GRAPH_000952,ACC_00470,ACC_00019,86.58,9450.610700729676,258257.65097270027,0,legitimate_transfer,2,4,11,4,4
TX_GRAPH_000953,ACC_00435,ACC_00055,61.79,41042.6305302727,232889.30105516387,0,legitimate_transfer,5,10,3,6,3
TX_GRAPH_000954,ACC_00188,ACC_00341,39.07,109728.5845444058,119514.86396426115,0,legitimate_transfer,6,3,4,4,4
TX_GRAPH_000955,ACC_00349,ACC_00416,88.77,203222.11593563334,230773.0080196107,0,legitimate_transfer,7,6,7,6,6
TX_GRAPH_000956,ACC_00257,ACC_00379,21.92,76120.24452566469,53587.107118579544,0,legitimate_transfer,9,6,6,9,6
TX_GRAPH_000957,ACC_00110,ACC_00024,72.74,200646.84465675993,89756.25848760645,0,legitimate_transfer,4,6,12,9,9
TX_GRAPH_000958,ACC_00351,ACC_00073,24.9,40201.69880698993,52536.07873070121,0,legitimate_transfer,5,7,5,4,4
TX_GRAPH_000959,ACC_00465,ACC_00126,32.9,218673.18395553244,16347.539572870663,0,legitimate_transfer,2,3,12,7,7
TX_GRAPH_000960,ACC_00035,ACC_00194,37.54,174384.9949494783,105055.07473850388,0,legitimate_transfer,4,7,4,3,3
TX_GRAPH_000961,ACC_00068,ACC_00227,39.92,158839.60809109037,70394.69465689243,0,legitimate_transfer,7,7,7,3,3
TX_GRAPH_000962,ACC_00211,ACC_00259,799.21,188956.74520061535,245518.32005735123,0,legitimate_transfer,3,6,6,1,1
TX_GRAPH_000963,ACC_00031,ACC_00113,60.22,83990.18244555742,167461.10431245196,0,legitimate_transfer,3,6,5,2,2
TX_GRAPH_000964,ACC_00221,ACC_00137,171.44,31419.324908559476,179570.23997397954,0,legitimate_transfer,6,7,7,6,6
TX_GRAPH_000965,ACC_00153,ACC_00086,36.94,226555.62449158612,64263.25739670042,0,legitimate_transfer,4,8,7,4,4
TX_GRAPH_000966,ACC_00013,ACC_00102,29.32,108902.0858985893,251094.14499434378,0,legitimate_transfer,6,6,4,3,3
TX_GRAPH_000967,ACC_00330,ACC_00165,129.33,109370.6367889789,106821.18356041196,0,legitimate_transfer,4,8,4,4,4
TX_GRAPH_000968,ACC_00362,ACC_00487,60.11,126244.10402242129,39370.066114000234,0,legitimate_transfer,6,7,10,3,3
TX_GRAPH_000969,ACC_00029,ACC_00151,18.79,97144.92616531278,236409.04790685573,0,legitimate_transfer,8,7,9,3,3
TX_GRAPH_000970,ACC_00061,ACC_00013,94.28,181024.22380444306,205847.69443778164,0,legitimate_transfer,3,7,6,6,6
TX_GRAPH_000971,ACC_00458,ACC_00258,107.9,53586.28475889968,194178.94692062,0,legitimate_transfer,3,5,3,6,3
TX_GRAPH_000972,ACC_00027,ACC_00161,55.26,231525.46912163397,117963.6239276112,0,legitimate_transfer,4,5,7,6,6
TX_GRAPH_000973,ACC_00284,ACC_00255,45.98,202095.93727639224,187597.2040633316,0,legitimate_transfer,2,5,7,4,4
TX_GRAPH_000974,ACC_00178,ACC_00018,55.54,17651.409423491325,185954.22031227773,0,legitimate_transfer,2,7,8,4,4
TX_GRAPH_000975,ACC_00165,ACC_00352,106.03,49043.794939318715,208894.53761251076,0,legitimate_transfer,4,4,7,1,1
TX_GRAPH_000976,ACC_00041,ACC_00444,20.56,3063.6361881885896,236160.99326857962,0,legitimate_transfer,6,7,6,3,3
TX_GRAPH_000977,ACC_00243,ACC_00355,98.29,190665.87568289012,201746.6568800328,0,legitimate_transfer,6,8,5,5,5
TX_GRAPH_000978,ACC_00379,ACC_00035,101.4,44010.95864017049,245638.01767621224,0,legitimate_transfer,6,9,4,7,4
TX_GRAPH_000979,ACC_00342,ACC_00053,24.87,250943.97535219922,15761.964510215075,0,legitimate_transfer,3,6,7,9,7
TX_GRAPH_000980,ACC_00236,ACC_00316,33.23,30414.036987587835,40764.111844564584,0,legitimate_transfer,3,6,5,7,5
TX_GRAPH_000981,ACC_00296,ACC_00228,41.1,3660.0165389112162,22675.11766905887,0,legitimate_transfer,4,9,6,10,6
TX_GRAPH_000982,ACC_00232,ACC_00134,34.04,205124.2259073557,69726.17334935404,0,legitimate_transfer,4,5,6,6,6
TX_GRAPH_000983,ACC_00458,ACC_00216,46.11,69596.71460459562,207613.0415968254,0,legitimate_transfer,3,5,9,5,5
TX_GRAPH_000984,ACC_00034,ACC_00308,53.5,160440.94627764393,175259.86801421057,0,legitimate_transfer,6,5,7,6,6
TX_GRAPH_000985,ACC_00035,ACC_00025,51.24,165364.0339795057,11695.835166882613,0,legitimate_transfer,4,7,5,1,1
TX_GRAPH_000986,ACC_00027,ACC_00322,106.88,12323.997346369151,13234.951735862494,0,legitimate_transfer,4,5,7,2,2
TX_GRAPH_000987,ACC_00398,ACC_00186,79.0,177583.32181669,225817.1962071322,0,legitimate_transfer,4,7,5,5,5
TX_GRAPH_000988,ACC_00469,ACC_00353,54.97,76190.2442742516,157035.95913993157,0,legitimate_transfer,4,7,7,4,4
TX_GRAPH_000989,ACC_00413,ACC_00049,94.56,35717.58574038021,105568.78901455655,0,legitimate_transfer,7,7,7,5,5
TX_GRAPH_000990,ACC_00014,ACC_00268,197.95,251516.50919576405,121938.5399994667,0,legitimate_transfer,7,6,8,7,7
TX_GRAPH_000991,ACC_00387,ACC_00099,157.81,239250.81734927173,119145.93180265711,0,legitimate_transfer,4,9,11,4,4
TX_GRAPH_000992,ACC_00062,ACC_00023,120.89,202040.74502417803,242825.18268415603,0,legitimate_transfer,2,3,10,4,4
TX_GRAPH_000993,ACC_00136,ACC_00015,22.28,207365.52776744345,258249.39640256175,0,legitimate_transfer,10,5,4,7,4
TX_GRAPH_000994,ACC_00220,ACC_00185,50.18,40259.84614809807,35579.68020148245,0,legitimate_transfer,2,8,10,8,8
TX_GRAPH_000995,ACC_00369,ACC_00472,25.6,10509.486419308949,55497.01926882752,0,legitimate_transfer,6,4,6,7,6
TX_GRAPH_000996,ACC_00288,ACC_00332,62.95,77384.84218690835,229698.07968361842,0,legitimate_transfer,2,8,6,6,6
TX_GRAPH_000997,ACC_00270,ACC_00229,16.16,76674.81963926995,26619.645744075995,0,legitimate_transfer,5,6,4,2,2
TX_GRAPH_000998,ACC_00296,ACC_00266,23.13,162987.58469197227,184542.98880346832,0,legitimate_transfer,4,9,5,5,5
TX_GRAPH_000999,ACC_00122,ACC_00472,94.42,79240.0870905637,164133.37241951015,0,legitimate_transfer,5,12,6,7,6
TX_GRAPH_001000,ACC_00450,ACC_00327,143.34,218092.6848502353,240877.87296832498,0,legitimate_transfer,8,8,4,13,4
TX_GRAPH_001001,ACC_00493,ACC_00025,36.8,168342.74456940967,43400.16267792123,0,legitimate_transfer,3,3,5,1,1
TX_GRAPH_001002,ACC_00356,ACC_00351,220.03,54370.10948482672,62655.33291756473,0,legitimate_transfer,6,11,5,7,5
TX_GRAPH_001003,ACC_00142,ACC_00245,58.54,100688.87561375504,192820.88152646535,0,legitimate_transfer,7,3,7,2,2
TX_GRAPH_001004,ACC_00479,ACC_00340,176.73,61417.653447156044,209357.4447769295,0,legitimate_transfer,4,4,10,8,8
TX_GRAPH_001005,ACC_00237,ACC_00201,46.06,94513.0564441926,252851.65992597648,0,legitimate_transfer,4,3,5,4,4
TX_GRAPH_001006,ACC_00392,ACC_00029,194.88,204140.6964053497,194906.87549067163,0,legitimate_transfer,7,3,8,7,7
TX_GRAPH_001007,ACC_00232,ACC_00353,28.84,57033.11534550704,248236.89399467062,0,legitimate_transfer,4,5,7,4,4
TX_GRAPH_001008,ACC_00375,ACC_00132,28.44,142969.04690080634,117118.864817306,0,legitimate_transfer,3,6,9,4,4
TX_GRAPH_001009,ACC_00297,ACC_00490,47.39,163881.12977463214,5858.623696206274,0,legitimate_transfer,10,6,9,2,2
TX_GRAPH_001010,ACC_00448,ACC_00381,29.3,175637.09800225735,135489.62268157746,0,legitimate_transfer,4,10,7,2,2
TX_GRAPH_001011,ACC_00034,ACC_00288,66.16,6453.032828867207,207071.05552664594,0,legitimate_transfer,6,5,2,8,2
TX_GRAPH_001012,ACC_00473,ACC_00273,20.84,72143.31387499353,164829.4307387556,0,legitimate_transfer,5,6,9,4,4
TX_GRAPH_001013,ACC_00462,ACC_00049,85.72,206421.22937321328,140570.73599230844,0,legitimate_transfer,2,8,7,5,5
TX_GRAPH_001014,ACC_00344,ACC_00208,50.17,7452.503704148396,121572.81607334617,0,legitimate_transfer,2,6,11,1,1
TX_GRAPH_001015,ACC_00231,ACC_00427,25.79,120089.66817717171,178885.18505953232,0,legitimate_transfer,10,9,6,4,4
TX_GRAPH_001016,ACC_00319,ACC_00171,13.39,155618.38856411618,237927.40397571996,0,legitimate_transfer,8,4,7,6,6
TX_GRAPH_001017,ACC_00162,ACC_00082,24.05,175349.7619750777,156101.1931136154,0,legitimate_transfer,8,2,5,4,4
TX_GRAPH_001018,ACC_00144,ACC_00391,73.94,23054.413063123597,178355.9189612995,0,legitimate_transfer,4,5,3,5,3
TX_GRAPH_001019,ACC_00021,ACC_00029,91.07,225069.7176688061,71184.1147643263,0,legitimate_transfer,7,7,8,7,7
TX_GRAPH_001020,ACC_00420,ACC_00142,163.63,178287.51539028526,8796.252880579254,0,legitimate_transfer,3,4,7,3,3
TX_GRAPH_001021,ACC_00143,ACC_00486,133.66,251705.24620320476,258609.9018879508,0,legitimate_transfer,7,5,4,9,4
TX_GRAPH_001022,ACC_00212,ACC_00260,181.08,67380.97808619578,76570.47666950687,0,legitimate_transfer,3,7,8,6,6
TX_GRAPH_001023,ACC_00395,ACC_00102,38.91,23941.743504314993,211903.6091775695,0,legitimate_transfer,3,2,4,3,3
TX_GRAPH_001024,ACC_00122,ACC_00037,68.98,181712.38297089812,56385.5867553937,0,legitimate_transfer,5,12,7,6,6
TX_GRAPH_001025,ACC_00345,ACC_00214,65.84,108358.36921000773,26862.055293206966,0,legitimate_transfer,5,5,8,5,5
TX_GRAPH_001026,ACC_00230,ACC_00235,38.74,119188.99145792979,227947.96669468287,0,legitimate_transfer,4,8,5,3,3
TX_GRAPH_001027,ACC_00330,ACC_00214,19.05,158545.75774201407,20465.61644154825,0,legitimate_transfer,4,8,8,5,5
TX_GRAPH_001028,ACC_00255,ACC_00075,35.7,88330.88311409464,37285.27667743822,0,legitimate_transfer,7,4,8,5,5
TX_GRAPH_001029,ACC_00134,ACC_00074,62.62,169684.800284258,58720.135725656226,0,legitimate_transfer,6,6,3,4,3
TX_GRAPH_001030,ACC_00243,ACC_00413,78.43,14205.995464440979,228959.16208335105,0,legitimate_transfer,6,8,7,7,7
TX_GRAPH_001031,ACC_00156,ACC_00292,31.05,104384.98943186682,9496.346219817293,0,legitimate_transfer,6,10,6,6,6
TX_GRAPH_001032,ACC_00207,ACC_00049,183.57,35081.77627807123,200139.67882922993,0,legitimate_transfer,7,6,7,5,5
TX_GRAPH_001033,ACC_00007,ACC_00183,82.37,102374.28240698423,105151.52778779101,0,legitimate_transfer,5,6,8,6,6
TX_GRAPH_001034,ACC_00087,ACC_00013,36.94,90690.76032122737,44869.08845494572,0,legitimate_transfer,6,9,6,6,6
TX_GRAPH_001035,ACC_00282,ACC_00136,63.95,177555.08631348246,202595.13609563262,0,legitimate_transfer,4,8,10,5,5
TX_GRAPH_001036,ACC_00049,ACC_00105,119.1,59411.19509916406,7884.445491481034,0,legitimate_transfer,7,5,8,2,2
TX_GRAPH_001037,ACC_00311,ACC_00477,39.02,113119.66705550445,167985.08171237932,0,legitimate_transfer,2,5,7,3,3
TX_GRAPH_001038,ACC_00093,ACC_00362,79.33,35615.0234730489,126836.40315459398,0,legitimate_transfer,6,6,6,7,6
TX_GRAPH_001039,ACC_00255,ACC_00227,324.47,28505.13956696163,45840.92131265773,0,legitimate_transfer,7,4,7,3,3
TX_GRAPH_001040,ACC_00215,ACC_00311,104.15,208749.69193322686,81023.26870466293,0,legitimate_transfer,4,2,2,5,2
TX_GRAPH_001041,ACC_00170,ACC_00200,62.38,66115.61199308118,88756.27263023455,0,legitimate_transfer,5,6,3,7,3
TX_GRAPH_001042,ACC_00243,ACC_00133,47.62,117945.4157604796,157923.8842305797,0,legitimate_transfer,6,8,4,1,1
TX_GRAPH_001043,ACC_00394,ACC_00126,64.62,12544.986989027497,181602.94869647027,0,legitimate_transfer,3,5,12,7,7
TX_GRAPH_001044,ACC_00234,ACC_00067,23.57,6716.40359774919,14791.068677467265,0,legitimate_transfer,6,4,7,7,7
TX_GRAPH_001045,ACC_00274,ACC_00145,130.6,64702.907059506004,258979.6643002786,0,legitimate_transfer,4,5,5,6,5
TX_GRAPH_001046,ACC_00158,ACC_00364,133.74,150745.5538217444,17942.379263525352,0,legitimate_transfer,4,9,4,5,4
TX_GRAPH_001047,ACC_00118,ACC_00041,292.35,12570.207767409813,100993.73959492393,0,legitimate_transfer,3,9,6,7,6
TX_GRAPH_001048,ACC_00122,ACC_00460,51.31,134188.13927762568,159485.77295771785,0,legitimate_transfer,5,12,7,6,6
TX_GRAPH_001049,ACC_00015,ACC_00261,125.03,121279.14284870082,21836.318636579428,0,legitimate_transfer,4,7,2,14,2
TX_GRAPH_001050,ACC_00069,ACC_00377,267.44,34751.70662759666,220841.61704212226,0,legitimate_transfer,5,7,11,5,5
TX_GRAPH_001051,ACC_00181,ACC_00393,82.04,37428.638798157044,239844.37911528896,0,legitimate_transfer,5,9,7,6,6
TX_GRAPH_001052,ACC_00392,ACC_00129,80.8,253320.52242684993,57642.95383719066,0,legitimate_transfer,7,3,6,5,5
TX_GRAPH_001053,ACC_00140,ACC_00157,24.16,245364.11444026342,64891.25954658547,0,legitimate_transfer,2,4,3,3,3
TX_GRAPH_001054,ACC_00479,ACC_00461,182.96,247086.6726694021,97112.9983317434,0,legitimate_transfer,4,4,6,2,2
TX_GRAPH_001055,ACC_00122,ACC_00007,99.94,146567.37298644346,57594.72182586829,0,legitimate_transfer,5,12,5,6,5
TX_GRAPH_001056,ACC_00064,ACC_00338,45.83,99458.5827955176,214378.4131565277,0,legitimate_transfer,7,5,4,3,3
TX_GRAPH_001057,ACC_00160,ACC_00105,36.3,244438.17931563582,25881.965038863007,0,legitimate_transfer,3,6,8,2,2
TX_GRAPH_001058,ACC_00382,ACC_00434,167.26,240955.59411543523,101518.56021961261,0,legitimate_transfer,2,6,3,3,3
TX_GRAPH_001059,ACC_00113,ACC_00195,23.54,1719.3292806968948,104458.44744998819,0,legitimate_transfer,5,2,6,4,4
TX_GRAPH_001060,ACC_00406,ACC_00432,27.84,210770.34354484905,62192.18424158263,0,legitimate_transfer,6,5,4,4,4
TX_GRAPH_001061,ACC_00299,ACC_00181,47.93,91835.77407480413,30635.852028086665,0,legitimate_transfer,7,7,5,9,5
TX_GRAPH_001062,ACC_00462,ACC_00391,107.3,258670.59383843318,67382.11758511711,0,legitimate_transfer,2,8,3,5,3
TX_GRAPH_001063,ACC_00092,ACC_00087,32.18,199955.58471809005,247882.83093277577,0,legitimate_transfer,5,5,6,9,6
TX_GRAPH_001064,ACC_00410,ACC_00220,46.0,191177.3116258252,46939.39830091677,0,legitimate_transfer,3,8,2,8,2
TX_GRAPH_001065,ACC_00363,ACC_00437,31.03,173403.34250652834,143202.9743591404,0,legitimate_transfer,2,7,5,3,3
TX_GRAPH_001066,ACC_00050,ACC_00441,330.69,167162.16190376756,129204.66166662551,0,legitimate_transfer,4,9,4,3,3
TX_GRAPH_001067,ACC_00307,ACC_00253,87.4,236372.34506319967,189655.08822358566,0,legitimate_transfer,6,3,6,9,6
TX_GRAPH_001068,ACC_00152,ACC_00171,55.61,160258.37842549355,217011.27180724722,0,legitimate_transfer,4,2,7,6,6
TX_GRAPH_001069,ACC_00255,ACC_00117,20.06,234465.53620293783,199647.83987629545,0,legitimate_transfer,7,4,5,3,3
TX_GRAPH_001070,ACC_00271,ACC_00083,127.28,3105.3404397496893,103887.37430803855,0,legitimate_transfer,6,7,8,4,4
TX_GRAPH_001071,ACC_00211,ACC_00300,154.54,140735.5793200821,89305.16134775958,0,legitimate_transfer,3,6,4,5,4
TX_GRAPH_001072,ACC_00454,ACC_00161,19.23,224595.3454890917,18168.23560259001,0,legitimate_transfer,5,6,7,6,6
TX_GRAPH_001073,ACC_00174,ACC_00366,89.4,233282.0338400209,154949.95633424268,0,legitimate_transfer,1,8,8,9,8
TX_GRAPH_001074,ACC_00236,ACC_00451,81.69,157884.01369680447,236500.96604872798,0,legitimate_transfer,3,6,5,2,2
TX_GRAPH_001075,ACC_00066,ACC_00245,23.94,184417.94567835232,186021.76269895202,0,legitimate_transfer,7,7,7,2,2
TX_GRAPH_001076,ACC_00202,ACC_00409,43.53,256198.7042492267,124292.46258930606,0,legitimate_transfer,1,8,9,5,5
TX_GRAPH_001077,ACC_00496,ACC_00396,239.66,179639.40420397086,251454.81697443948,0,legitimate_transfer,4,5,9,6,6
TX_GRAPH_001078,ACC_00257,ACC_00401,103.72,257675.01939335454,246498.89811467123,0,legitimate_transfer,9,6,4,2,2
TX_GRAPH_001079,ACC_00261,ACC_00047,10.08,227505.38895666308,257177.68947983836,0,legitimate_transfer,2,14,5,5,5
TX_GRAPH_001080,ACC_00397,ACC_00389,29.05,58203.88990028843,242782.17106830233,0,legitimate_transfer,8,5,2,6,2
TX_GRAPH_001081,ACC_00111,ACC_00226,52.02,97262.92797593848,185100.63832600636,0,legitimate_transfer,8,9,7,4,4
TX_GRAPH_001082,ACC_00407,ACC_00458,58.65,187324.2776625026,10411.783050404876,0,legitimate_transfer,3,5,3,5,3
TX_GRAPH_001083,ACC_00454,ACC_00353,99.59,152174.97691874942,166937.25434654276,0,legitimate_transfer,5,6,7,4,4
TX_GRAPH_001084,ACC_00335,ACC_00353,12.4,243629.5553323198,185189.72685508273,0,legitimate_transfer,3,3,7,4,4
TX_GRAPH_001085,ACC_00159,ACC_00293,17.0,209650.19114464728,252646.89010262745,0,legitimate_transfer,7,7,4,2,2
TX_GRAPH_001086,ACC_00016,ACC_00238,33.52,113127.34296837224,70074.57915596793,0,legitimate_transfer,6,6,4,4,4
TX_GRAPH_001087,ACC_00330,ACC_00230,31.48,137366.81625299406,250295.28497464466,0,legitimate_transfer,4,8,4,8,4
TX_GRAPH_001088,ACC_00426,ACC_00415,67.23,198396.5823752058,131540.04323215553,0,legitimate_transfer,3,7,4,3,3
TX_GRAPH_001089,ACC_00258,ACC_00425,56.53,79398.08293187272,187791.88061710668,0,legitimate_transfer,3,6,6,7,6
TX_GRAPH_001090,ACC_00161,ACC_00075,85.52,246346.55678798197,139541.51356914034,0,legitimate_transfer,7,6,8,5,5
TX_GRAPH_001091,ACC_00004,ACC_00337,36.42,156750.10903989786,113015.54881359792,0,legitimate_transfer,4,9,6,7,6
TX_GRAPH_001092,ACC_00124,ACC_00241,31.85,37277.055132583046,120287.34723798202,0,legitimate_transfer,2,6,6,5,5
TX_GRAPH_001093,ACC_00070,ACC_00431,201.95,193896.68353338036,219802.33450781117,0,legitimate_transfer,3,8,6,5,5
TX_GRAPH_001094,ACC_00128,ACC_00285,20.39,10796.46359122658,217333.1466706465,0,legitimate_transfer,8,5,11,5,5
TX_GRAPH_001095,ACC_00139,ACC_00050,27.29,184532.36662193754,64291.60089987368,0,legitimate_transfer,6,3,4,9,4
TX_GRAPH_001096,ACC_00387,ACC_00234,170.84,194166.24514214863,120520.98536113954,0,legitimate_transfer,4,9,6,4,4
TX_GRAPH_001097,ACC_00114,ACC_00388,10.04,208432.9653368313,253291.3923978565,0,legitimate_transfer,7,4,8,4,4
TX_GRAPH_001098,ACC_00326,ACC_00271,48.56,50666.0012112065,117155.55981205573,0,legitimate_transfer,5,9,6,7,6
TX_GRAPH_001099,ACC_00331,ACC_00330,12.41,35889.495483880484,175872.88593240103,0,legitimate_transfer,5,4,4,8,4
TX_GRAPH_001100,ACC_00173,ACC_00010,54.71,81305.47159527411,219353.6791251121,0,legitimate_transfer,3,9,6,3,3
TX_GRAPH_001101,ACC_00096,ACC_00365,37.41,238600.734094175,61037.840247796295,0,legitimate_transfer,2,8,5,4,4
TX_GRAPH_001102,ACC_00063,ACC_00252,56.78,147369.34143350957,232522.55097242174,0,legitimate_transfer,4,4,7,2,2
TX_GRAPH_001103,ACC_00311,ACC_00488,22.45,186017.04135385508,13673.433347312835,0,legitimate_transfer,2,5,5,7,5
TX_GRAPH_001104,ACC_00275,ACC_00498,33.3,199613.33142190482,5121.741364137654,0,legitimate_transfer,6,8,7,3,3
TX_GRAPH_001105,ACC_00067,ACC_00438,53.46,132268.00686276203,57444.48809333703,0,legitimate_transfer,7,7,6,4,4
TX_GRAPH_001106,ACC_00305,ACC_00495,42.53,120129.67601083784,54551.35647111313,0,legitimate_transfer,3,7,5,5,5
TX_GRAPH_001107,ACC_00320,ACC_00345,18.58,227854.91238862413,242441.19880977122,0,legitimate_transfer,7,5,5,5,5
TX_GRAPH_001108,ACC_00103,ACC_00260,230.66,213516.3877933127,7367.449198963262,0,legitimate_transfer,11,5,8,6,6
TX_GRAPH_001109,ACC_00411,ACC_00368,132.57,214999.40224027226,153265.51488482792,0,legitimate_transfer,2,7,5,1,1
TX_GRAPH_001110,ACC_00121,ACC_00419,45.43,111104.86060067709,178368.36622508167,0,legitimate_transfer,5,8,6,11,6
TX_GRAPH_001111,ACC_00298,ACC_00475,14.65,221256.17937120894,197452.92411913432,0,legitimate_transfer,7,5,5,6,5
TX_GRAPH_001112,ACC_00286,ACC_00324,118.14,153514.60386761161,46339.88715750134,0,legitimate_transfer,9,6,10,11,10
TX_GRAPH_001113,ACC_00180,ACC_00231,47.12,105861.83189349598,137655.17533318972,0,legitimate_transfer,9,6,10,9,9
TX_GRAPH_001114,ACC_00033,ACC_00171,49.8,219467.8371113287,43380.96482335317,0,legitimate_transfer,7,9,7,6,6
TX_GRAPH_001115,ACC_00022,ACC_00405,24.12,103800.24631223032,230899.7363986451,0,legitimate_transfer,4,6,2,6,2
TX_GRAPH_001116,ACC_00199,ACC_00225,82.05,219043.36181853994,39568.79525857752,0,legitimate_transfer,2,4,4,2,2
TX_GRAPH_001117,ACC_00217,ACC_00481,167.6,45984.65141124893,156959.72068594352,0,legitimate_transfer,1,4,8,3,3
TX_GRAPH_001118,ACC_00269,ACC_00027,25.16,106831.14785200624,66018.47716258043,0,legitimate_transfer,5,4,4,5,4
TX_GRAPH_001119,ACC_00137,ACC_00138,48.79,234275.54858807966,206669.05505408352,0,legitimate_transfer,7,6,6,10,6
TX_GRAPH_001120,ACC_00308,ACC_00418,34.51,8626.436388813827,55733.68526610101,0,legitimate_transfer,7,6,6,6,6
TX_GRAPH_001121,ACC_00039,ACC_00212,13.95,4562.3865344750775,227272.70385647943,0,legitimate_transfer,2,8,3,7,3
TX_GRAPH_001122,ACC_00068,ACC_00025,72.94,205062.2727305465,137223.78745134725,0,legitimate_transfer,7,7,5,1,1
TX_GRAPH_001123,ACC_00186,ACC_00204,70.31,34601.25746707564,154616.56466189568,0,legitimate_transfer,5,5,4,5,4
TX_GRAPH_001124,ACC_00372,ACC_00148,57.42,74356.95972779629,33647.26653825122,0,legitimate_transfer,5,10,9,5,5
TX_GRAPH_001125,ACC_00218,ACC_00463,15.81,111843.24245412048,21364.34721240933,0,legitimate_transfer,6,6,9,6,6
TX_GRAPH_001126,ACC_00264,ACC_00195,26.72,254931.0996035243,257006.28388382253,0,legitimate_transfer,3,7,6,4,4
TX_GRAPH_001127,ACC_00250,ACC_00242,42.13,161773.12629206208,144482.17136556318,0,legitimate_transfer,7,7,5,4,4
TX_GRAPH_001128,ACC_00204,ACC_00242,122.83,240077.07290543168,248223.21725426844,0,legitimate_transfer,4,5,5,4,4
TX_GRAPH_001129,ACC_00186,ACC_00490,22.2,78457.24821898581,248539.04229844353,0,legitimate_transfer,5,5,9,2,2
TX_GRAPH_001130,ACC_00095,ACC_00005,88.28,115205.51153817495,22733.505032313627,0,legitimate_transfer,3,3,6,5,5
TX_GRAPH_001131,ACC_00365,ACC_00126,15.62,91302.08175716335,74333.69114468161,0,legitimate_transfer,5,4,12,7,7
TX_GRAPH_001132,ACC_00210,ACC_00287,156.28,87868.70860831779,23131.407085786057,0,legitimate_transfer,2,4,4,6,4
TX_GRAPH_001133,ACC_00214,ACC_00221,34.75,173892.2028430406,9933.142014293928,0,legitimate_transfer,8,5,6,7,6
TX_GRAPH_001134,ACC_00382,ACC_00332,64.86,154245.62774874578,18036.67336370456,0,legitimate_transfer,2,6,6,6,6
TX_GRAPH_001135,ACC_00046,ACC_00043,41.63,173684.06585605946,233156.75577384487,0,legitimate_transfer,5,6,6,6,6
TX_GRAPH_001136,ACC_00086,ACC_00065,142.0,170326.22044124478,17830.969475093,0,legitimate_transfer,7,4,5,5,5
TX_GRAPH_001137,ACC_00311,ACC_00149,10.26,24565.521620146767,78752.82609356656,0,legitimate_transfer,2,5,4,7,4
TX_GRAPH_001138,ACC_00358,ACC_00042,22.2,24112.255202447483,39925.51967113731,0,legitimate_transfer,10,10,7,6,6
TX_GRAPH_001139,ACC_00231,ACC_00474,77.81,17826.098018051856,226769.79800608644,0,legitimate_transfer,10,9,2,9,2
TX_GRAPH_001140,ACC_00370,ACC_00309,158.04,21267.09875186079,110470.565548947,0,legitimate_transfer,8,6,6,9,6
TX_GRAPH_001141,ACC_00201,ACC_00454,44.34,248588.7112699434,248180.74025640238,0,legitimate_transfer,5,4,5,6,5
TX_GRAPH_001142,ACC_00368,ACC_00064,102.96,115352.3810074054,252229.97262832493,0,legitimate_transfer,5,1,7,5,5
TX_GRAPH_001143,ACC_00197,ACC_00329,91.65,215521.45419978446,171454.57214210168,0,legitimate_transfer,5,6,4,7,4
TX_GRAPH_001144,ACC_00429,ACC_00251,74.65,12657.100878440186,55297.78487959299,0,legitimate_transfer,5,2,7,2,2
TX_GRAPH_001145,ACC_00367,ACC_00041,123.1,152747.03492752256,175761.6170288527,0,legitimate_transfer,4,4,6,7,6
TX_GRAPH_001146,ACC_00327,ACC_00240,20.57,55704.77303268408,96129.02264351358,0,legitimate_transfer,4,13,4,2,2
TX_GRAPH_001147,ACC_00059,ACC_00136,38.93,192742.62967297863,225121.65553834455,0,legitimate_transfer,6,8,10,5,5
TX_GRAPH_001148,ACC_00325,ACC_00200,108.34,166083.94776007705,116067.51669688047,0,legitimate_transfer,4,9,3,7,3
TX_GRAPH_001149,ACC_00037,ACC_00423,26.92,188998.9755777835,215699.36599284003,0,legitimate_transfer,7,6,6,4,4
TX_GRAPH_001150,ACC_00317,ACC_00491,751.24,7835.123368579666,166538.24107848536,0,legitimate_transfer,7,6,9,3,3
TX_GRAPH_001151,ACC_00006,ACC_00009,35.36,207365.60953729769,224438.93212651627,0,legitimate_transfer,6,6,9,3,3
TX_GRAPH_001152,ACC_00138,ACC_00038,20.31,254886.95883859217,130687.13485314457,0,legitimate_transfer,6,10,3,4,3
TX_GRAPH_001153,ACC_00040,ACC_00460,46.24,86007.92048090715,78728.83681733164,0,legitimate_transfer,2,6,7,6,6
TX_GRAPH_001154,ACC_00158,ACC_00367,83.99,110437.28711189248,116054.8053448072,0,legitimate_transfer,4,9,4,4,4
TX_GRAPH_001155,ACC_00312,ACC_00326,47.37,66587.6336694067,251822.14111554695,0,legitimate_transfer,5,5,5,9,5
TX_GRAPH_001156,ACC_00142,ACC_00257,38.84,193815.11625289137,39203.09534593085,0,legitimate_transfer,7,3,9,6,6
TX_GRAPH_001157,ACC_00275,ACC_00451,62.13,15212.615163801693,28374.02688591268,0,legitimate_transfer,6,8,5,2,2
TX_GRAPH_001158,ACC_00240,ACC_00207,49.1,212015.21964685453,224924.41764537754,0,legitimate_transfer,4,2,7,6,6
TX_GRAPH_001159,ACC_00296,ACC_00377,54.38,217538.5352245204,130205.0909422564,0,legitimate_transfer,4,9,11,5,5
TX_GRAPH_001160,ACC_00009,ACC_00285,8.67,9103.51436316421,119173.10529190527,0,legitimate_transfer,9,3,11,5,5
TX_GRAPH_001161,ACC_00173,ACC_00033,31.76,42944.241642213274,239894.73346366905,0,legitimate_transfer,3,9,7,9,7
TX_GRAPH_001162,ACC_00177,ACC_00090,120.34,8749.885673716813,85315.47910796347,0,legitimate_transfer,2,6,10,6,6
TX_GRAPH_001163,ACC_00466,ACC_00484,47.87,242785.92332359916,219446.7748542699,0,legitimate_transfer,5,10,8,6,6
TX_GRAPH_001164,ACC_00156,ACC_00214,192.08,194393.7178336588,235140.0613332552,0,legitimate_transfer,6,10,8,5,5
TX_GRAPH_001165,ACC_00220,ACC_00233,50.88,194434.4807413438,108754.10826466726,0,legitimate_transfer,2,8,9,4,4
TX_GRAPH_001166,ACC_00202,ACC_00107,72.36,241814.29713004403,176428.69636079695,0,legitimate_transfer,1,8,5,6,5
TX_GRAPH_001167,ACC_00413,ACC_00464,175.7,167783.0779246412,187797.2826498417,0,legitimate_transfer,7,7,4,5,4
TX_GRAPH_001168,ACC_00318,ACC_00335,56.67,243400.11401295988,68789.39251753372,0,legitimate_transfer,8,7,3,3,3
TX_GRAPH_001169,ACC_00005,ACC_00216,34.27,59789.26258458067,169755.92255027863,0,legitimate_transfer,6,5,9,5,5
TX_GRAPH_001170,ACC_00014,ACC_00468,40.91,170852.28867548742,256461.30598993239,0,legitimate_transfer,7,6,9,4,4
TX_GRAPH_001171,ACC_00275,ACC_00247,30.2,10561.56343035831,192502.4956632275,0,legitimate_transfer,6,8,9,5,5
TX_GRAPH_001172,ACC_00222,ACC_00126,51.1,62228.13542620454,14443.665431170084,0,legitimate_transfer,4,7,12,7,7
TX_GRAPH_001173,ACC_00054,ACC_00319,250.96,83630.78088079531,155594.16623436724,0,legitimate_transfer,5,5,8,4,4
TX_GRAPH_001174,ACC_00455,ACC_00322,7.42,240595.52062877608,88900.6746045423,0,legitimate_transfer,2,8,7,2,2
TX_GRAPH_001175,ACC_00370,ACC_00008,44.27,47049.467835192176,100538.86884447225,0,legitimate_transfer,8,6,4,6,4
TX_GRAPH_001176,ACC_00148,ACC_00130,52.15,93849.9218231104,25270.477422799406,0,legitimate_transfer,9,5,7,4,4
TX_GRAPH_001177,ACC_00292,ACC_00381,38.32,213200.52946540716,111960.30791952864,0,legitimate_transfer,6,6,7,2,2
TX_GRAPH_001178,ACC_00199,ACC_00318,51.49,83369.82676269552,66365.3871289044,0,legitimate_transfer,2,4,8,7,7
TX_GRAPH_001179,ACC_00370,ACC_00074,78.3,86073.28996949647,247584.46223134088,0,legitimate_transfer,8,6,3,4,3
TX_GRAPH_001180,ACC_00386,ACC_00295,90.75,190719.70780983573,11374.024705492378,0,legitimate_transfer,3,7,6,4,4
TX_GRAPH_001181,ACC_00217,ACC_00188,139.17,214265.66499190064,204028.8045169864,0,legitimate_transfer,1,4,6,3,3
TX_GRAPH_001182,ACC_00406,ACC_00381,101.03,75855.21572274389,28362.79165262401,0,legitimate_transfer,6,5,7,2,2
TX_GRAPH_001183,ACC_00069,ACC_00268,147.5,184801.37416386415,253485.52486306307,0,legitimate_transfer,5,7,8,7,7
TX_GRAPH_001184,ACC_00079,ACC_00018,57.39,47168.27148931058,248247.95297731526,0,legitimate_transfer,2,4,8,4,4
TX_GRAPH_001185,ACC_00183,ACC_00281,7.37,19352.87781160335,74462.40098070043,0,legitimate_transfer,8,6,8,4,4
TX_GRAPH_001186,ACC_00039,ACC_00058,38.12,120256.69845419723,240444.05754300172,0,legitimate_transfer,2,8,7,6,6
TX_GRAPH_001187,ACC_00274,ACC_00420,31.56,225793.70774080977,134129.1292013993,0,legitimate_transfer,4,5,3,4,3
TX_GRAPH_001188,ACC_00136,ACC_00243,23.79,109044.47943853162,72069.54484648551,0,legitimate_transfer,10,5,6,8,6
TX_GRAPH_001189,ACC_00349,ACC_00376,51.77,116478.54056321977,198064.43813527405,0,legitimate_transfer,7,6,3,5,3
TX_GRAPH_001190,ACC_00072,ACC_00257,12.19,168217.34028731336,22370.711526056435,0,legitimate_transfer,8,1,9,6,6
TX_GRAPH_001191,ACC_00364,ACC_00166,45.56,175178.1559226801,19064.26037915757,0,legitimate_transfer,4,5,6,5,5
TX_GRAPH_001192,ACC_00329,ACC_00017,248.63,67438.54133221488,206498.34130234175,0,legitimate_transfer,4,7,5,7,5
TX_GRAPH_001193,ACC_00445,ACC_00483,95.26,107142.05645148423,85876.85174875772,0,legitimate_transfer,7,9,6,7,6
TX_GRAPH_001194,ACC_00275,ACC_00295,20.53,44904.45990019188,210419.40495462774,0,legitimate_transfer,6,8,6,4,4
TX_GRAPH_001195,ACC_00453,ACC_00158,45.66,236653.39574480307,239323.80680685915,0,legitimate_transfer,4,3,4,9,4
TX_GRAPH_001196,ACC_00168,ACC_00433,41.47,112003.26794148433,52027.313454311596,0,legitimate_transfer,6,4,3,5,3
TX_GRAPH_001197,ACC_00178,ACC_00142,100.43,175103.9769773498,167748.45521294384,0,legitimate_transfer,2,7,7,3,3
TX_GRAPH_001198,ACC_00425,ACC_00255,77.27,94406.89481861395,182723.33226466272,0,legitimate_transfer,6,7,7,4,4
TX_GRAPH_001199,ACC_00088,ACC_00406,27.01,94730.15080653787,8450.027693269674,0,legitimate_transfer,8,10,6,5,5
TX_GRAPH_001200,ACC_00065,ACC_00402,76.84,86228.1805390664,146689.46534699714,0,legitimate_transfer,5,5,3,4,3
TX_GRAPH_001201,ACC_00311,ACC_00086,12.31,138050.7119758402,179542.78601353592,0,legitimate_transfer,2,5,7,4,4
TX_GRAPH_001202,ACC_00158,ACC_00467,20.88,201983.19643661895,239982.22622018636,0,legitimate_transfer,4,9,7,9,7
TX_GRAPH_001203,ACC_00102,ACC_00251,76.63,174767.59261986194,90931.90032796914,0,legitimate_transfer,4,3,7,2,2
TX_GRAPH_001204,ACC_00316,ACC_00062,28.12,185317.85472505234,124403.85050821534,0,legitimate_transfer,5,7,2,3,2
TX_GRAPH_001205,ACC_00426,ACC_00170,77.67,253142.67165996254,106731.14401970374,0,legitimate_transfer,3,7,5,6,5
TX_GRAPH_001206,ACC_00268,ACC_00406,160.88,134149.38054877616,131190.49151461592,0,legitimate_transfer,8,7,6,5,5
TX_GRAPH_001207,ACC_00488,ACC_00028,20.82,124283.1612229257,104871.3722663149,0,legitimate_transfer,5,7,7,6,6
TX_GRAPH_001208,ACC_00235,ACC_00018,16.65,95579.81552688137,48976.59993023978,0,legitimate_transfer,5,3,8,4,4
TX_GRAPH_001209,ACC_00158,ACC_00461,47.55,185640.76783736053,122824.43331841247,0,legitimate_transfer,4,9,6,2,2
TX_GRAPH_001210,ACC_00497,ACC_00409,31.28,190783.83557651515,227167.23675246042,0,legitimate_transfer,9,4,9,5,5
TX_GRAPH_001211,ACC_00046,ACC_00072,31.09,141222.98065034454,150175.31476001797,0,legitimate_transfer,5,6,8,1,1
TX_GRAPH_001212,ACC_00097,ACC_00463,40.28,155378.3804098784,111120.2641527208,0,legitimate_transfer,5,4,9,6,6
TX_GRAPH_001213,ACC_00021,ACC_00183,56.41,138703.40733385872,233398.45382298197,0,legitimate_transfer,7,7,8,6,6
TX_GRAPH_001214,ACC_00346,ACC_00097,27.36,169170.52280297808,157638.36389369538,0,legitimate_transfer,4,5,5,4,4
TX_GRAPH_001215,ACC_00472,ACC_00086,11.05,203074.868562618,211094.30881964377,0,legitimate_transfer,6,7,7,4,4
TX_GRAPH_001216,ACC_00333,ACC_00155,18.84,240683.55637727893,209816.21555578677,0,legitimate_transfer,3,2,8,3,3
TX_GRAPH_001217,ACC_00018,ACC_00118,68.68,148188.93156725986,203332.53263606646,0,legitimate_transfer,8,4,3,9,3
TX_GRAPH_001218,ACC_00369,ACC_00377,83.34,163858.5623068837,239591.45857803425,0,legitimate_transfer,6,4,11,5,5
TX_GRAPH_001219,ACC_00014,ACC_00066,74.58,34079.6666073419,205497.33623834458,0,legitimate_transfer,7,6,7,7,7
TX_GRAPH_001220,ACC_00166,ACC_00141,339.96,242522.4437577462,205854.2968415856,0,legitimate_transfer,6,5,5,7,5
TX_GRAPH_001221,ACC_00038,ACC_00354,38.67,57148.28158355559,156309.07449612365,0,legitimate_transfer,3,4,5,5,5
TX_GRAPH_001222,ACC_00086,ACC_00179,35.9,232973.31022074242,84952.8721955352,0,legitimate_transfer,7,4,7,6,6
TX_GRAPH_001223,ACC_00378,ACC_00459,31.81,61135.56920730758,205996.0753387255,0,legitimate_transfer,7,10,8,7,7
TX_GRAPH_001224,ACC_00109,ACC_00185,45.78,137997.59298382112,53734.94582471041,0,legitimate_transfer,6,2,10,8,8
TX_GRAPH_001225,ACC_00136,ACC_00492,74.85,119302.09602941181,43107.28621911783,0,legitimate_transfer,10,5,5,6,5
TX_GRAPH_001226,ACC_00414,ACC_00101,153.2,100556.69251525302,110159.57187933213,0,legitimate_transfer,3,8,3,6,3
TX_GRAPH_001227,ACC_00448,ACC_00049,41.18,247191.84568468467,60252.265958784636,0,legitimate_transfer,4,10,7,5,5
TX_GRAPH_001228,ACC_00091,ACC_00320,30.53,134003.8442613398,86235.45495669564,0,legitimate_transfer,5,5,7,5,5
TX_GRAPH_001229,ACC_00274,ACC_00220,59.19,50272.284351152986,177812.18817198125,0,legitimate_transfer,4,5,2,8,2
TX_GRAPH_001230,ACC_00414,ACC_00228,16.72,102738.61952581553,217986.8022309168,0,legitimate_transfer,3,8,6,10,6
TX_GRAPH_001231,ACC_00129,ACC_00442,106.4,242902.4620635017,122787.80054096253,0,legitimate_transfer,6,5,5,4,4
TX_GRAPH_001232,ACC_00206,ACC_00074,28.46,15089.615195611652,220540.6028552905,0,legitimate_transfer,8,8,3,4,3
TX_GRAPH_001233,ACC_00318,ACC_00007,26.72,222925.4666915931,136615.2862068256,0,legitimate_transfer,8,7,5,6,5
TX_GRAPH_001234,ACC_00019,ACC_00148,7.79,241482.90489039783,241933.85858294566,0,legitimate_transfer,11,4,9,5,5
TX_GRAPH_001235,ACC_00169,ACC_00131,8.76,71477.35578797908,54132.84159239974,0,legitimate_transfer,5,8,8,7,7
TX_GRAPH_001236,ACC_00475,ACC_00448,102.44,85850.07312027704,209906.359870214,0,legitimate_transfer,5,6,4,10,4
TX_GRAPH_001237,ACC_00265,ACC_00027,63.24,87504.57299288096,250979.20647298408,0,legitimate_transfer,3,2,4,5,4
TX_GRAPH_001238,ACC_00265,ACC_00435,76.24,212203.7168303221,26396.733620048402,0,legitimate_transfer,3,2,5,10,5
TX_GRAPH_001239,ACC_00053,ACC_00377,35.71,236103.48511029707,63041.61361280287,0,legitimate_transfer,7,9,11,5,5
TX_GRAPH_001240,ACC_00168,ACC_00419,47.2,142864.94168603516,34842.90129973903,0,legitimate_transfer,6,4,6,11,6
TX_GRAPH_001241,ACC_00463,ACC_00309,38.16,172645.7964557425,172909.24008043614,0,legitimate_transfer,9,6,6,9,6
TX_GRAPH_001242,ACC_00121,ACC_00418,73.66,223245.90909552458,15829.409847093875,0,legitimate_transfer,5,8,6,6,6
TX_GRAPH_001243,ACC_00257,ACC_00247,59.61,19957.598736776312,3651.4445900088485,0,legitimate_transfer,9,6,9,5,5
TX_GRAPH_001244,ACC_00193,ACC_00285,138.42,141582.34562248233,27973.764510380573,0,legitimate_transfer,6,4,11,5,5
TX_GRAPH_001245,ACC_00326,ACC_00448,49.26,147781.82116258988,224911.97523380932,0,legitimate_transfer,5,9,4,10,4
TX_GRAPH_001246,ACC_00397,ACC_00416,210.32,48101.1856630927,42300.193226110365,0,legitimate_transfer,8,5,7,6,6
TX_GRAPH_001247,ACC_00286,ACC_00063,382.36,240790.9118853476,214639.28254639154,0,legitimate_transfer,9,6,4,4,4
TX_GRAPH_001248,ACC_00449,ACC_00276,14.19,211594.70670123879,152996.1415253308,0,legitimate_transfer,6,7,4,5,4
TX_GRAPH_001249,ACC_00387,ACC_00083,34.21,13518.962752059066,205553.06073837884,0,legitimate_transfer,4,9,8,4,4
TX_GRAPH_001250,ACC_00138,ACC_00019,135.62,82939.44506513339,17318.27837494342,0,legitimate_transfer,6,10,11,4,4
TX_GRAPH_001251,ACC_00100,ACC_00203,30.69,95311.9716845261,234177.8892446717,0,legitimate_transfer,5,4,9,4,4
TX_GRAPH_001252,ACC_00440,ACC_00190,69.49,221359.95667504726,14209.188919972845,0,legitimate_transfer,6,4,10,7,7
TX_GRAPH_001253,ACC_00353,ACC_00276,179.81,167285.02773320748,211970.60828932942,0,legitimate_transfer,7,4,4,5,4
TX_GRAPH_001254,ACC_00066,ACC_00143,53.51,31515.696155428464,43189.02346295653,0,legitimate_transfer,7,7,7,5,5
TX_GRAPH_001255,ACC_00235,ACC_00203,46.35,184815.6874982789,241416.9601071581,0,legitimate_transfer,5,3,9,4,4
TX_GRAPH_001256,ACC_00350,ACC_00045,105.41,154852.99037238583,75629.734735215,0,legitimate_transfer,6,6,2,0,0
TX_GRAPH_001257,ACC_00357,ACC_00478,64.07,151287.27036853513,32963.16662633929,0,legitimate_transfer,4,6,8,4,4
TX_GRAPH_001258,ACC_00223,ACC_00153,62.66,137263.81321618363,231769.40118302952,0,legitimate_transfer,5,7,4,8,4
TX_GRAPH_001259,ACC_00118,ACC_00152,153.34,193572.0552439655,24366.943232956284,0,legitimate_transfer,3,9,4,2,2
TX_GRAPH_001260,ACC_00239,ACC_00415,86.63,56347.6849456903,131897.13193010952,0,legitimate_transfer,7,5,4,3,3
TX_GRAPH_001261,ACC_00474,ACC_00052,85.5,46855.754371268195,7186.563052745808,0,legitimate_transfer,2,9,10,7,7
TX_GRAPH_001262,ACC_00032,ACC_00299,83.37,128762.86208125623,134542.45985112918,0,legitimate_transfer,8,5,7,7,7
TX_GRAPH_001263,ACC_00142,ACC_00095,52.98,28635.291526575915,23274.174238624546,0,legitimate_transfer,7,3,3,3,3
TX_GRAPH_001264,ACC_00041,ACC_00242,268.09,15938.101790011713,11328.188748732271,0,legitimate_transfer,6,7,5,4,4
TX_GRAPH_001265,ACC_00183,ACC_00490,151.17,103517.61719944594,174561.03759495134,0,legitimate_transfer,8,6,9,2,2
TX_GRAPH_001266,ACC_00088,ACC_00266,407.86,115968.30346711891,185163.98927518635,0,legitimate_transfer,8,10,5,5,5
TX_GRAPH_001267,ACC_00213,ACC_00488,90.6,188645.99629364177,192849.32359043576,0,legitimate_transfer,5,7,5,7,5
TX_GRAPH_001268,ACC_00120,ACC_00440,46.7,799.5252318271096,136295.05259502662,0,legitimate_transfer,4,6,6,4,4
TX_GRAPH_001269,ACC_00365,ACC_00489,222.1,80409.2141733289,127600.75513916448,0,legitimate_transfer,5,4,6,6,6
TX_GRAPH_001270,ACC_00041,ACC_00197,20.49,178793.14922887378,39807.71363874064,0,legitimate_transfer,6,7,5,6,5
TX_GRAPH_001271,ACC_00109,ACC_00317,100.67,214743.19160840882,48457.320786425145,0,legitimate_transfer,6,2,7,6,6
TX_GRAPH_001272,ACC_00474,ACC_00375,262.38,11729.417293923856,236495.15218154885,0,legitimate_transfer,2,9,3,6,3
TX_GRAPH_001273,ACC_00419,ACC_00155,4.38,184821.58340780388,142780.04921121642,0,legitimate_transfer,6,11,8,3,3
TX_GRAPH_001274,ACC_00402,ACC_00369,49.86,224015.04483081156,155832.59696009828,0,legitimate_transfer,3,4,6,4,4
TX_GRAPH_001275,ACC_00264,ACC_00274,23.73,18560.425646293155,116358.20657380208,0,legitimate_transfer,3,7,4,5,4
TX_GRAPH_001276,ACC_00387,ACC_00497,18.98,118795.65971119747,209214.84079475256,0,legitimate_transfer,4,9,9,4,4
TX_GRAPH_001277,ACC_00418,ACC_00392,40.64,32878.38993130135,197723.3088500297,0,legitimate_transfer,6,6,7,3,3
TX_GRAPH_001278,ACC_00183,ACC_00255,28.01,119004.74864755225,7387.525778806648,0,legitimate_transfer,8,6,7,4,4
TX_GRAPH_001279,ACC_00445,ACC_00490,44.86,19912.867851923664,200204.68917671256,0,legitimate_transfer,7,9,9,2,2
TX_GRAPH_001280,ACC_00013,ACC_00125,17.31,22366.96939363951,177781.51742630938,0,legitimate_transfer,6,6,4,4,4
TX_GRAPH_001281,ACC_00494,ACC_00116,41.31,201036.71640281592,123029.54672446827,0,legitimate_transfer,4,4,7,4,4
TX_GRAPH_001282,ACC_00019,ACC_00193,45.52,546.8798726320902,168161.10284191597,0,legitimate_transfer,11,4,6,4,4
TX_GRAPH_001283,ACC_00283,ACC_00468,69.17,150476.45544754443,21456.949819604437,0,legitimate_transfer,4,6,9,4,4
TX_GRAPH_001284,ACC_00116,ACC_00058,44.52,111064.2253271644,165607.57265550314,0,legitimate_transfer,7,4,7,6,6
TX_GRAPH_001285,ACC_00342,ACC_00472,89.4,101345.49433955741,57688.97591554492,0,legitimate_transfer,3,6,6,7,6
TX_GRAPH_001286,ACC_00396,ACC_00213,38.7,53845.33123423112,25680.69491114075,0,legitimate_transfer,9,6,5,7,5
TX_GRAPH_001287,ACC_00393,ACC_00466,102.84,4255.771007024072,183010.15729028807,0,legitimate_transfer,7,6,5,10,5
TX_GRAPH_001288,ACC_00222,ACC_00186,163.96,58139.92762305611,238239.21775436826,0,legitimate_transfer,4,7,5,5,5
TX_GRAPH_001289,ACC_00049,ACC_00352,87.12,165518.9352961111,191531.8806666506,0,legitimate_transfer,7,5,7,1,1
TX_GRAPH_001290,ACC_00000,ACC_00069,29.69,47470.62403229522,240453.61731201026,0,legitimate_transfer,3,5,5,7,5
TX_GRAPH_001291,ACC_00054,ACC_00161,27.35,226624.84389277856,70605.10113216322,0,legitimate_transfer,5,5,7,6,6
TX_GRAPH_001292,ACC_00024,ACC_00478,22.77,28988.553216834098,54829.59796465616,0,legitimate_transfer,12,9,8,4,4
TX_GRAPH_001293,ACC_00223,ACC_00247,31.99,48244.858280820365,250424.2648426842,0,legitimate_transfer,5,7,9,5,5
TX_GRAPH_001294,ACC_00285,ACC_00413,28.29,205775.03562474536,226800.9524911869,0,legitimate_transfer,11,5,7,7,7
TX_GRAPH_001295,ACC_00106,ACC_00107,7.26,60537.827917953815,138133.46902299864,0,legitimate_transfer,4,6,5,6,5
TX_GRAPH_001296,ACC_00101,ACC_00273,21.41,236831.75540285688,255564.64698806775,0,legitimate_transfer,3,6,9,4,4
TX_GRAPH_001297,ACC_00187,ACC_00345,48.83,222816.14274135273,25750.030670551834,0,legitimate_transfer,4,7,5,5,5
TX_GRAPH_001298,ACC_00382,ACC_00232,19.38,99080.21431573817,120679.13798877769,0,legitimate_transfer,2,6,4,5,4
TX_GRAPH_001299,ACC_00137,ACC_00496,37.53,229100.78991020846,158894.3656597459,0,legitimate_transfer,7,6,4,5,4
TX_GRAPH_001300,ACC_00080,ACC_00175,325.32,75531.97827362506,181345.91123709938,0,legitimate_transfer,5,1,3,5,3
TX_GRAPH_001301,ACC_00403,ACC_00390,173.59,68250.38787862318,128455.21252166503,0,legitimate_transfer,7,5,11,7,7
TX_GRAPH_001302,ACC_00070,ACC_00479,37.98,155171.89513466242,16949.65687874124,0,legitimate_transfer,3,8,4,4,4
TX_GRAPH_001303,ACC_00417,ACC_00392,20.82,64312.3840686897,95914.43478247883,0,legitimate_transfer,5,8,7,3,3
TX_GRAPH_001304,ACC_00223,ACC_00457,55.59,102502.29384529537,91180.84565869678,0,legitimate_transfer,5,7,5,4,4
TX_GRAPH_001305,ACC_00126,ACC_00006,11.6,234847.31242072937,129809.23434589476,0,legitimate_transfer,12,7,6,6,6
TX_GRAPH_001306,ACC_00016,ACC_00174,30.31,175645.81906081722,96554.15426886844,0,legitimate_transfer,6,6,1,8,1
TX_GRAPH_001307,ACC_00328,ACC_00241,44.06,131386.09222088906,109706.99468271683,0,legitimate_transfer,2,5,6,5,5
TX_GRAPH_001308,ACC_00327,ACC_00285,249.08,162900.49394597477,250912.7484215088,0,legitimate_transfer,4,13,11,5,5
TX_GRAPH_001309,ACC_00049,ACC_00462,48.33,173023.42246690902,256284.392906681,0,legitimate_transfer,7,5,2,8,2
TX_GRAPH_001310,ACC_00190,ACC_00419,31.61,128752.30222572526,46427.93942381929,0,legitimate_transfer,10,7,6,11,6
TX_GRAPH_001311,ACC_00459,ACC_00047,62.36,16329.870672387877,223795.83464811326,0,legitimate_transfer,8,7,5,5,5
TX_GRAPH_001312,ACC_00366,ACC_00162,165.21,115458.39308921486,199349.5109314235,0,legitimate_transfer,8,9,8,2,2
TX_GRAPH_001313,ACC_00354,ACC_00287,39.63,50191.10830318474,135582.42054473227,0,legitimate_transfer,5,5,4,6,4
TX_GRAPH_001314,ACC_00213,ACC_00207,9.49,42319.9057688786,81037.71062028542,0,legitimate_transfer,5,7,7,6,6
TX_GRAPH_001315,ACC_00464,ACC_00332,120.81,328.9898475210851,87370.66623649606,0,legitimate_transfer,4,5,6,6,6
TX_GRAPH_001316,ACC_00128,ACC_00485,131.69,234514.40153877356,117345.94262173682,0,legitimate_transfer,8,5,6,3,3
TX_GRAPH_001317,ACC_00238,ACC_00345,46.5,226014.32098517305,124342.09348932945,0,legitimate_transfer,4,4,5,5,5
TX_GRAPH_001318,ACC_00108,ACC_00264,133.73,155273.31657578624,215952.2146253568,0,legitimate_transfer,1,7,3,7,3
TX_GRAPH_001319,ACC_00006,ACC_00156,59.4,182527.3126250835,138966.18510236923,0,legitimate_transfer,6,6,6,10,6
TX_GRAPH_001320,ACC_00130,ACC_00121,20.72,210976.9974514847,65975.273636315,0,legitimate_transfer,7,4,5,8,5
TX_GRAPH_001321,ACC_00378,ACC_00361,59.71,100690.01390389002,120110.94815515971,0,legitimate_transfer,7,10,2,5,2
TX_GRAPH_001322,ACC_00312,ACC_00051,46.02,561.5377842913372,42831.38244966378,0,legitimate_transfer,5,5,4,7,4
TX_GRAPH_001323,ACC_00342,ACC_00192,88.06,68292.83980021474,22760.167167357486,0,legitimate_transfer,3,6,14,7,7
TX_GRAPH_001324,ACC_00316,ACC_00046,45.54,172899.23046460623,29554.360095024018,0,legitimate_transfer,5,7,5,6,5
TX_GRAPH_001325,ACC_00129,ACC_00147,30.1,133808.16194206732,136872.4219537591,0,legitimate_transfer,6,5,9,7,7
TX_GRAPH_001326,ACC_00447,ACC_00437,115.49,46029.98432543199,136891.34146356457,0,legitimate_transfer,5,5,5,3,3
TX_GRAPH_001327,ACC_00266,ACC_00166,78.84,57437.45074682051,125402.32240700045,0,legitimate_transfer,5,5,6,5,5
TX_GRAPH_001328,ACC_00031,ACC_00323,66.02,98320.43555178637,65870.81313774086,0,legitimate_transfer,3,6,5,2,2
TX_GRAPH_001329,ACC_00399,ACC_00068,55.68,252732.59857629437,25762.652146208085,0,legitimate_transfer,4,6,7,7,7
TX_GRAPH_001330,ACC_00185,ACC_00159,73.54,244462.90305909212,50737.87499744283,0,legitimate_transfer,10,8,7,7,7
TX_GRAPH_001331,ACC_00458,ACC_00223,70.35,160382.38427004594,240805.09047469025,0,legitimate_transfer,3,5,5,7,5
TX_GRAPH_001332,ACC_00111,ACC_00317,113.05,98008.51347282418,188621.75381593654,0,legitimate_transfer,8,9,7,6,6
TX_GRAPH_001333,ACC_00455,ACC_00450,62.04,235044.35528906932,125174.18421085873,0,legitimate_transfer,2,8,8,8,8
TX_GRAPH_001334,ACC_00460,ACC_00013,128.08,192048.69038532482,84086.82431838622,0,legitimate_transfer,7,6,6,6,6
TX_GRAPH_001335,ACC_00071,ACC_00080,193.93,52165.329207973875,117520.39971456843,0,legitimate_transfer,4,8,5,1,1
TX_GRAPH_001336,ACC_00108,ACC_00340,63.82,202570.48365531323,35995.96332042909,0,legitimate_transfer,1,7,10,8,8
TX_GRAPH_001337,ACC_00017,ACC_00078,15.75,6376.776799211885,135912.98641824615,0,legitimate_transfer,5,7,5,1,1
TX_GRAPH_001338,ACC_00277,ACC_00195,294.59,243285.5710761614,220301.97049406832,0,legitimate_transfer,4,5,6,4,4
TX_GRAPH_001339,ACC_00241,ACC_00161,281.2,19768.413659712478,226639.34123677833,0,legitimate_transfer,6,5,7,6,6
TX_GRAPH_001340,ACC_00340,ACC_00489,65.63,89441.21030053169,193804.32636977744,0,legitimate_transfer,10,8,6,6,6
TX_GRAPH_001341,ACC_00028,ACC_00447,14.27,128987.78402084454,165754.97627566237,0,legitimate_transfer,7,6,5,5,5
TX_GRAPH_001342,ACC_00304,ACC_00290,38.48,96104.98465613769,240636.6493138746,0,legitimate_transfer,6,10,7,4,4
TX_GRAPH_001343,ACC_00330,ACC_00307,54.69,118506.86738586081,190659.88459294153,0,legitimate_transfer,4,8,6,3,3
TX_GRAPH_001344,ACC_00468,ACC_00277,120.08,239510.90144905093,243778.93792149433,0,legitimate_transfer,9,4,4,5,4
TX_GRAPH_001345,ACC_00173,ACC_00299,36.83,9145.631567255188,247221.7947393693,0,legitimate_transfer,3,9,7,7,7
TX_GRAPH_001346,ACC_00033,ACC_00427,54.13,101095.15974814633,82023.8291561433,0,legitimate_transfer,7,9,6,4,4
TX_GRAPH_001347,ACC_00419,ACC_00168,204.99,85363.48067020424,143558.85174839635,0,legitimate_transfer,6,11,6,4,4
TX_GRAPH_001348,ACC_00121,ACC_00024,57.18,168825.77204397658,194385.0997035018,0,legitimate_transfer,5,8,12,9,9
TX_GRAPH_001349,ACC_00242,ACC_00233,19.32,132583.70013007033,136474.2972633688,0,legitimate_transfer,5,4,9,4,4
TX_GRAPH_001350,ACC_00081,ACC_00099,61.84,7312.088274755811,218240.80079054178,0,legitimate_transfer,8,4,11,4,4
TX_GRAPH_001351,ACC_00366,ACC_00423,108.04,93016.27254926605,198130.3294792097,0,legitimate_transfer,8,9,6,4,4
TX_GRAPH_001352,ACC_00030,ACC_00012,82.45,118640.48989010324,98700.14418528318,0,legitimate_transfer,6,3,4,5,4
TX_GRAPH_001353,ACC_00168,ACC_00358,22.74,232031.32431579742,92706.96490551175,0,legitimate_transfer,6,4,10,10,10
TX_GRAPH_001354,ACC_00124,ACC_00032,33.24,55755.72974635902,170429.59229641833,0,legitimate_transfer,2,6,8,5,5
TX_GRAPH_001355,ACC_00407,ACC_00103,21.52,111373.98565378992,226751.13396539167,0,legitimate_transfer,3,5,11,5,5
TX_GRAPH_001356,ACC_00377,ACC_00180,62.34,39794.573600474774,256013.82076450615,0,legitimate_transfer,11,5,9,6,6
TX_GRAPH_001357,ACC_00192,ACC_00166,132.73,227967.99859535828,146145.76665260017,0,legitimate_transfer,14,7,6,5,5
TX_GRAPH_001358,ACC_00363,ACC_00114,48.44,38383.58428008262,175392.6097891145,0,legitimate_transfer,2,7,7,4,4
TX_GRAPH_001359,ACC_00135,ACC_00009,11.42,202863.8494709184,84521.43936047783,0,legitimate_transfer,4,3,9,3,3
TX_GRAPH_001360,ACC_00296,ACC_00322,23.82,196736.0626797781,26010.885576184584,0,legitimate_transfer,4,9,7,2,2
TX_GRAPH_001361,ACC_00219,ACC_00079,88.35,234411.5156603528,100760.19162458171,0,legitimate_transfer,5,9,2,4,2
TX_GRAPH_001362,ACC_00231,ACC_00349,120.3,10833.857485405371,11621.351136055395,0,legitimate_transfer,10,9,7,6,6
TX_GRAPH_001363,ACC_00400,ACC_00270,183.96,162241.15808180426,184997.66105969792,0,legitimate_transfer,4,7,5,6,5
TX_GRAPH_001364,ACC_00414,ACC_00023,69.92,122304.22326978383,174117.06748938074,0,legitimate_transfer,3,8,10,4,4
TX_GRAPH_001365,ACC_00433,ACC_00399,46.75,160793.45756452114,47015.652131884475,0,legitimate_transfer,3,5,4,6,4
TX_GRAPH_001366,ACC_00383,ACC_00442,28.06,129155.23139899074,99979.06956617914,0,legitimate_transfer,4,6,5,4,4
TX_GRAPH_001367,ACC_00128,ACC_00078,140.48,157376.31117628963,253017.743972683,0,legitimate_transfer,8,5,5,1,1
TX_GRAPH_001368,ACC_00349,ACC_00098,63.5,4354.4047286537525,71104.4336661789,0,legitimate_transfer,7,6,5,5,5
TX_GRAPH_001369,ACC_00417,ACC_00428,81.55,137686.18081365098,202314.84246185565,0,legitimate_transfer,5,8,3,3,3
TX_GRAPH_001370,ACC_00040,ACC_00098,17.94,25865.279142342617,41358.78638462737,0,legitimate_transfer,2,6,5,5,5
TX_GRAPH_001371,ACC_00452,ACC_00380,29.17,25925.82302211391,222837.62654096406,0,legitimate_transfer,8,4,2,4,2
TX_GRAPH_001372,ACC_00068,ACC_00245,31.23,250571.76341422286,212233.15985884934,0,legitimate_transfer,7,7,7,2,2
TX_GRAPH_001373,ACC_00120,ACC_00128,71.54,51589.62588116265,195094.52777476126,0,legitimate_transfer,4,6,8,5,5
TX_GRAPH_001374,ACC_00325,ACC_00172,55.62,252653.62820605095,160397.6154104444,0,legitimate_transfer,4,9,8,6,6
TX_GRAPH_001375,ACC_00435,ACC_00130,15.82,73366.29496835811,73272.31900560753,0,legitimate_transfer,5,10,7,4,4
TX_GRAPH_001376,ACC_00198,ACC_00105,47.66,85582.02833409377,150602.900822029,0,legitimate_transfer,5,8,8,2,2
TX_GRAPH_001377,ACC_00047,ACC_00270,36.79,213901.575666751,34827.451005465286,0,legitimate_transfer,5,5,5,6,5
TX_GRAPH_001378,ACC_00456,ACC_00080,119.78,69455.24648561221,200945.50834592825,0,legitimate_transfer,3,6,5,1,1
TX_GRAPH_001379,ACC_00181,ACC_00443,106.2,95470.2518181862,218307.2497134725,0,legitimate_transfer,5,9,8,4,4
TX_GRAPH_001380,ACC_00371,ACC_00365,31.94,143747.12528024946,212798.75579468915,0,legitimate_transfer,3,8,5,4,4
TX_GRAPH_001381,ACC_00430,ACC_00491,66.18,177638.60391711738,116373.71046274817,0,legitimate_transfer,5,9,9,3,3
TX_GRAPH_001382,ACC_00406,ACC_00023,23.91,31215.132261390518,127613.66906251445,0,legitimate_transfer,6,5,10,4,4
TX_GRAPH_001383,ACC_00344,ACC_00310,114.45,242066.2614270033,253777.25313383222,0,legitimate_transfer,2,6,8,9,8
TX_GRAPH_001384,ACC_00327,ACC_00014,32.13,172211.8918065804,123546.94295349176,0,legitimate_transfer,4,13,7,6,6
TX_GRAPH_001385,ACC_00071,ACC_00493,69.14,134160.6682105935,250486.44362774133,0,legitimate_transfer,4,8,3,3,3
TX_GRAPH_001386,ACC_00037,ACC_00469,84.57,132661.4577224008,167081.09958569155,0,legitimate_transfer,7,6,4,7,4
TX_GRAPH_001387,ACC_00105,ACC_00209,35.16,124257.60837483997,17575.562830323113,0,legitimate_transfer,8,2,4,2,2
TX_GRAPH_001388,ACC_00250,ACC_00272,53.01,242072.69286130727,74032.49450413622,0,legitimate_transfer,7,7,5,2,2
TX_GRAPH_001389,ACC_00108,ACC_00135,32.07,206342.69149321312,251211.98852159607,0,legitimate_transfer,1,7,4,3,3
TX_GRAPH_001390,ACC_00423,ACC_00386,33.56,146779.76022805268,89137.31822078806,0,legitimate_transfer,6,4,3,7,3
TX_GRAPH_001391,ACC_00163,ACC_00088,40.9,77653.20722822842,60236.3786558388,0,legitimate_transfer,3,7,8,10,8
TX_GRAPH_001392,ACC_00409,ACC_00352,52.84,46240.23886587895,258302.0957577,0,legitimate_transfer,9,5,7,1,1
TX_GRAPH_001393,ACC_00028,ACC_00139,128.6,77316.8194682336,42345.90017721008,0,legitimate_transfer,7,6,6,3,3
TX_GRAPH_001394,ACC_00299,ACC_00423,109.66,235618.59418090226,170467.21450228087,0,legitimate_transfer,7,7,6,4,4
TX_GRAPH_001395,ACC_00351,ACC_00252,92.14,141873.92903853176,178984.07967754,0,legitimate_transfer,5,7,7,2,2
TX_GRAPH_001396,ACC_00385,ACC_00251,22.07,69103.68373374021,78175.51130579053,0,legitimate_transfer,7,3,7,2,2
TX_GRAPH_001397,ACC_00145,ACC_00010,33.2,167342.65485558682,125886.29623130657,0,legitimate_transfer,5,6,6,3,3
TX_GRAPH_001398,ACC_00482,ACC_00440,309.47,206812.42189050827,104393.07054216831,0,legitimate_transfer,3,7,6,4,4
TX_GRAPH_001399,ACC_00347,ACC_00143,13.26,163569.57926303256,102920.37468402807,0,legitimate_transfer,6,3,7,5,5
TX_GRAPH_001400,ACC_00064,ACC_00290,55.55,110205.76491956883,32952.2692799278,0,legitimate_transfer,7,5,7,4,4
TX_GRAPH_001401,ACC_00033,ACC_00389,176.78,155034.50708467216,156311.68847341376,0,legitimate_transfer,7,9,2,6,2
TX_GRAPH_001402,ACC_00191,ACC_00087,47.15,138116.80868034207,167083.3398335545,0,legitimate_transfer,4,5,6,9,6
TX_GRAPH_001403,ACC_00295,ACC_00344,46.04,17381.816099039406,144736.30465452015,0,legitimate_transfer,6,4,2,6,2
TX_GRAPH_001404,ACC_00446,ACC_00337,74.24,234802.33166392246,29666.76730844632,0,legitimate_transfer,5,6,6,7,6
TX_GRAPH_001405,ACC_00170,ACC_00388,60.16,39885.107768201466,175365.81896045798,0,legitimate_transfer,5,6,8,4,4
TX_GRAPH_001406,ACC_00238,ACC_00024,134.67,23433.138578472634,43784.00567769562,0,legitimate_transfer,4,4,12,9,9
TX_GRAPH_001407,ACC_00326,ACC_00293,86.02,136539.38139472992,77598.60543509072,0,legitimate_transfer,5,9,4,2,2
TX_GRAPH_001408,ACC_00091,ACC_00046,24.38,250128.21619735062,185224.63386835228,0,legitimate_transfer,5,5,5,6,5
TX_GRAPH_001409,ACC_00012,ACC_00024,45.27,191875.74872689813,75684.55838219533,0,legitimate_transfer,4,5,12,9,9
TX_GRAPH_001410,ACC_00358,ACC_00010,59.31,118178.36825056313,184327.68066816038,0,legitimate_transfer,10,10,6,3,3
TX_GRAPH_001411,ACC_00497,ACC_00374,148.71,159465.54684320354,257633.6653348666,0,legitimate_transfer,9,4,2,6,2
TX_GRAPH_001412,ACC_00260,ACC_00393,44.13,72701.69176291351,35874.228749257025,0,legitimate_transfer,8,6,7,6,6
TX_GRAPH_001413,ACC_00413,ACC_00419,97.34,52940.700054268054,18075.287786074427,0,legitimate_transfer,7,7,6,11,6
TX_GRAPH_001414,ACC_00004,ACC_00272,52.16,142360.26036027796,199448.65650095415,0,legitimate_transfer,4,9,5,2,2
TX_GRAPH_001415,ACC_00473,ACC_00297,24.73,86719.59151445326,147662.16103935265,0,legitimate_transfer,5,6,10,6,6
TX_GRAPH_001416,ACC_00006,ACC_00259,99.33,81153.33608613399,124961.89151738727,0,legitimate_transfer,6,6,6,1,1
TX_GRAPH_001417,ACC_00370,ACC_00033,138.85,182759.88243634944,56302.058397816625,0,legitimate_transfer,8,6,7,9,7
TX_GRAPH_001418,ACC_00477,ACC_00392,23.02,131832.38557750528,72122.83534698196,0,legitimate_transfer,7,3,7,3,3
TX_GRAPH_001419,ACC_00371,ACC_00208,45.63,60291.53891228251,87586.48066000524,0,legitimate_transfer,3,8,11,1,1
TX_GRAPH_001420,ACC_00012,ACC_00043,30.34,89331.574154314,72471.31988538145,0,legitimate_transfer,4,5,6,6,6
TX_GRAPH_001421,ACC_00136,ACC_00269,39.19,120352.259794393,211545.15490439508,0,legitimate_transfer,10,5,5,4,4
TX_GRAPH_001422,ACC_00144,ACC_00334,29.78,183649.73590922164,113150.43806930303,0,legitimate_transfer,4,5,5,5,5
TX_GRAPH_001423,ACC_00306,ACC_00146,53.85,172149.23704337797,174543.46997273146,0,legitimate_transfer,1,5,7,3,3
TX_GRAPH_001424,ACC_00189,ACC_00130,67.16,207069.06396873482,161416.05379518648,0,legitimate_transfer,7,3,7,4,4
TX_GRAPH_001425,ACC_00482,ACC_00221,61.1,17054.30167886972,161219.17521670944,0,legitimate_transfer,3,7,6,7,6
TX_GRAPH_001426,ACC_00433,ACC_00107,27.95,208222.89084333103,81698.54700919181,0,legitimate_transfer,3,5,5,6,5
TX_GRAPH_001427,ACC_00193,ACC_00241,194.22,228638.85848033516,229344.45541532693,0,legitimate_transfer,6,4,6,5,5
TX_GRAPH_001428,ACC_00405,ACC_00189,47.43,162759.32144746685,142965.55095086596,0,legitimate_transfer,2,6,7,3,3
TX_GRAPH_001429,ACC_00177,ACC_00320,68.88,5911.3570328564665,158889.95141834172,0,legitimate_transfer,2,6,7,5,5
TX_GRAPH_001430,ACC_00258,ACC_00073,37.93,225986.51957969423,12395.118570893208,0,legitimate_transfer,3,6,5,4,4
TX_GRAPH_001431,ACC_00178,ACC_00378,8.94,27703.071984358783,140215.3027591982,0,legitimate_transfer,2,7,7,10,7
TX_GRAPH_001432,ACC_00391,ACC_00230,65.0,218076.24070565717,115811.94635376576,0,legitimate_transfer,3,5,4,8,4
TX_GRAPH_001433,ACC_00003,ACC_00368,60.45,13199.513710987363,148168.57304251436,0,legitimate_transfer,5,5,5,1,1
TX_GRAPH_001434,ACC_00308,ACC_00438,27.27,35840.517849327654,172617.8041926812,0,legitimate_transfer,7,6,6,4,4
TX_GRAPH_001435,ACC_00452,ACC_00296,97.17,131490.88550498016,240466.9667332034,0,legitimate_transfer,8,4,4,9,4
TX_GRAPH_001436,ACC_00448,ACC_00128,141.12,106549.59674282173,46954.76649275393,0,legitimate_transfer,4,10,8,5,5
TX_GRAPH_001437,ACC_00247,ACC_00317,42.96,64294.29744284797,53637.47129366025,0,legitimate_transfer,9,5,7,6,6
TX_GRAPH_001438,ACC_00124,ACC_00364,93.59,133638.21497163083,35468.07716036215,0,legitimate_transfer,2,6,4,5,4
TX_GRAPH_001439,ACC_00124,ACC_00311,88.48,14496.763587606376,57057.89905720011,0,legitimate_transfer,2,6,2,5,2
TX_GRAPH_001440,ACC_00321,ACC_00248,29.78,98895.6564611421,30432.107327619182,0,legitimate_transfer,5,4,7,2,2
TX_GRAPH_001441,ACC_00138,ACC_00191,28.85,93418.58679719649,251932.61996816617,0,legitimate_transfer,6,10,4,5,4
TX_GRAPH_001442,ACC_00367,ACC_00409,62.17,252952.467322554,149266.1610392927,0,legitimate_transfer,4,4,9,5,5
TX_GRAPH_001443,ACC_00063,ACC_00332,310.99,244486.67708602123,38751.55988309495,0,legitimate_transfer,4,4,6,6,6
TX_GRAPH_001444,ACC_00281,ACC_00146,14.61,153314.39473985153,190865.24701768826,0,legitimate_transfer,8,4,7,3,3
TX_GRAPH_001445,ACC_00455,ACC_00042,45.63,33579.639019478615,258801.80239461915,0,legitimate_transfer,2,8,7,6,6
TX_GRAPH_001446,ACC_00207,ACC_00484,62.96,79256.16940174748,181079.39047269223,0,legitimate_transfer,7,6,8,6,6
TX_GRAPH_001447,ACC_00419,ACC_00498,27.31,7282.155375481166,149569.87295567666,0,legitimate_transfer,6,11,7,3,3
TX_GRAPH_001448,ACC_00396,ACC_00099,141.59,197977.99833347677,251562.65770582613,0,legitimate_transfer,9,6,11,4,4
TX_GRAPH_001449,ACC_00364,ACC_00003,123.21,58214.06050441993,87402.69806809923,0,legitimate_transfer,4,5,5,5,5
TX_GRAPH_001450,ACC_00164,ACC_00157,63.27,175622.08337483348,187715.37405856434,0,legitimate_transfer,9,5,3,3,3
TX_GRAPH_001451,ACC_00400,ACC_00086,75.41,219441.9528724437,90165.83558245345,0,legitimate_transfer,4,7,7,4,4
TX_GRAPH_001452,ACC_00034,ACC_00347,81.29,170691.39653012308,89411.38640750745,0,legitimate_transfer,6,5,6,3,3
TX_GRAPH_001453,ACC_00098,ACC_00160,297.83,156949.8527829043,111066.18680368863,0,legitimate_transfer,5,5,3,6,3
TX_GRAPH_001454,ACC_00459,ACC_00254,105.97,5444.03525000333,100036.00265453721,0,legitimate_transfer,8,7,6,5,5
TX_GRAPH_001455,ACC_00010,ACC_00229,35.73,69028.06460986579,203990.2940929313,0,legitimate_transfer,6,3,4,2,2
TX_GRAPH_001456,ACC_00433,ACC_00107,40.81,126319.02160887799,257263.40403743237,0,legitimate_transfer,3,5,5,6,5
TX_GRAPH_001457,ACC_00283,ACC_00450,138.97,50795.30557368568,119740.93421298543,0,legitimate_transfer,4,6,8,8,8
TX_GRAPH_001458,ACC_00483,ACC_00393,15.37,142144.20867126138,16849.854384647944,0,legitimate_transfer,6,7,7,6,6
TX_GRAPH_001459,ACC_00422,ACC_00454,86.8,93440.14529582555,252971.4339075741,0,legitimate_transfer,9,3,5,6,5
TX_GRAPH_001460,ACC_00093,ACC_00319,28.42,206539.55969270365,125003.46007318335,0,legitimate_transfer,6,6,8,4,4
TX_GRAPH_001461,ACC_00160,ACC_00478,44.38,26103.752725814324,19472.108759585513,0,legitimate_transfer,3,6,8,4,4
TX_GRAPH_001462,ACC_00171,ACC_00457,22.79,39644.22783379497,55908.8745948511,0,legitimate_transfer,7,6,5,4,4
TX_GRAPH_001463,ACC_00335,ACC_00397,6.47,93392.70414335259,180050.105795004,0,legitimate_transfer,3,3,8,5,5
TX_GRAPH_001464,ACC_00379,ACC_00232,39.34,80119.24270789172,163589.37299769043,0,legitimate_transfer,6,9,4,5,4
TX_GRAPH_001465,ACC_00042,ACC_00404,37.9,194092.25062684665,156704.84213742934,0,legitimate_transfer,7,6,4,3,3
TX_GRAPH_001466,ACC_00206,ACC_00317,202.82,188561.016309191,44357.01609228702,0,legitimate_transfer,8,8,7,6,6
TX_GRAPH_001467,ACC_00147,ACC_00041,26.29,200846.98086547886,4598.524120002257,0,legitimate_transfer,9,7,6,7,6
TX_GRAPH_001468,ACC_00044,ACC_00131,79.86,186177.5727860819,20871.25334873293,0,legitimate_transfer,3,8,8,7,7
TX_GRAPH_001469,ACC_00486,ACC_00491,22.63,221721.07683310562,195225.72540699574,0,legitimate_transfer,4,9,9,3,3
TX_GRAPH_001470,ACC_00341,ACC_00212,136.98,107316.10226060227,203488.15249851733,0,legitimate_transfer,4,4,3,7,3
TX_GRAPH_001471,ACC_00132,ACC_00396,17.06,22946.247511064445,124190.14714031607,0,legitimate_transfer,9,4,9,6,6
TX_GRAPH_001472,ACC_00432,ACC_00439,12.64,62205.03791198202,118557.80634943061,0,legitimate_transfer,4,4,5,10,5
TX_GRAPH_001473,ACC_00460,ACC_00390,181.04,61051.7979541288,3946.8235242700457,0,legitimate_transfer,7,6,11,7,7
TX_GRAPH_001474,ACC_00141,ACC_00310,239.87,251599.73867810998,154620.86462718341,0,legitimate_transfer,5,7,8,9,8
TX_GRAPH_001475,ACC_00416,ACC_00086,65.52,242407.0798676278,72934.69527775732,0,legitimate_transfer,7,6,7,4,4
TX_GRAPH_001476,ACC_00244,ACC_00146,21.24,61403.513630033194,202583.44127238542,0,legitimate_transfer,4,3,7,3,3
TX_GRAPH_001477,ACC_00115,ACC_00431,293.14,76828.15141252683,252648.35150106676,0,legitimate_transfer,3,5,6,5,5
TX_GRAPH_001478,ACC_00428,ACC_00289,61.25,120017.89591848341,53573.00542859073,0,legitimate_transfer,3,3,8,6,6
TX_GRAPH_001479,ACC_00375,ACC_00318,36.44,167156.82748832318,152272.48884159047,0,legitimate_transfer,3,6,8,7,7
TX_GRAPH_001480,ACC_00337,ACC_00216,27.22,116960.17567268235,7262.715889048333,0,legitimate_transfer,6,7,9,5,5
TX_GRAPH_001481,ACC_00180,ACC_00309,140.76,81059.80922144881,242031.67321697643,0,legitimate_transfer,9,6,6,9,6
TX_GRAPH_001482,ACC_00206,ACC_00188,13.24,64860.4500329525,171368.66910085588,0,legitimate_transfer,8,8,6,3,3
TX_GRAPH_001483,ACC_00030,ACC_00070,190.84,22311.43404426717,154126.342115703,0,legitimate_transfer,6,3,3,8,3
TX_GRAPH_001484,ACC_00392,ACC_00363,17.02,74060.43008330316,93226.30057441478,0,legitimate_transfer,7,3,2,7,2
TX_GRAPH_001485,ACC_00313,ACC_00018,28.71,89079.83760911829,94814.81805102139,0,legitimate_transfer,6,8,8,4,4
TX_GRAPH_001486,ACC_00441,ACC_00064,45.8,219894.3751368689,162615.37317467583,0,legitimate_transfer,4,3,7,5,5
TX_GRAPH_001487,ACC_00371,ACC_00139,137.58,152903.0707463858,197881.29095774068,0,legitimate_transfer,3,8,6,3,3
TX_GRAPH_001488,ACC_00125,ACC_00249,89.98,208757.64682433932,150103.4507633864,0,legitimate_transfer,4,4,4,5,4
TX_GRAPH_001489,ACC_00261,ACC_00126,216.83,178336.64433155177,85782.89357575089,0,legitimate_transfer,2,14,12,7,7
TX_GRAPH_001490,ACC_00165,ACC_00151,34.31,194803.5976259798,103301.59760748407,0,legitimate_transfer,4,4,9,3,3
TX_GRAPH_001491,ACC_00074,ACC_00467,43.38,203151.5357353082,33749.71127813161,0,legitimate_transfer,3,4,7,9,7
TX_GRAPH_001492,ACC_00053,ACC_00219,17.5,132078.80657366474,126155.2493804567,0,legitimate_transfer,7,9,5,9,5
TX_GRAPH_001493,ACC_00470,ACC_00388,33.34,242820.85663039636,7782.3308864980345,0,legitimate_transfer,2,4,8,4,4
TX_GRAPH_001494,ACC_00050,ACC_00067,180.38,64163.8717138786,88338.26962107034,0,legitimate_transfer,4,9,7,7,7
TX_GRAPH_001495,ACC_00355,ACC_00324,17.99,80150.69059950777,149718.34605815416,0,legitimate_transfer,5,5,10,11,10
TX_GRAPH_001496,ACC_00288,ACC_00247,35.54,82875.96101410504,96900.22542883804,0,legitimate_transfer,2,8,9,5,5
TX_GRAPH_001497,ACC_00419,ACC_00187,19.75,237296.0337684666,179858.4070212392,0,legitimate_transfer,6,11,4,7,4
TX_GRAPH_001498,ACC_00317,ACC_00323,167.59,135618.34114767954,96780.32430416533,0,legitimate_transfer,7,6,5,2,2
TX_GRAPH_001499,ACC_00229,ACC_00178,126.46,226710.18860940362,166095.0290678186,0,legitimate_transfer,4,2,2,7,2
TX_GRAPH_001500,ACC_00014,ACC_00358,44.63,17468.68758719927,91555.08504600567,0,legitimate_transfer,7,6,10,10,10
TX_GRAPH_001501,ACC_00484,ACC_00383,26.0,102251.1672161709,95484.63008624752,0,legitimate_transfer,8,6,4,6,4
TX_GRAPH_001502,ACC_00309,ACC_00147,80.33,140562.6025940481,117484.73452812959,0,legitimate_transfer,6,9,9,7,7
TX_GRAPH_001503,ACC_00417,ACC_00067,7.29,81334.10340590462,89133.88755353673,0,legitimate_transfer,5,8,7,7,7
TX_GRAPH_001504,ACC_00329,ACC_00489,19.13,146898.11833187175,119642.7154890172,0,legitimate_transfer,4,7,6,6,6
TX_GRAPH_001505,ACC_00122,ACC_00296,45.53,208966.53325876818,209190.80724959192,0,legitimate_transfer,5,12,4,9,4
TX_GRAPH_001506,ACC_00492,ACC_00103,97.78,95755.17603408676,46442.134790996104,0,legitimate_transfer,5,6,11,5,5
TX_GRAPH_001507,ACC_00044,ACC_00457,19.55,68596.4833771444,175328.72119111006,0,legitimate_transfer,3,8,5,4,4
TX_GRAPH_001508,ACC_00117,ACC_00130,71.11,229979.58084384733,250470.48527118532,0,legitimate_transfer,5,3,7,4,4
TX_GRAPH_001509,ACC_00091,ACC_00126,162.41,255276.520193856,213417.39258494976,0,legitimate_transfer,5,5,12,7,7
TX_GRAPH_001510,ACC_00184,ACC_00297,17.28,231153.2005818118,30929.527461566257,0,legitimate_transfer,4,6,10,6,6
TX_GRAPH_001511,ACC_00411,ACC_00451,47.07,107488.82539447524,246007.45240407274,0,legitimate_transfer,2,7,5,2,2
TX_GRAPH_001512,ACC_00158,ACC_00188,31.61,218011.9384576738,44612.00449375822,0,legitimate_transfer,4,9,6,3,3
TX_GRAPH_001513,ACC_00485,ACC_00385,27.97,216309.05484567798,4992.171459930867,0,legitimate_transfer,6,3,7,3,3
TX_GRAPH_001514,ACC_00262,ACC_00366,40.45,51147.50479569454,93915.18296868028,0,legitimate_transfer,4,5,8,9,8
TX_GRAPH_001515,ACC_00464,ACC_00411,68.68,13577.954114247832,246863.2356862018,0,legitimate_transfer,4,5,2,7,2
TX_GRAPH_001516,ACC_00397,ACC_00188,69.35,227971.24035133058,51355.06715564796,0,legitimate_transfer,8,5,6,3,3
TX_GRAPH_001517,ACC_00030,ACC_00243,29.61,4435.348111759642,14362.272691403898,0,legitimate_transfer,6,3,6,8,6
TX_GRAPH_001518,ACC_00488,ACC_00103,48.43,196416.27163878139,71592.63425520986,0,legitimate_transfer,5,7,11,5,5
TX_GRAPH_001519,ACC_00061,ACC_00031,89.73,258020.48604274422,192191.3566577779,0,legitimate_transfer,3,7,3,6,3
TX_GRAPH_001520,ACC_00462,ACC_00054,33.05,198251.00142105055,101335.60985152534,0,legitimate_transfer,2,8,5,5,5
TX_GRAPH_001521,ACC_00085,ACC_00297,85.55,133850.3136005376,76152.62294772765,0,legitimate_transfer,4,5,10,6,6
TX_GRAPH_001522,ACC_00329,ACC_00036,24.75,225536.35889954944,142589.4057678523,0,legitimate_transfer,4,7,3,7,3
TX_GRAPH_001523,ACC_00294,ACC_00208,63.29,96162.82525727444,130251.17327680062,0,legitimate_transfer,6,4,11,1,1
TX_GRAPH_001524,ACC_00202,ACC_00223,34.92,204728.9657271198,160167.8783915881,0,legitimate_transfer,1,8,5,7,5
TX_GRAPH_001525,ACC_00176,ACC_00005,14.46,1879.54658045998,195747.717020298,0,legitimate_transfer,5,8,6,5,5
TX_GRAPH_001526,ACC_00481,ACC_00324,68.81,28075.00107988151,163711.40652173583,0,legitimate_transfer,8,3,10,11,10
TX_GRAPH_001527,ACC_00454,ACC_00480,58.76,140949.50636649318,163481.0181270376,0,legitimate_transfer,5,6,5,7,5
TX_GRAPH_001528,ACC_00154,ACC_00237,39.47,215671.2327835885,93302.78854241925,0,legitimate_transfer,2,5,4,3,3
TX_GRAPH_001529,ACC_00399,ACC_00192,94.11,1494.1390446421267,111296.03860870855,0,legitimate_transfer,4,6,14,7,7
TX_GRAPH_001530,ACC_00115,ACC_00275,35.78,128050.33814678251,31081.227623567756,0,legitimate_transfer,3,5,6,8,6
TX_GRAPH_001531,ACC_00153,ACC_00246,26.24,79861.17395171645,191394.41244282015,0,legitimate_transfer,4,8,6,7,6
TX_GRAPH_001532,ACC_00272,ACC_00019,59.5,5432.649434204429,150103.22103223982,0,legitimate_transfer,5,2,11,4,4
TX_GRAPH_001533,ACC_00061,ACC_00136,57.26,256692.51841599017,130358.2166657598,0,legitimate_transfer,3,7,10,5,5
TX_GRAPH_001534,ACC_00169,ACC_00014,27.29,61525.07490516782,20743.33241438327,0,legitimate_transfer,5,8,7,6,6
TX_GRAPH_001535,ACC_00230,ACC_00398,56.79,84461.09237531596,70878.36840695591,0,legitimate_transfer,4,8,4,7,4
TX_GRAPH_001536,ACC_00476,ACC_00063,43.47,238294.94800163567,63289.3871349164,0,legitimate_transfer,1,4,4,4,4
TX_GRAPH_001537,ACC_00096,ACC_00384,15.47,255082.13498396229,170874.37380407247,0,legitimate_transfer,2,8,4,3,3
TX_GRAPH_001538,ACC_00033,ACC_00091,18.46,129590.57018148244,7563.805919629481,0,legitimate_transfer,7,9,5,5,5
TX_GRAPH_001539,ACC_00426,ACC_00481,46.69,73498.79845575694,245465.3216171011,0,legitimate_transfer,3,7,8,3,3
TX_GRAPH_001540,ACC_00047,ACC_00050,10.36,93363.4349683634,29990.971572024937,0,legitimate_transfer,5,5,4,9,4
TX_GRAPH_001541,ACC_00489,ACC_00368,75.93,133154.75831147897,34876.64190311951,0,legitimate_transfer,6,6,5,1,1
TX_GRAPH_001542,ACC_00338,ACC_00250,19.79,132042.33068717338,91789.14962084584,0,legitimate_transfer,4,3,7,7,7
TX_GRAPH_001543,ACC_00281,ACC_00172,11.5,226870.90318526622,100667.97411368423,0,legitimate_transfer,8,4,8,6,6
TX_GRAPH_001544,ACC_00399,ACC_00227,22.88,121218.20248770864,106865.41460607306,0,legitimate_transfer,4,6,7,3,3
TX_GRAPH_001545,ACC_00327,ACC_00270,41.98,138821.35031043104,206486.48379749345,0,legitimate_transfer,4,13,5,6,5
TX_GRAPH_001546,ACC_00029,ACC_00331,49.91,35128.08568071066,254251.6812522952,0,legitimate_transfer,8,7,5,4,4
TX_GRAPH_001547,ACC_00063,ACC_00127,97.05,186002.67004120175,68722.31254751522,0,legitimate_transfer,4,4,9,2,2
TX_GRAPH_001548,ACC_00453,ACC_00065,68.48,225557.69211758685,196717.18925769496,0,legitimate_transfer,4,3,5,5,5
TX_GRAPH_001549,ACC_00320,ACC_00259,133.53,23940.46584322715,111329.88957684742,0,legitimate_transfer,7,5,6,1,1
TX_GRAPH_001550,ACC_00309,ACC_00446,123.48,67436.105330628,101796.54669237777,0,legitimate_transfer,6,9,5,6,5
TX_GRAPH_001551,ACC_00253,ACC_00089,94.07,211334.72865905715,138735.27737386012,0,legitimate_transfer,6,9,4,2,2
TX_GRAPH_001552,ACC_00400,ACC_00377,32.66,15004.56810606461,88212.95701606895,0,legitimate_transfer,4,7,11,5,5
TX_GRAPH_001553,ACC_00443,ACC_00332,30.61,3119.877250104499,200796.69832004403,0,legitimate_transfer,8,4,6,6,6
TX_GRAPH_001554,ACC_00308,ACC_00297,124.94,180159.67717978466,41956.08575535418,0,legitimate_transfer,7,6,10,6,6
TX_GRAPH_001555,ACC_00455,ACC_00497,192.99,81778.33839279428,107895.30417639714,0,legitimate_transfer,2,8,9,4,4
TX_GRAPH_001556,ACC_00202,ACC_00211,34.41,222266.66416900276,153101.50449972454,0,legitimate_transfer,1,8,3,6,3
TX_GRAPH_001557,ACC_00051,ACC_00077,28.83,126485.88871284561,196051.54492091548,0,legitimate_transfer,4,7,5,2,2
TX_GRAPH_001558,ACC_00129,ACC_00228,193.12,38899.7410064657,84029.37220092738,0,legitimate_transfer,6,5,6,10,6
TX_GRAPH_001559,ACC_00371,ACC_00075,331.56,105871.87644552083,80927.65460447573,0,legitimate_transfer,3,8,8,5,5
TX_GRAPH_001560,ACC_00383,ACC_00289,46.36,131598.00080266825,151539.75809385494,0,legitimate_transfer,4,6,8,6,6
TX_GRAPH_001561,ACC_00306,ACC_00037,34.6,89541.38392518478,225024.15750718795,0,legitimate_transfer,1,5,7,6,6
TX_GRAPH_001562,ACC_00282,ACC_00241,17.41,16103.640288622732,205568.76745507037,0,legitimate_transfer,4,8,6,5,5
TX_GRAPH_001563,ACC_00107,ACC_00370,121.0,28981.403309432237,24086.166181764554,0,legitimate_transfer,5,6,8,6,6
TX_GRAPH_001564,ACC_00261,ACC_00180,47.54,72761.83184063027,210369.38749255735,0,legitimate_transfer,2,14,9,6,6
TX_GRAPH_001565,ACC_00123,ACC_00188,64.42,88768.97649286262,153280.59592097037,0,legitimate_transfer,6,5,6,3,3
TX_GRAPH_001566,ACC_00473,ACC_00057,64.87,28071.277347787825,92645.6764395703,0,legitimate_transfer,5,6,5,2,2
TX_GRAPH_001567,ACC_00039,ACC_00148,125.36,172331.74252619524,141016.63985477146,0,legitimate_transfer,2,8,9,5,5
TX_GRAPH_001568,ACC_00285,ACC_00458,78.51,106357.6340496445,132645.00319925934,0,legitimate_transfer,11,5,3,5,3
TX_GRAPH_001569,ACC_00098,ACC_00279,27.82,179216.50721279194,60606.95400699181,0,legitimate_transfer,5,5,6,7,6
TX_GRAPH_001570,ACC_00362,ACC_00216,210.7,252567.84258992694,61410.321987644034,0,legitimate_transfer,6,7,9,5,5
TX_GRAPH_001571,ACC_00103,ACC_00022,64.88,243334.1900333811,240517.8620136747,0,legitimate_transfer,11,5,4,6,4
TX_GRAPH_001572,ACC_00355,ACC_00244,28.57,116143.58982705371,235155.34303501132,0,legitimate_transfer,5,5,4,3,3
TX_GRAPH_001573,ACC_00309,ACC_00154,153.23,63578.1568284734,78095.73986589925,0,legitimate_transfer,6,9,2,5,2
TX_GRAPH_001574,ACC_00016,ACC_00263,16.13,84634.12347893417,62014.57321033361,0,legitimate_transfer,6,6,4,4,4
TX_GRAPH_001575,ACC_00366,ACC_00111,52.9,12558.028637785848,184783.13127466725,0,legitimate_transfer,8,9,8,9,8
TX_GRAPH_001576,ACC_00214,ACC_00381,265.11,76712.56431040453,135358.6598357206,0,legitimate_transfer,8,5,7,2,2
TX_GRAPH_001577,ACC_00305,ACC_00143,13.54,154780.6403415526,65809.6986803594,0,legitimate_transfer,3,7,7,5,5
TX_GRAPH_001578,ACC_00378,ACC_00450,48.5,101619.537254525,201961.81512322245,0,legitimate_transfer,7,10,8,8,8
TX_GRAPH_001579,ACC_00058,ACC_00183,54.11,109934.8928761087,34632.04382945605,0,legitimate_transfer,7,6,8,6,6
TX_GRAPH_001580,ACC_00476,ACC_00095,157.14,68170.53146559914,23950.106577020437,0,legitimate_transfer,1,4,3,3,3
TX_GRAPH_001581,ACC_00268,ACC_00070,48.59,217954.26940770427,41503.04821563633,0,legitimate_transfer,8,7,3,8,3
TX_GRAPH_001582,ACC_00039,ACC_00278,31.06,40284.223724043026,73748.01105300519,0,legitimate_transfer,2,8,4,2,2
TX_GRAPH_001583,ACC_00212,ACC_00024,47.68,114714.62293490571,37025.71540975309,0,legitimate_transfer,3,7,12,9,9
TX_GRAPH_001584,ACC_00366,ACC_00443,105.17,52695.541994295214,19718.102558825947,0,legitimate_transfer,8,9,8,4,4
TX_GRAPH_001585,ACC_00334,ACC_00069,33.1,37536.51910998086,146973.04690406288,0,legitimate_transfer,5,5,5,7,5
TX_GRAPH_001586,ACC_00466,ACC_00052,65.16,176834.9763851715,223192.8090608006,0,legitimate_transfer,5,10,10,7,7
TX_GRAPH_001587,ACC_00471,ACC_00029,130.13,130789.5033407996,186750.2423137993,0,legitimate_transfer,4,8,8,7,7
TX_GRAPH_001588,ACC_00234,ACC_00090,236.33,35832.79759220623,253554.2674788688,0,legitimate_transfer,6,4,10,6,6
TX_GRAPH_001589,ACC_00457,ACC_00012,44.12,127578.46662544271,178384.41875595323,0,legitimate_transfer,5,4,4,5,4
TX_GRAPH_001590,ACC_00266,ACC_00425,50.16,89601.95569604497,143940.6180596134,0,legitimate_transfer,5,5,6,7,6
TX_GRAPH_001591,ACC_00329,ACC_00388,24.28,174099.80155509172,210285.42847967672,0,legitimate_transfer,4,7,8,4,4
TX_GRAPH_001592,ACC_00277,ACC_00370,9.44,19542.552190517366,113673.45062069799,0,legitimate_transfer,4,5,8,6,6
TX_GRAPH_001593,ACC_00040,ACC_00107,104.72,23605.03151381086,85256.8141490796,0,legitimate_transfer,2,6,5,6,5
TX_GRAPH_001594,ACC_00312,ACC_00135,15.52,15585.88401260497,39572.763402510725,0,legitimate_transfer,5,5,4,3,3
TX_GRAPH_001595,ACC_00304,ACC_00032,68.52,186136.99887841524,158275.402378708,0,legitimate_transfer,6,10,8,5,5
TX_GRAPH_001596,ACC_00042,ACC_00006,45.77,167962.76735925858,255458.91047786627,0,legitimate_transfer,7,6,6,6,6
TX_GRAPH_001597,ACC_00377,ACC_00239,78.64,258563.38171851294,74221.22757974928,0,legitimate_transfer,11,5,7,5,5
TX_GRAPH_001598,ACC_00141,ACC_00023,218.26,147936.0513778677,221393.60257347414,0,legitimate_transfer,5,7,10,4,4
TX_GRAPH_001599,ACC_00269,ACC_00271,20.89,172797.85679274987,103597.1683232057,0,legitimate_transfer,5,4,6,7,6
TX_GRAPH_001600,ACC_00009,ACC_00445,85.54,131727.5041836556,142697.02557012226,0,legitimate_transfer,9,3,7,9,7
TX_GRAPH_001601,ACC_00184,ACC_00136,8.83,132161.07607093063,22066.470514577988,0,legitimate_transfer,4,6,10,5,5
TX_GRAPH_001602,ACC_00007,ACC_00488,40.47,131798.65320006077,92818.23898773968,0,legitimate_transfer,5,6,5,7,5
TX_GRAPH_001603,ACC_00126,ACC_00436,16.03,51858.12943817646,182467.75389986017,0,legitimate_transfer,12,7,7,6,6
TX_GRAPH_001604,ACC_00423,ACC_00221,23.24,163198.40381391539,49112.839743484794,0,legitimate_transfer,6,4,6,7,6
TX_GRAPH_001605,ACC_00461,ACC_00495,410.07,52552.55689709706,246679.40237221803,0,legitimate_transfer,6,2,5,5,5
TX_GRAPH_001606,ACC_00382,ACC_00193,114.65,114728.91997510292,62209.79201233619,0,legitimate_transfer,2,6,6,4,4
TX_GRAPH_001607,ACC_00476,ACC_00208,48.34,66878.29281320547,36498.737680225015,0,legitimate_transfer,1,4,11,1,1
TX_GRAPH_001608,ACC_00203,ACC_00039,353.08,58648.40957413148,138201.79967594988,0,legitimate_transfer,9,4,2,8,2
TX_GRAPH_001609,ACC_00192,ACC_00057,180.0,122214.23809293733,96895.88910901909,0,legitimate_transfer,14,7,5,2,2
TX_GRAPH_001610,ACC_00257,ACC_00333,262.05,111544.26583963979,224325.40676711246,0,legitimate_transfer,9,6,3,2,2
TX_GRAPH_001611,ACC_00422,ACC_00226,87.45,59503.844565165076,37137.18987966824,0,legitimate_transfer,9,3,7,4,4
TX_GRAPH_001612,ACC_00279,ACC_00390,77.51,112699.59831119653,232059.34339015122,0,legitimate_transfer,6,7,11,7,7
TX_GRAPH_001613,ACC_00040,ACC_00245,82.44,73258.9758901258,187921.15709529913,0,legitimate_transfer,2,6,7,2,2
TX_GRAPH_001614,ACC_00391,ACC_00148,103.53,141249.83891386294,99854.4612688001,0,legitimate_transfer,3,5,9,5,5
TX_GRAPH_001615,ACC_00419,ACC_00250,42.25,111164.99713023107,92635.95285288147,0,legitimate_transfer,6,11,7,7,7
TX_GRAPH_001616,ACC_00197,ACC_00437,30.96,40881.54594895452,54665.962547109106,0,legitimate_transfer,5,6,5,3,3
TX_GRAPH_001617,ACC_00031,ACC_00491,23.19,82688.51890964832,151698.95672295455,0,legitimate_transfer,3,6,9,3,3
TX_GRAPH_001618,ACC_00394,ACC_00148,90.64,55251.10883601261,212454.60559957556,0,legitimate_transfer,3,5,9,5,5
TX_GRAPH_001619,ACC_00020,ACC_00461,51.75,256781.6498776118,91247.61473902117,0,legitimate_transfer,2,5,6,2,2
TX_GRAPH_001620,ACC_00310,ACC_00103,20.03,112395.31100519063,98731.2623199112,0,legitimate_transfer,8,9,11,5,5
TX_GRAPH_001621,ACC_00092,ACC_00387,111.29,181424.28218432094,161096.4509867801,0,legitimate_transfer,5,5,4,9,4
TX_GRAPH_001622,ACC_00039,ACC_00002,226.36,40293.92836026616,140997.7308809935,0,legitimate_transfer,2,8,5,5,5
TX_GRAPH_001623,ACC_00194,ACC_00392,23.59,215823.9403682074,167454.37690627962,0,legitimate_transfer,4,3,7,3,3
TX_GRAPH_001624,ACC_00263,ACC_00351,160.25,105715.54207331059,181248.2665272397,0,legitimate_transfer,4,4,5,7,5
TX_GRAPH_001625,ACC_00094,ACC_00139,68.55,111561.74209700881,110814.01448203913,0,legitimate_transfer,6,5,6,3,3
TX_GRAPH_001626,ACC_00178,ACC_00147,79.59,142113.4251940561,87929.43464554755,0,legitimate_transfer,2,7,9,7,7
TX_GRAPH_001627,ACC_00075,ACC_00023,20.86,192820.522061142,257383.95931296799,0,legitimate_transfer,8,5,10,4,4
TX_GRAPH_001628,ACC_00372,ACC_00083,80.43,205049.07958979844,22071.862864935265,0,legitimate_transfer,5,10,8,4,4
TX_GRAPH_001629,ACC_00447,ACC_00195,92.31,7928.059133793004,166068.9388211345,0,legitimate_transfer,5,5,6,4,4
TX_GRAPH_001630,ACC_00092,ACC_00437,19.09,103984.98568287303,189550.23848992615,0,legitimate_transfer,5,5,5,3,3
TX_GRAPH_001631,ACC_00026,ACC_00019,18.64,138351.21468821086,51058.34141714494,0,legitimate_transfer,5,4,11,4,4
TX_GRAPH_001632,ACC_00029,ACC_00198,37.11,24229.56040674268,119686.48311812793,0,legitimate_transfer,8,7,5,8,5
TX_GRAPH_001633,ACC_00260,ACC_00257,28.21,167896.99829744556,197545.65564806142,0,legitimate_transfer,8,6,9,6,6
TX_GRAPH_001634,ACC_00317,ACC_00078,39.19,28681.489199791133,143110.62357065125,0,legitimate_transfer,7,6,5,1,1
TX_GRAPH_001635,ACC_00011,ACC_00092,36.15,251766.26055379905,243031.49516315738,0,legitimate_transfer,6,6,5,5,5
TX_GRAPH_001636,ACC_00323,ACC_00308,8.83,125981.48879848028,102837.4766087925,0,legitimate_transfer,5,2,7,6,6
TX_GRAPH_001637,ACC_00257,ACC_00111,14.81,31971.57261216241,117987.42759908254,0,legitimate_transfer,9,6,8,9,8
TX_GRAPH_001638,ACC_00363,ACC_00485,975.25,147575.25500939367,146435.13587311792,0,legitimate_transfer,2,7,6,3,3
TX_GRAPH_001639,ACC_00472,ACC_00383,41.02,123967.13432155916,24799.655001310282,0,legitimate_transfer,6,7,4,6,4
TX_GRAPH_001640,ACC_00182,ACC_00369,15.33,39575.12787848003,191002.38307189234,0,legitimate_transfer,4,3,6,4,4
TX_GRAPH_001641,ACC_00075,ACC_00128,58.47,19061.956790016986,81958.55854019233,0,legitimate_transfer,8,5,8,5,5
TX_GRAPH_001642,ACC_00093,ACC_00003,73.95,18333.45439726262,104334.75119715331,0,legitimate_transfer,6,6,5,5,5
TX_GRAPH_001643,ACC_00169,ACC_00145,62.86,34926.764949239754,148424.59085300576,0,legitimate_transfer,5,8,5,6,5
TX_GRAPH_001644,ACC_00379,ACC_00111,19.4,8497.20024871209,157546.31824439554,0,legitimate_transfer,6,9,8,9,8
TX_GRAPH_001645,ACC_00075,ACC_00314,99.81,49167.77990103633,92541.79229195422,0,legitimate_transfer,8,5,1,4,1
TX_GRAPH_001646,ACC_00242,ACC_00076,36.53,162252.19833244,99373.66228339492,0,legitimate_transfer,5,4,5,3,3
TX_GRAPH_001647,ACC_00459,ACC_00424,254.28,76202.05818510964,7796.247327681549,0,legitimate_transfer,8,7,5,0,0
TX_GRAPH_001648,ACC_00244,ACC_00119,33.31,129320.58484276684,108669.45505974379,0,legitimate_transfer,4,3,6,6,6
TX_GRAPH_001649,ACC_00111,ACC_00114,8.28,66925.51512385711,93139.59983043357,0,legitimate_transfer,8,9,7,4,4
TX_GRAPH_001650,ACC_00497,ACC_00267,32.34,144390.9583802823,28679.27138894772,0,legitimate_transfer,9,4,5,7,5
TX_GRAPH_001651,ACC_00499,ACC_00185,43.25,44797.41197305982,233464.9074118555,0,legitimate_transfer,3,3,10,8,8
TX_GRAPH_001652,ACC_00325,ACC_00201,36.63,111138.89795102368,145216.33073866446,0,legitimate_transfer,4,9,5,4,4
TX_GRAPH_001653,ACC_00324,ACC_00409,158.45,172.37007888512858,128548.13487687918,0,legitimate_transfer,10,11,9,5,5
TX_GRAPH_001654,ACC_00015,ACC_00320,61.33,205621.65742056086,110613.2681718217,0,legitimate_transfer,4,7,7,5,5
TX_GRAPH_001655,ACC_00310,ACC_00164,15.5,586.6235757619087,25083.84995924032,0,legitimate_transfer,8,9,9,5,5
TX_GRAPH_001656,ACC_00159,ACC_00340,20.57,89179.40011804651,21008.086590210205,0,legitimate_transfer,7,7,10,8,8
TX_GRAPH_001657,ACC_00117,ACC_00358,110.72,560.1920190514413,257885.93127498426,0,legitimate_transfer,5,3,10,10,10
TX_GRAPH_001658,ACC_00141,ACC_00349,36.94,155743.3791207126,53283.38143568349,0,legitimate_transfer,5,7,7,6,6
TX_GRAPH_001659,ACC_00131,ACC_00485,186.56,222429.9390564337,228875.16146947167,0,legitimate_transfer,8,7,6,3,3
TX_GRAPH_001660,ACC_00271,ACC_00207,156.02,213447.52964017013,32239.306358217513,0,legitimate_transfer,6,7,7,6,6
TX_GRAPH_001661,ACC_00267,ACC_00286,164.57,178483.1317755505,87984.84513580795,0,legitimate_transfer,5,7,9,6,6
TX_GRAPH_001662,ACC_00000,ACC_00168,21.31,149061.04600309057,230802.23249095655,0,legitimate_transfer,3,5,6,4,4
TX_GRAPH_001663,ACC_00298,ACC_00346,130.8,233781.0816781021,122149.41217712384,0,legitimate_transfer,7,5,4,5,4
TX_GRAPH_001664,ACC_00067,ACC_00061,44.67,62179.528885586275,59957.50670507927,0,legitimate_transfer,7,7,3,7,3
TX_GRAPH_001665,ACC_00443,ACC_00475,106.29,209972.08035467306,57962.889617575805,0,legitimate_transfer,8,4,5,6,5
TX_GRAPH_001666,ACC_00193,ACC_00008,72.8,70132.24447092759,91368.44275833268,0,legitimate_transfer,6,4,4,6,4
TX_GRAPH_001667,ACC_00175,ACC_00061,158.99,78582.83033247381,107005.11299700382,0,legitimate_transfer,3,5,3,7,3
TX_GRAPH_001668,ACC_00302,ACC_00378,435.33,164727.19555791118,44882.10130284877,0,legitimate_transfer,8,5,7,10,7
TX_GRAPH_001669,ACC_00125,ACC_00131,62.96,51679.463944158844,12465.639004676095,0,legitimate_transfer,4,4,8,7,7
TX_GRAPH_001670,ACC_00250,ACC_00209,55.31,130256.4111699231,39758.62139595424,0,legitimate_transfer,7,7,4,2,2
TX_GRAPH_001671,ACC_00296,ACC_00219,52.93,89637.18804063617,55103.72670037035,0,legitimate_transfer,4,9,5,9,5
TX_GRAPH_001672,ACC_00362,ACC_00482,169.8,125360.71653500032,235942.81328434285,0,legitimate_transfer,6,7,3,7,3
TX_GRAPH_001673,ACC_00206,ACC_00390,250.94,210423.61304018437,55743.61315380791,0,legitimate_transfer,8,8,11,7,7
TX_GRAPH_001674,ACC_00329,ACC_00322,109.2,147221.1393531457,110790.9260450871,0,legitimate_transfer,4,7,7,2,2
TX_GRAPH_001675,ACC_00401,ACC_00494,22.25,175393.37490411586,53841.790128901805,0,legitimate_transfer,4,2,4,4,4
TX_GRAPH_001676,ACC_00055,ACC_00482,45.7,223517.79764250855,210641.07475497155,0,legitimate_transfer,3,6,3,7,3
TX_GRAPH_001677,ACC_00256,ACC_00285,41.01,156083.57251438446,62121.423492505346,0,legitimate_transfer,2,4,11,5,5
TX_GRAPH_001678,ACC_00393,ACC_00053,109.04,84376.36842993194,22233.17924379698,0,legitimate_transfer,7,6,7,9,7
TX_GRAPH_001679,ACC_00381,ACC_00419,73.85,83958.1318601131,169256.10464757163,0,legitimate_transfer,7,2,6,11,6
TX_GRAPH_001680,ACC_00303,ACC_00468,44.44,26572.1403572067,29891.02828180178,0,legitimate_transfer,4,7,9,4,4
TX_GRAPH_001681,ACC_00409,ACC_00378,28.88,206594.69684456024,20750.107581437554,0,legitimate_transfer,9,5,7,10,7
TX_GRAPH_001682,ACC_00497,ACC_00454,25.71,253630.79366678526,123411.0618948469,0,legitimate_transfer,9,4,5,6,5
TX_GRAPH_001683,ACC_00436,ACC_00438,46.13,235218.9348965608,178890.6080471752,0,legitimate_transfer,7,6,6,4,4
TX_GRAPH_001684,ACC_00388,ACC_00416,18.51,41005.015841198314,168117.2979564025,0,legitimate_transfer,8,4,7,6,6
TX_GRAPH_001685,ACC_00051,ACC_00034,11.96,68756.59025127409,216507.75366040922,0,legitimate_transfer,4,7,6,5,5
TX_GRAPH_001686,ACC_00423,ACC_00168,40.42,209924.5557812316,60414.47718411741,0,legitimate_transfer,6,4,6,4,4
TX_GRAPH_001687,ACC_00436,ACC_00035,42.98,198888.73603398533,65243.481042546366,0,legitimate_transfer,7,6,4,7,4
TX_GRAPH_001688,ACC_00055,ACC_00446,195.74,182729.67321380437,92805.66476429589,0,legitimate_transfer,3,6,5,6,5
TX_GRAPH_001689,ACC_00037,ACC_00460,23.52,229746.5160526967,184763.18373218385,0,legitimate_transfer,7,6,7,6,6
TX_GRAPH_001690,ACC_00024,ACC_00216,84.87,78604.23918888487,14488.236884103164,0,legitimate_transfer,12,9,9,5,5
TX_GRAPH_001691,ACC_00213,ACC_00012,80.99,104235.5949195556,42907.57315663257,0,legitimate_transfer,5,7,4,5,4
TX_GRAPH_001692,ACC_00253,ACC_00375,71.07,184346.59153216085,16155.07733583451,0,legitimate_transfer,6,9,3,6,3
TX_GRAPH_001693,ACC_00031,ACC_00483,160.41,147837.25267241677,178226.98232916684,0,legitimate_transfer,3,6,6,7,6
TX_GRAPH_001694,ACC_00324,ACC_00181,264.82,3414.7983706522505,40132.26338094849,0,legitimate_transfer,10,11,5,9,5
TX_GRAPH_001695,ACC_00131,ACC_00070,22.3,234241.12010001272,37928.74062725532,0,legitimate_transfer,8,7,3,8,3
TX_GRAPH_001696,ACC_00065,ACC_00452,42.11,167644.77277707832,236601.53645884403,0,legitimate_transfer,5,5,8,4,4
TX_GRAPH_001697,ACC_00434,ACC_00407,59.44,177736.2312608529,71685.37586407461,0,legitimate_transfer,3,3,3,5,3
TX_GRAPH_001698,ACC_00196,ACC_00277,61.93,107180.92617140422,147448.9101266636,0,legitimate_transfer,2,5,4,5,4
TX_GRAPH_001699,ACC_00280,ACC_00286,8.93,201661.96586246704,93324.90438027495,0,legitimate_transfer,3,5,9,6,6
TX_GRAPH_001700,ACC_00155,ACC_00167,479.28,147087.3921543767,152184.04000858328,0,legitimate_transfer,8,3,4,3,3
TX_GRAPH_001701,ACC_00387,ACC_00484,64.39,121304.47468687958,78119.67796500617,0,legitimate_transfer,4,9,8,6,6
TX_GRAPH_001702,ACC_00355,ACC_00139,32.99,239920.93493696913,70697.0416622011,0,legitimate_transfer,5,5,6,3,3
TX_GRAPH_001703,ACC_00482,ACC_00340,73.2,44377.92461090032,149874.29014140344,0,legitimate_transfer,3,7,10,8,8
TX_GRAPH_001704,ACC_00120,ACC_00176,57.46,164433.01639969277,239363.79712943302,0,legitimate_transfer,4,6,5,8,5
TX_GRAPH_001705,ACC_00101,ACC_00472,77.73,113697.81528526463,125606.61619213216,0,legitimate_transfer,3,6,6,7,6
TX_GRAPH_001706,ACC_00360,ACC_00480,31.28,99793.14438645763,12096.16635931457,0,legitimate_transfer,4,3,5,7,5
TX_GRAPH_001707,ACC_00100,ACC_00051,12.31,244659.5922730969,142301.42340556392,0,legitimate_transfer,5,4,4,7,4
TX_GRAPH_001708,ACC_00350,ACC_00362,43.6,175274.56018925653,123880.0960346757,0,legitimate_transfer,6,6,6,7,6
TX_GRAPH_001709,ACC_00390,ACC_00207,23.05,154109.16051630492,102593.5587287849,0,legitimate_transfer,11,7,7,6,6
TX_GRAPH_001710,ACC_00237,ACC_00443,123.64,185117.74081035168,72101.0440562916,0,legitimate_transfer,4,3,8,4,4
TX_GRAPH_001711,ACC_00421,ACC_00068,81.23,130274.78612861277,191201.96274417298,0,legitimate_transfer,2,5,7,7,7
TX_GRAPH_001712,ACC_00183,ACC_00052,45.58,104050.54568362473,197999.8109949213,0,legitimate_transfer,8,6,10,7,7
TX_GRAPH_001713,ACC_00036,ACC_00149,77.84,164323.5916243213,159976.37169505726,0,legitimate_transfer,3,7,4,7,4
TX_GRAPH_001714,ACC_00172,ACC_00106,56.91,195031.25966330664,82450.56954811275,0,legitimate_transfer,8,6,4,6,4
TX_GRAPH_001715,ACC_00006,ACC_00492,27.74,156455.7347592772,181261.18321729416,0,legitimate_transfer,6,6,5,6,5
TX_GRAPH_001716,ACC_00232,ACC_00004,30.36,228118.01234188638,124200.18834167386,0,legitimate_transfer,4,5,4,9,4
TX_GRAPH_001717,ACC_00138,ACC_00319,15.51,257540.04434932373,147661.24728942773,0,legitimate_transfer,6,10,8,4,4
TX_GRAPH_001718,ACC_00163,ACC_00249,11.78,201071.66130200567,195393.5576738857,0,legitimate_transfer,3,7,4,5,4
TX_GRAPH_001719,ACC_00342,ACC_00347,21.88,191902.96918475823,79025.75984339343,0,legitimate_transfer,3,6,6,3,3
TX_GRAPH_001720,ACC_00416,ACC_00351,67.54,70240.55884030726,109111.05391174892,0,legitimate_transfer,7,6,5,7,5
TX_GRAPH_001721,ACC_00053,ACC_00491,64.88,62466.44895908528,49546.01605377092,0,legitimate_transfer,7,9,9,3,3
TX_GRAPH_001722,ACC_00494,ACC_00439,44.45,12516.260503438169,42699.37706095197,0,legitimate_transfer,4,4,5,10,5
TX_GRAPH_001723,ACC_00386,ACC_00402,133.28,209060.02134130555,79418.54458278255,0,legitimate_transfer,3,7,3,4,3
TX_GRAPH_001724,ACC_00087,ACC_00481,157.85,22686.183094571512,136752.14392258626,0,legitimate_transfer,6,9,8,3,3
TX_GRAPH_001725,ACC_00068,ACC_00001,89.53,144889.93550825358,227437.01098359522,0,legitimate_transfer,7,7,7,2,2
TX_GRAPH_001726,ACC_00036,ACC_00302,15.48,146362.12978084912,153200.10084088997,0,legitimate_transfer,3,7,8,5,5
TX_GRAPH_001727,ACC_00156,ACC_00068,555.02,8648.25975851714,5818.492787666257,0,legitimate_transfer,6,10,7,7,7
TX_GRAPH_001728,ACC_00483,ACC_00397,121.32,26671.352318383273,233069.07967180613,0,legitimate_transfer,6,7,8,5,5
TX_GRAPH_001729,ACC_00313,ACC_00233,41.45,150201.5077265398,26626.378691295125,0,legitimate_transfer,6,8,9,4,4
TX_GRAPH_001730,ACC_00276,ACC_00239,47.21,181575.6298327041,136061.09490628392,0,legitimate_transfer,4,5,7,5,5
TX_GRAPH_001731,ACC_00043,ACC_00031,44.98,215923.2627052325,88337.18410583057,0,legitimate_transfer,6,6,3,6,3
TX_GRAPH_001732,ACC_00175,ACC_00417,90.96,220119.59996887404,152634.9228538142,0,legitimate_transfer,3,5,5,8,5
TX_GRAPH_001733,ACC_00111,ACC_00038,15.18,13639.220429818093,106765.44646995557,0,legitimate_transfer,8,9,3,4,3
TX_GRAPH_001734,ACC_00396,ACC_00114,85.9,122337.51692915898,34452.48418810025,0,legitimate_transfer,9,6,7,4,4
TX_GRAPH_001735,ACC_00128,ACC_00382,12.19,221195.0364396735,197402.19902739496,0,legitimate_transfer,8,5,2,6,2
TX_GRAPH_001736,ACC_00436,ACC_00019,99.76,21249.928879410392,198779.86989656807,0,legitimate_transfer,7,6,11,4,4
TX_GRAPH_001737,ACC_00230,ACC_00034,64.58,160630.99041645048,52911.53678575917,0,legitimate_transfer,4,8,6,5,5
TX_GRAPH_001738,ACC_00111,ACC_00336,8.14,125279.46787063294,62939.02452241696,0,legitimate_transfer,8,9,3,3,3
TX_GRAPH_001739,ACC_00255,ACC_00377,92.09,10760.402897581496,10201.320310785559,0,legitimate_transfer,7,4,11,5,5
TX_GRAPH_001740,ACC_00019,ACC_00420,60.5,102261.61183875993,184475.57017126883,0,legitimate_transfer,11,4,3,4,3
TX_GRAPH_001741,ACC_00373,ACC_00290,31.92,215401.82158235574,71566.52922447778,0,legitimate_transfer,2,7,7,4,4
TX_GRAPH_001742,ACC_00468,ACC_00204,54.93,145050.85164875965,81009.72941015458,0,legitimate_transfer,9,4,4,5,4
TX_GRAPH_001743,ACC_00332,ACC_00300,201.96,109631.59800591558,200605.93823709252,0,legitimate_transfer,6,6,4,5,4
TX_GRAPH_001744,ACC_00474,ACC_00218,51.73,182603.57922708805,32464.45682780428,0,legitimate_transfer,2,9,6,6,6
TX_GRAPH_001745,ACC_00151,ACC_00401,18.98,131406.68246740705,252764.3820043682,0,legitimate_transfer,9,3,4,2,2
TX_GRAPH_001746,ACC_00378,ACC_00376,34.9,3578.5997619997124,9463.731748243883,0,legitimate_transfer,7,10,3,5,3
TX_GRAPH_001747,ACC_00001,ACC_00236,48.6,240453.59985987397,145465.38423888,0,legitimate_transfer,7,2,3,6,3
TX_GRAPH_001748,ACC_00430,ACC_00238,60.47,143595.05929815452,63728.13667644587,0,legitimate_transfer,5,9,4,4,4
TX_GRAPH_001749,ACC_00293,ACC_00127,214.84,125014.09432206869,147111.28925555566,0,legitimate_transfer,4,2,9,2,2
TX_GRAPH_001750,ACC_00069,ACC_00162,26.43,78430.33923341281,105249.633541691,0,legitimate_transfer,5,7,8,2,2
TX_GRAPH_001751,ACC_00213,ACC_00080,61.48,68830.52700384885,227517.35741066083,0,legitimate_transfer,5,7,5,1,1
TX_GRAPH_001752,ACC_00154,ACC_00246,20.11,55105.785038590504,162504.18447269074,0,legitimate_transfer,2,5,6,7,6
TX_GRAPH_001753,ACC_00385,ACC_00141,25.22,194186.1106005608,228372.19506134436,0,legitimate_transfer,7,3,5,7,5
TX_GRAPH_001754,ACC_00429,ACC_00358,56.23,128982.17402109294,213833.97514076953,0,legitimate_transfer,5,2,10,10,10
TX_GRAPH_001755,ACC_00448,ACC_00164,47.0,127627.18387592543,76038.70863624674,0,legitimate_transfer,4,10,9,5,5
TX_GRAPH_001756,ACC_00108,ACC_00043,9.06,24092.604781616188,195887.9439414417,0,legitimate_transfer,1,7,6,6,6
TX_GRAPH_001757,ACC_00190,ACC_00022,63.73,150901.52247426682,55395.12663346525,0,legitimate_transfer,10,7,4,6,4
TX_GRAPH_001758,ACC_00172,ACC_00226,38.91,51934.97674058364,65528.15357835309,0,legitimate_transfer,8,6,7,4,4
TX_GRAPH_001759,ACC_00422,ACC_00164,93.08,102659.05546940076,208489.8805125616,0,legitimate_transfer,9,3,9,5,5
TX_GRAPH_001760,ACC_00431,ACC_00032,23.32,238064.61189159905,236442.83377155065,0,legitimate_transfer,6,5,8,5,5
TX_GRAPH_001761,ACC_00145,ACC_00129,42.56,229670.38322549866,13701.650441402555,0,legitimate_transfer,5,6,6,5,5
TX_GRAPH_001762,ACC_00017,ACC_00182,105.91,242292.07415403504,96606.11278004637,0,legitimate_transfer,5,7,4,3,3
TX_GRAPH_001763,ACC_00309,ACC_00495,74.49,35329.3384752402,200972.113317193,0,legitimate_transfer,6,9,5,5,5
TX_GRAPH_001764,ACC_00065,ACC_00082,92.59,186076.60752606814,168505.6492873058,0,legitimate_transfer,5,5,5,4,4
TX_GRAPH_001765,ACC_00319,ACC_00437,57.19,73023.42023101088,185369.75296165823,0,legitimate_transfer,8,4,5,3,3
TX_GRAPH_001766,ACC_00360,ACC_00377,112.3,172081.98007785316,143631.46987582833,0,legitimate_transfer,4,3,11,5,5
TX_GRAPH_001767,ACC_00206,ACC_00180,93.35,5128.778960218391,255990.86075299114,0,legitimate_transfer,8,8,9,6,6
TX_GRAPH_001768,ACC_00061,ACC_00251,52.33,179118.22190922112,223024.25169779285,0,legitimate_transfer,3,7,7,2,2
TX_GRAPH_001769,ACC_00261,ACC_00381,95.76,60278.140852626544,224781.42958425212,0,legitimate_transfer,2,14,7,2,2
TX_GRAPH_001770,ACC_00346,ACC_00390,27.93,45229.998961584024,15584.285135591746,0,legitimate_transfer,4,5,11,7,7
TX_GRAPH_001771,ACC_00344,ACC_00023,32.49,172590.10515053463,233103.08624135674,0,legitimate_transfer,2,6,10,4,4
TX_GRAPH_001772,ACC_00249,ACC_00065,278.97,119256.52373850667,107035.33005176333,0,legitimate_transfer,4,5,5,5,5
TX_GRAPH_001773,ACC_00046,ACC_00178,110.14,69593.26404618027,37323.19559304155,0,legitimate_transfer,5,6,2,7,2
TX_GRAPH_001774,ACC_00122,ACC_00172,94.33,242326.3439030232,29381.125246585943,0,legitimate_transfer,5,12,8,6,6
TX_GRAPH_001775,ACC_00090,ACC_00297,104.51,193968.46452519626,198214.82521771826,0,legitimate_transfer,10,6,10,6,6
TX_GRAPH_001776,ACC_00078,ACC_00343,112.38,161496.33663768432,255907.29711839848,0,legitimate_transfer,5,1,5,3,3
TX_GRAPH_001777,ACC_00028,ACC_00457,16.93,64071.869850868665,153268.58656481607,0,legitimate_transfer,7,6,5,4,4
TX_GRAPH_001778,ACC_00059,ACC_00029,53.86,18667.800549006715,189917.73428567167,0,legitimate_transfer,6,8,8,7,7
TX_GRAPH_001779,ACC_00044,ACC_00422,24.31,149618.45589842484,8479.951127130686,0,legitimate_transfer,3,8,9,3,3
TX_GRAPH_001780,ACC_00249,ACC_00077,27.18,82864.63478828514,166111.21346667866,0,legitimate_transfer,4,5,5,2,2
TX_GRAPH_001781,ACC_00035,ACC_00021,62.75,123375.51017682524,179996.60380450534,0,legitimate_transfer,4,7,7,7,7
TX_GRAPH_001782,ACC_00465,ACC_00080,27.02,249913.43224022017,119078.72823026979,0,legitimate_transfer,2,3,5,1,1
TX_GRAPH_001783,ACC_00052,ACC_00320,74.2,156467.80821809347,202265.71624537313,0,legitimate_transfer,10,7,7,5,5
TX_GRAPH_001784,ACC_00356,ACC_00415,24.2,253816.33099710982,93698.86497229828,0,legitimate_transfer,6,11,4,3,3
TX_GRAPH_001785,ACC_00261,ACC_00107,424.78,230871.84541905226,121924.02627329958,0,legitimate_transfer,2,14,5,6,5
TX_GRAPH_001786,ACC_00154,ACC_00250,84.22,48075.61744975464,191167.43540016358,0,legitimate_transfer,2,5,7,7,7
TX_GRAPH_001787,ACC_00008,ACC_00302,93.42,158196.12271295153,94741.1373197379,0,legitimate_transfer,4,6,8,5,5
TX_GRAPH_001788,ACC_00112,ACC_00264,38.32,12823.300426044834,100419.88270005317,0,legitimate_transfer,3,3,3,7,3
TX_GRAPH_001789,ACC_00166,ACC_00336,71.93,81922.69516127437,126049.96235643786,0,legitimate_transfer,6,5,3,3,3
TX_GRAPH_001790,ACC_00305,ACC_00484,111.99,147924.4686733424,180615.84283865133,0,legitimate_transfer,3,7,8,6,6
TX_GRAPH_001791,ACC_00305,ACC_00131,65.05,16198.076911769804,226937.94169624662,0,legitimate_transfer,3,7,8,7,7
TX_GRAPH_001792,ACC_00196,ACC_00145,32.22,108160.02305998672,226344.08124643564,0,legitimate_transfer,2,5,5,6,5
TX_GRAPH_001793,ACC_00271,ACC_00292,35.02,87123.78462981888,165272.38199447258,0,legitimate_transfer,6,7,6,6,6
TX_GRAPH_001794,ACC_00493,ACC_00460,83.69,227306.07128903086,219708.83275842367,0,legitimate_transfer,3,3,7,6,6
TX_GRAPH_001795,ACC_00324,ACC_00337,41.74,166713.81871825512,184306.7172054624,0,legitimate_transfer,10,11,6,7,6
TX_GRAPH_001796,ACC_00336,ACC_00334,16.95,201176.71462744186,26495.330648559706,0,legitimate_transfer,3,3,5,5,5
TX_GRAPH_001797,ACC_00096,ACC_00109,115.7,50984.4087230751,240894.46646941997,0,legitimate_transfer,2,8,6,2,2
TX_GRAPH_001798,ACC_00327,ACC_00218,58.18,219539.35015897788,121170.11904378324,0,legitimate_transfer,4,13,6,6,6
TX_GRAPH_001799,ACC_00027,ACC_00055,79.9,38914.82802949035,156879.6348399381,0,legitimate_transfer,4,5,3,6,3
TX_GRAPH_001800,ACC_00095,ACC_00238,43.76,142571.30178652637,90168.57731086877,0,legitimate_transfer,3,3,4,4,4
TX_GRAPH_001801,ACC_00144,ACC_00387,76.7,249075.46374693947,184407.0004828592,0,legitimate_transfer,4,5,4,9,4
TX_GRAPH_001802,ACC_00111,ACC_00490,53.14,182886.01462369598,112495.74804278032,0,legitimate_transfer,8,9,9,2,2
TX_GRAPH_001803,ACC_00222,ACC_00411,122.53,244682.44072237593,86601.62545466248,0,legitimate_transfer,4,7,2,7,2
TX_GRAPH_001804,ACC_00436,ACC_00475,17.41,188721.43407097613,92742.206852824,0,legitimate_transfer,7,6,5,6,5
TX_GRAPH_001805,ACC_00052,ACC_00131,116.98,79485.02961678378,153825.6232481024,0,legitimate_transfer,10,7,8,7,7
TX_GRAPH_001806,ACC_00132,ACC_00369,38.12,75928.77299901594,74513.66595383812,0,legitimate_transfer,9,4,6,4,4
TX_GRAPH_001807,ACC_00028,ACC_00183,158.75,139698.65389756928,94183.5146795495,0,legitimate_transfer,7,6,8,6,6
TX_GRAPH_001808,ACC_00042,ACC_00159,23.43,12066.952439830198,61412.007480439715,0,legitimate_transfer,7,6,7,7,7
TX_GRAPH_001809,ACC_00131,ACC_00136,91.78,256046.68411547114,239366.4177425009,0,legitimate_transfer,8,7,10,5,5
TX_GRAPH_001810,ACC_00129,ACC_00169,67.94,118740.70155583115,204646.14136149437,0,legitimate_transfer,6,5,5,8,5
TX_GRAPH_001811,ACC_00127,ACC_00347,16.47,80836.75197340615,30761.55645122031,0,legitimate_transfer,9,2,6,3,3
TX_GRAPH_001812,ACC_00135,ACC_00134,39.18,167958.78716809858,242275.9139938833,0,legitimate_transfer,4,3,6,6,6
TX_GRAPH_001813,ACC_00270,ACC_00379,151.87,52129.40322682549,201459.87780873667,0,legitimate_transfer,5,6,6,9,6
TX_GRAPH_001814,ACC_00188,ACC_00375,11.19,152041.66141304947,222116.88079050463,0,legitimate_transfer,6,3,3,6,3
TX_GRAPH_001815,ACC_00379,ACC_00252,48.92,4361.404884248516,143193.34271208322,0,legitimate_transfer,6,9,7,2,2
TX_GRAPH_001816,ACC_00357,ACC_00072,62.07,163818.89186706295,24450.076869326975,0,legitimate_transfer,4,6,8,1,1
TX_GRAPH_001817,ACC_00373,ACC_00057,85.26,201861.2140872484,110221.19688420127,0,legitimate_transfer,2,7,5,2,2
TX_GRAPH_001818,ACC_00230,ACC_00182,43.74,46230.385320232584,257221.8104865996,0,legitimate_transfer,4,8,4,3,3
TX_GRAPH_001819,ACC_00462,ACC_00357,22.21,181742.23323550075,227287.60488729907,0,legitimate_transfer,2,8,4,6,4
TX_GRAPH_001820,ACC_00183,ACC_00392,35.37,71275.80179034862,55446.496138118775,0,legitimate_transfer,8,6,7,3,3
TX_GRAPH_001821,ACC_00254,ACC_00032,31.53,251452.1182046444,52604.78240877182,0,legitimate_transfer,6,5,8,5,5
TX_GRAPH_001822,ACC_00393,ACC_00387,26.35,120604.23453252982,23429.387545107875,0,legitimate_transfer,7,6,4,9,4
TX_GRAPH_001823,ACC_00357,ACC_00469,148.31,129266.71053927632,244330.13056253956,0,legitimate_transfer,4,6,4,7,4
TX_GRAPH_001824,ACC_00415,ACC_00310,40.85,53518.25848961582,101744.56824294261,0,legitimate_transfer,4,3,8,9,8
TX_GRAPH_001825,ACC_00260,ACC_00056,28.89,176390.95336793482,134947.17881425077,0,legitimate_transfer,8,6,10,4,4
TX_GRAPH_001826,ACC_00246,ACC_00441,12.83,165039.86252544384,12289.331260995052,0,legitimate_transfer,6,7,4,3,3
TX_GRAPH_001827,ACC_00174,ACC_00109,31.33,35102.828837503344,58372.634319671466,0,legitimate_transfer,1,8,6,2,2
TX_GRAPH_001828,ACC_00474,ACC_00471,55.82,45380.84792407833,255066.1011180047,0,legitimate_transfer,2,9,4,8,4
TX_GRAPH_001829,ACC_00495,ACC_00227,77.83,187671.10670504608,118430.39898762704,0,legitimate_transfer,5,5,7,3,3
TX_GRAPH_001830,ACC_00204,ACC_00497,92.64,106598.02220474755,184220.6469446836,0,legitimate_transfer,4,5,9,4,4
TX_GRAPH_001831,ACC_00043,ACC_00481,23.9,175831.74740613965,241992.38134415526,0,legitimate_transfer,6,6,8,3,3
TX_GRAPH_001832,ACC_00049,ACC_00009,41.24,117731.37021140382,56378.32478595987,0,legitimate_transfer,7,5,9,3,3
TX_GRAPH_001833,ACC_00398,ACC_00028,114.07,242153.9418461305,76355.04957678592,0,legitimate_transfer,4,7,7,6,6
TX_GRAPH_001834,ACC_00442,ACC_00024,58.06,68927.77095851926,143006.31597183004,0,legitimate_transfer,5,4,12,9,9
TX_GRAPH_001835,ACC_00050,ACC_00319,206.77,98391.97111855446,101661.95792137481,0,legitimate_transfer,4,9,8,4,4
TX_GRAPH_001836,ACC_00008,ACC_00179,149.47,233075.73497938187,65136.694753860735,0,legitimate_transfer,4,6,7,6,6
TX_GRAPH_001837,ACC_00485,ACC_00248,121.7,195377.13815026442,143910.23766148803,0,legitimate_transfer,6,3,7,2,2
TX_GRAPH_001838,ACC_00050,ACC_00230,19.83,107285.18933766657,17659.73160582213,0,legitimate_transfer,4,9,4,8,4
TX_GRAPH_001839,ACC_00258,ACC_00084,146.42,122086.36616831299,217309.11706948673,0,legitimate_transfer,3,6,2,3,2
TX_GRAPH_001840,ACC_00482,ACC_00053,55.67,53860.209143108106,200456.10996185473,0,legitimate_transfer,3,7,7,9,7
TX_GRAPH_001841,ACC_00371,ACC_00487,126.92,36091.11886910616,187065.94981067715,0,legitimate_transfer,3,8,10,3,3
TX_GRAPH_001842,ACC_00349,ACC_00076,67.37,138799.67870657914,28451.52144224397,0,legitimate_transfer,7,6,5,3,3
TX_GRAPH_001843,ACC_00299,ACC_00399,28.77,61490.83917283313,222725.83396997716,0,legitimate_transfer,7,7,4,6,4
TX_GRAPH_001844,ACC_00297,ACC_00223,96.14,234247.96103257354,117260.52919534643,0,legitimate_transfer,10,6,5,7,5
TX_GRAPH_001845,ACC_00069,ACC_00104,187.81,70607.35367900252,35576.343697794546,0,legitimate_transfer,5,7,6,2,2
TX_GRAPH_001846,ACC_00286,ACC_00473,66.03,188448.00339276,259180.27716553034,0,legitimate_transfer,9,6,5,6,5
TX_GRAPH_001847,ACC_00092,ACC_00350,321.48,165318.06585080066,58058.80127030903,0,legitimate_transfer,5,5,6,6,6
TX_GRAPH_001848,ACC_00124,ACC_00492,105.61,172600.4072350857,234383.9771396077,0,legitimate_transfer,2,6,5,6,5
TX_GRAPH_001849,ACC_00223,ACC_00403,32.07,59354.62230134131,169581.82822089968,0,legitimate_transfer,5,7,7,5,5
TX_GRAPH_001850,ACC_00013,ACC_00453,41.93,77386.97236111123,176703.20291832267,0,legitimate_transfer,6,6,4,3,3
TX_GRAPH_001851,ACC_00382,ACC_00033,216.32,15159.281130455951,163163.12855995927,0,legitimate_transfer,2,6,7,9,7
TX_GRAPH_001852,ACC_00181,ACC_00229,426.63,172068.20187136056,19480.72366328902,0,legitimate_transfer,5,9,4,2,2
TX_GRAPH_001853,ACC_00447,ACC_00097,138.94,22720.653538053106,86731.42471465775,0,legitimate_transfer,5,5,5,4,4
TX_GRAPH_001854,ACC_00024,ACC_00330,64.22,126051.08975296987,210008.95340395242,0,legitimate_transfer,12,9,4,8,4
TX_GRAPH_001855,ACC_00115,ACC_00198,46.1,205658.65689003665,58259.96740028207,0,legitimate_transfer,3,5,5,8,5
TX_GRAPH_001856,ACC_00174,ACC_00290,160.07,68391.24505769328,103501.90498693186,0,legitimate_transfer,1,8,7,4,4
TX_GRAPH_001857,ACC_00484,ACC_00321,17.51,64536.786910607465,111991.18573930793,0,legitimate_transfer,8,6,5,4,4
TX_GRAPH_001858,ACC_00480,ACC_00067,31.28,234369.7514192428,53042.99573839489,0,legitimate_transfer,5,7,7,7,7
TX_GRAPH_001859,ACC_00038,ACC_00122,57.7,190787.60028813186,197044.68191511216,0,legitimate_transfer,3,4,5,12,5
TX_GRAPH_001860,ACC_00187,ACC_00317,357.04,125017.84541894603,223211.75083865772,0,legitimate_transfer,4,7,7,6,6
TX_GRAPH_001861,ACC_00231,ACC_00308,90.75,151989.01152259728,76806.11156343948,0,legitimate_transfer,10,9,7,6,6
TX_GRAPH_001862,ACC_00349,ACC_00450,30.95,78971.11418542278,71555.54819244522,0,legitimate_transfer,7,6,8,8,8
TX_GRAPH_001863,ACC_00261,ACC_00013,75.54,186303.34938258008,211177.33354099782,0,legitimate_transfer,2,14,6,6,6
TX_GRAPH_001864,ACC_00159,ACC_00456,64.43,219672.90582106856,5464.771378425391,0,legitimate_transfer,7,7,3,6,3
TX_GRAPH_001865,ACC_00296,ACC_00436,65.37,248.61936904291468,239761.76800777361,0,legitimate_transfer,4,9,7,6,6
TX_GRAPH_001866,ACC_00053,ACC_00457,53.36,230867.62604174035,78927.23224539364,0,legitimate_transfer,7,9,5,4,4
TX_GRAPH_001867,ACC_00372,ACC_00480,41.56,94511.2987475582,23974.13986618913,0,legitimate_transfer,5,10,5,7,5
TX_GRAPH_001868,ACC_00000,ACC_00309,8.04,233166.56413776896,217749.07996784232,0,legitimate_transfer,3,5,6,9,6
TX_GRAPH_001869,ACC_00356,ACC_00334,92.9,249481.36368540375,67917.28544321083,0,legitimate_transfer,6,11,5,5,5
TX_GRAPH_001870,ACC_00220,ACC_00444,58.52,81164.83219655298,35812.247387664785,0,legitimate_transfer,2,8,6,3,3
TX_GRAPH_001871,ACC_00358,ACC_00189,12.0,157435.46425467014,145105.99680146668,0,legitimate_transfer,10,10,7,3,3
TX_GRAPH_001872,ACC_00059,ACC_00057,39.65,228423.44724812184,185629.5403780358,0,legitimate_transfer,6,8,5,2,2
TX_GRAPH_001873,ACC_00330,ACC_00329,28.78,20434.642596700214,141667.65359760408,0,legitimate_transfer,4,8,4,7,4
TX_GRAPH_001874,ACC_00170,ACC_00164,19.69,128882.49210415369,47876.02010335123,0,legitimate_transfer,5,6,9,5,5
TX_GRAPH_001875,ACC_00230,ACC_00308,63.63,22312.3848465122,108064.92714575109,0,legitimate_transfer,4,8,7,6,6
TX_GRAPH_001876,ACC_00354,ACC_00440,178.29,50566.91332369861,157641.53250215185,0,legitimate_transfer,5,5,6,4,4
TX_GRAPH_001877,ACC_00419,ACC_00151,135.18,103950.6484742464,51692.25299830593,0,legitimate_transfer,6,11,9,3,3
TX_GRAPH_001878,ACC_00081,ACC_00142,6.55,98278.31799964675,95529.92404584208,0,legitimate_transfer,8,4,7,3,3
TX_GRAPH_001879,ACC_00425,ACC_00138,18.88,13465.582792086649,226914.8896181945,0,legitimate_transfer,6,7,6,10,6
TX_GRAPH_001880,ACC_00292,ACC_00072,55.85,81222.89141370534,250772.38128288466,0,legitimate_transfer,6,6,8,1,1
TX_GRAPH_001881,ACC_00437,ACC_00213,34.86,62662.49467214436,232697.51271454865,0,legitimate_transfer,5,3,5,7,5
TX_GRAPH_001882,ACC_00304,ACC_00222,112.06,116306.2662248853,74938.12023873249,0,legitimate_transfer,6,10,4,7,4
TX_GRAPH_001883,ACC_00147,ACC_00052,82.91,29062.003583581078,38695.367141580144,0,legitimate_transfer,9,7,10,7,7
TX_GRAPH_001884,ACC_00486,ACC_00397,48.77,22587.66283876391,166269.0027654625,0,legitimate_transfer,4,9,8,5,5
TX_GRAPH_001885,ACC_00096,ACC_00412,112.38,184591.3746961924,171068.30339881688,0,legitimate_transfer,2,8,3,6,3
TX_GRAPH_001886,ACC_00488,ACC_00451,97.66,227492.11303523649,134434.66018614982,0,legitimate_transfer,5,7,5,2,2
TX_GRAPH_001887,ACC_00443,ACC_00163,209.93,140647.57300496576,254257.23727545113,0,legitimate_transfer,8,4,3,7,3
TX_GRAPH_001888,ACC_00122,ACC_00026,35.43,73333.8932676899,201008.3349288086,0,legitimate_transfer,5,12,5,4,4
TX_GRAPH_001889,ACC_00065,ACC_00331,52.81,69061.36272225744,239409.88751490664,0,legitimate_transfer,5,5,5,4,4
TX_GRAPH_001890,ACC_00085,ACC_00254,123.01,125039.46826983434,93043.28961652842,0,legitimate_transfer,4,5,6,5,5
TX_GRAPH_001891,ACC_00481,ACC_00235,39.59,104217.57856582227,15521.105952098353,0,legitimate_transfer,8,3,5,3,3
TX_GRAPH_001892,ACC_00445,ACC_00340,29.89,245643.90362420294,21828.0694100714,0,legitimate_transfer,7,9,10,8,8
TX_GRAPH_001893,ACC_00035,ACC_00378,89.45,257853.55389842912,145724.79020880655,0,legitimate_transfer,4,7,7,10,7
TX_GRAPH_001894,ACC_00386,ACC_00127,9.18,34361.878667330726,31086.55388212039,0,legitimate_transfer,3,7,9,2,2
TX_GRAPH_001895,ACC_00006,ACC_00219,34.99,234399.22850386088,99476.0308745512,0,legitimate_transfer,6,6,5,9,5
TX_GRAPH_001896,ACC_00430,ACC_00230,86.75,73458.4868333471,191837.33574772967,0,legitimate_transfer,5,9,4,8,4
TX_GRAPH_001897,ACC_00246,ACC_00348,180.39,130604.86582128084,255407.1075631591,0,legitimate_transfer,6,7,7,3,3
TX_GRAPH_001898,ACC_00059,ACC_00144,216.61,54894.169690846786,187609.02989029302,0,legitimate_transfer,6,8,4,5,4
TX_GRAPH_001899,ACC_00286,ACC_00247,77.29,126970.68436696098,213471.9317263812,0,legitimate_transfer,9,6,9,5,5
TX_GRAPH_001900,ACC_00190,ACC_00150,46.57,182858.98344533442,39405.25753550266,0,legitimate_transfer,10,7,3,1,1
TX_GRAPH_001901,ACC_00345,ACC_00235,16.23,141804.5824838998,60371.75153920977,0,legitimate_transfer,5,5,5,3,3
TX_GRAPH_001902,ACC_00091,ACC_00452,52.61,58245.47551258262,37908.38020060988,0,legitimate_transfer,5,5,8,4,4
TX_GRAPH_001903,ACC_00145,ACC_00316,62.63,78105.90412475253,192306.25849317183,0,legitimate_transfer,5,6,5,7,5
TX_GRAPH_001904,ACC_00449,ACC_00094,164.92,7220.782901448451,21609.204003453422,0,legitimate_transfer,6,7,6,5,5
TX_GRAPH_001905,ACC_00271,ACC_00196,41.37,19815.443829236636,185088.2763865347,0,legitimate_transfer,6,7,2,5,2
TX_GRAPH_001906,ACC_00346,ACC_00207,32.22,181228.36981323015,92003.86465635296,0,legitimate_transfer,4,5,7,6,6
TX_GRAPH_001907,ACC_00471,ACC_00010,77.29,53611.82982822008,43473.34704366039,0,legitimate_transfer,4,8,6,3,3
TX_GRAPH_001908,ACC_00158,ACC_00320,41.04,195644.90808168816,236181.78982496916,0,legitimate_transfer,4,9,7,5,5
TX_GRAPH_001909,ACC_00480,ACC_00324,42.18,10361.186263928152,184652.96433855777,0,legitimate_transfer,5,7,10,11,10
TX_GRAPH_001910,ACC_00191,ACC_00328,256.95,249773.45239345016,149492.70555056594,0,legitimate_transfer,4,5,2,5,2
TX_GRAPH_001911,ACC_00377,ACC_00105,164.43,163597.37656725687,218271.77307163642,0,legitimate_transfer,11,5,8,2,2
TX_GRAPH_001912,ACC_00296,ACC_00059,17.71,120521.0130004401,30461.853278693397,0,legitimate_transfer,4,9,6,8,6
TX_GRAPH_001913,ACC_00011,ACC_00032,54.65,183605.5843931543,70087.18715075264,0,legitimate_transfer,6,6,8,5,5
TX_GRAPH_001914,ACC_00241,ACC_00360,126.97,54777.511574560725,204205.71679069617,0,legitimate_transfer,6,5,4,3,3
TX_GRAPH_001915,ACC_00403,ACC_00450,40.16,48920.153837267084,252897.0665424268,0,legitimate_transfer,7,5,8,8,8
TX_GRAPH_001916,ACC_00435,ACC_00438,63.81,8984.845031481867,27152.401619730033,0,legitimate_transfer,5,10,6,4,4
TX_GRAPH_001917,ACC_00473,ACC_00043,31.94,252777.75159655508,246397.01269551032,0,legitimate_transfer,5,6,6,6,6
TX_GRAPH_001918,ACC_00138,ACC_00418,67.76,12554.124674223925,227034.21656432582,0,legitimate_transfer,6,10,6,6,6
TX_GRAPH_001919,ACC_00480,ACC_00046,87.55,4939.871149315256,12080.060779361005,0,legitimate_transfer,5,7,5,6,5
TX_GRAPH_001920,ACC_00374,ACC_00344,94.41,255247.57211911387,62279.35353758942,0,legitimate_transfer,2,6,2,6,2
TX_GRAPH_001921,ACC_00134,ACC_00161,65.67,173775.26061929952,66421.61630932945,0,legitimate_transfer,6,6,7,6,6
TX_GRAPH_001922,ACC_00052,ACC_00076,24.78,201344.19750367818,112709.23644082618,0,legitimate_transfer,10,7,5,3,3
TX_GRAPH_001923,ACC_00016,ACC_00404,128.18,42454.83991553582,42159.35070316519,0,legitimate_transfer,6,6,4,3,3
TX_GRAPH_001924,ACC_00407,ACC_00042,15.76,232310.73339468197,98824.66840333941,0,legitimate_transfer,3,5,7,6,6
TX_GRAPH_001925,ACC_00237,ACC_00167,192.8,139161.67528752022,217607.08633568243,0,legitimate_transfer,4,3,4,3,3
TX_GRAPH_001926,ACC_00176,ACC_00427,132.87,177450.0016881923,139980.67223464738,0,legitimate_transfer,5,8,6,4,4
TX_GRAPH_001927,ACC_00161,ACC_00272,43.84,128571.0382910627,128982.53468365155,0,legitimate_transfer,7,6,5,2,2
TX_GRAPH_001928,ACC_00364,ACC_00422,127.81,28542.45042192146,174583.75019081423,0,legitimate_transfer,4,5,9,3,3
TX_GRAPH_001929,ACC_00037,ACC_00181,73.69,145833.83418752375,36220.703500541094,0,legitimate_transfer,7,6,5,9,5
TX_GRAPH_001930,ACC_00334,ACC_00091,124.24,171942.40058092005,188792.5953526728,0,legitimate_transfer,5,5,5,5,5
TX_GRAPH_001931,ACC_00228,ACC_00261,121.37,233769.88231421204,73750.64228918105,0,legitimate_transfer,6,10,2,14,2
TX_GRAPH_001932,ACC_00410,ACC_00143,8.72,230049.64008187124,205916.94151454364,0,legitimate_transfer,3,8,7,5,5
TX_GRAPH_001933,ACC_00021,ACC_00443,48.62,249539.41652314644,29218.540664009306,0,legitimate_transfer,7,7,8,4,4
TX_GRAPH_001934,ACC_00482,ACC_00298,76.91,243601.76182430238,113007.63140270194,0,legitimate_transfer,3,7,7,5,5
TX_GRAPH_001935,ACC_00492,ACC_00322,60.39,205333.2766195572,210701.80623829324,0,legitimate_transfer,5,6,7,2,2
TX_GRAPH_001936,ACC_00288,ACC_00419,307.69,28556.204609325443,144361.61280601972,0,legitimate_transfer,2,8,6,11,6
TX_GRAPH_001937,ACC_00185,ACC_00414,20.49,230760.58658210852,70660.34791623343,0,legitimate_transfer,10,8,3,8,3
TX_GRAPH_001938,ACC_00073,ACC_00295,94.72,189763.738927069,138730.45983454358,0,legitimate_transfer,5,4,6,4,4
TX_GRAPH_001939,ACC_00297,ACC_00216,94.56,244072.8543979897,201438.69171343045,0,legitimate_transfer,10,6,9,5,5
TX_GRAPH_001940,ACC_00466,ACC_00403,141.08,242274.35993352826,221764.48166158822,0,legitimate_transfer,5,10,7,5,5
TX_GRAPH_001941,ACC_00456,ACC_00180,48.24,34220.900793176355,110774.57283552438,0,legitimate_transfer,3,6,9,6,6
TX_GRAPH_001942,ACC_00499,ACC_00329,19.87,244304.92707834818,7409.3822170480125,0,legitimate_transfer,3,3,4,7,4
TX_GRAPH_001943,ACC_00104,ACC_00081,71.29,41758.23259927238,97517.39176112058,0,legitimate_transfer,6,2,8,4,4
TX_GRAPH_001944,ACC_00196,ACC_00145,74.39,39868.38387870503,106340.77749962789,0,legitimate_transfer,2,5,5,6,5
TX_GRAPH_001945,ACC_00075,ACC_00260,14.98,104648.98795896527,76196.60681400032,0,legitimate_transfer,8,5,8,6,6
TX_GRAPH_001946,ACC_00230,ACC_00138,33.34,238899.2245401825,157994.15288133183,0,legitimate_transfer,4,8,6,10,6
TX_GRAPH_001947,ACC_00326,ACC_00262,68.95,227255.15040900235,85435.8941917013,0,legitimate_transfer,5,9,4,5,4
TX_GRAPH_001948,ACC_00372,ACC_00286,48.16,102900.43102152155,25033.49051359668,0,legitimate_transfer,5,10,9,6,6
TX_GRAPH_001949,ACC_00359,ACC_00252,45.78,92065.564701061,41369.409544623486,0,legitimate_transfer,5,2,7,2,2
TX_GRAPH_001950,ACC_00157,ACC_00372,116.39,56047.333791406505,161050.74078067444,0,legitimate_transfer,3,3,5,10,5
TX_GRAPH_001951,ACC_00245,ACC_00341,20.81,232843.01586590047,158045.4503742466,0,legitimate_transfer,7,2,4,4,4
TX_GRAPH_001952,ACC_00428,ACC_00319,38.46,143033.24948322563,205230.88455903647,0,legitimate_transfer,3,3,8,4,4
TX_GRAPH_001953,ACC_00486,ACC_00321,55.86,44416.82695817172,181364.36035559254,0,legitimate_transfer,4,9,5,4,4
TX_GRAPH_001954,ACC_00033,ACC_00291,49.69,254113.54136926806,232168.2005503492,0,legitimate_transfer,7,9,3,3,3
TX_GRAPH_001955,ACC_00032,ACC_00189,191.21,36146.5105565233,202906.35278718834,0,legitimate_transfer,8,5,7,3,3
TX_GRAPH_001956,ACC_00254,ACC_00386,213.66,107328.86475595324,256534.0040357211,0,legitimate_transfer,6,5,3,7,3
TX_GRAPH_001957,ACC_00153,ACC_00393,66.08,176589.0102416907,187368.19371449295,0,legitimate_transfer,4,8,7,6,6
TX_GRAPH_001958,ACC_00486,ACC_00081,24.2,206911.19158291497,237941.5065450248,0,legitimate_transfer,4,9,8,4,4
TX_GRAPH_001959,ACC_00216,ACC_00442,45.42,100428.13168075329,82172.61848188864,0,legitimate_transfer,9,5,5,4,4
TX_GRAPH_001960,ACC_00158,ACC_00056,64.13,224231.96990494634,97552.47492417651,0,legitimate_transfer,4,9,10,4,4
TX_GRAPH_001961,ACC_00499,ACC_00492,27.09,86125.00943590817,250591.58197200982,0,legitimate_transfer,3,3,5,6,5
TX_GRAPH_001962,ACC_00213,ACC_00082,30.77,94871.39861106081,62932.94887653964,0,legitimate_transfer,5,7,5,4,4
TX_GRAPH_001963,ACC_00152,ACC_00308,22.43,5862.855843028237,202465.28290721658,0,legitimate_transfer,4,2,7,6,6
TX_GRAPH_001964,ACC_00179,ACC_00408,42.7,80014.02283232499,157233.6738972404,0,legitimate_transfer,7,6,4,2,2
TX_GRAPH_001965,ACC_00327,ACC_00030,31.09,167650.71293377722,37957.92294672932,0,legitimate_transfer,4,13,6,3,3
TX_GRAPH_001966,ACC_00420,ACC_00365,146.27,258351.7173647978,34448.002931607436,0,legitimate_transfer,3,4,5,4,4
TX_GRAPH_001967,ACC_00351,ACC_00420,84.19,147772.7278217341,89817.58918493916,0,legitimate_transfer,5,7,3,4,3
TX_GRAPH_001968,ACC_00200,ACC_00042,174.34,238883.93202630046,197773.02445630342,0,legitimate_transfer,3,7,7,6,6
TX_GRAPH_001969,ACC_00250,ACC_00132,45.43,202055.56949488868,19355.917359850966,0,legitimate_transfer,7,7,9,4,4
TX_GRAPH_001970,ACC_00147,ACC_00028,139.32,76518.28423865307,117388.25824356533,0,legitimate_transfer,9,7,7,6,6
TX_GRAPH_001971,ACC_00356,ACC_00451,62.59,188396.76377746512,182054.08630545135,0,legitimate_transfer,6,11,5,2,2
TX_GRAPH_001972,ACC_00439,ACC_00061,130.96,64197.858521738366,209301.29978432236,0,legitimate_transfer,5,10,3,7,3
TX_GRAPH_001973,ACC_00119,ACC_00374,166.72,251230.74497990203,124068.2177663568,0,legitimate_transfer,6,6,2,6,2
TX_GRAPH_001974,ACC_00275,ACC_00081,13.6,49080.8954256732,28660.161588964536,0,legitimate_transfer,6,8,8,4,4
TX_GRAPH_001975,ACC_00371,ACC_00303,49.73,244407.97970491843,160498.26914389845,0,legitimate_transfer,3,8,4,7,4
TX_GRAPH_001976,ACC_00464,ACC_00355,17.28,86034.67021290254,6208.095387440462,0,legitimate_transfer,4,5,5,5,5
TX_GRAPH_001977,ACC_00340,ACC_00162,65.13,236998.97317306735,92085.97612782335,0,legitimate_transfer,10,8,8,2,2
TX_GRAPH_001978,ACC_00252,ACC_00358,18.5,255742.7955182731,191757.16063157123,0,legitimate_transfer,7,2,10,10,10
TX_GRAPH_001979,ACC_00489,ACC_00413,38.26,6883.056338148861,59097.6569483622,0,legitimate_transfer,6,6,7,7,7
TX_GRAPH_001980,ACC_00445,ACC_00436,31.39,158636.07962446893,232085.24959910687,0,legitimate_transfer,7,9,7,6,6
TX_GRAPH_001981,ACC_00226,ACC_00254,34.4,205978.58518433766,227447.23824700707,0,legitimate_transfer,7,4,6,5,5
TX_GRAPH_001982,ACC_00234,ACC_00120,10.54,116280.51663491341,33647.69325084267,0,legitimate_transfer,6,4,4,6,4
TX_GRAPH_001983,ACC_00243,ACC_00304,56.7,148206.4866387924,59880.603552523426,0,legitimate_transfer,6,8,6,10,6
TX_GRAPH_001984,ACC_00134,ACC_00417,56.25,219061.18881593383,257328.86710426467,0,legitimate_transfer,6,6,5,8,5
TX_GRAPH_001985,ACC_00026,ACC_00285,87.75,84721.4448679141,42089.54728637387,0,legitimate_transfer,5,4,11,5,5
TX_GRAPH_001986,ACC_00192,ACC_00431,15.05,168864.29543680587,150701.24521276797,0,legitimate_transfer,14,7,6,5,5
TX_GRAPH_001987,ACC_00068,ACC_00021,112.79,206464.91841881507,236607.52225942662,0,legitimate_transfer,7,7,7,7,7
TX_GRAPH_001988,ACC_00373,ACC_00317,47.58,124190.35087394138,13908.477361035739,0,legitimate_transfer,2,7,7,6,6
TX_GRAPH_001989,ACC_00486,ACC_00327,26.3,122538.93853871127,53808.51830311508,0,legitimate_transfer,4,9,4,13,4
TX_GRAPH_001990,ACC_00290,ACC_00184,34.37,242757.0344086636,5345.22792558303,0,legitimate_transfer,7,4,4,6,4
TX_GRAPH_001991,ACC_00153,ACC_00331,114.55,38546.19805087596,130536.02696690861,0,legitimate_transfer,4,8,5,4,4
TX_GRAPH_001992,ACC_00038,ACC_00490,143.51,148089.64944252127,81025.85559439033,0,legitimate_transfer,3,4,9,2,2
TX_GRAPH_001993,ACC_00245,ACC_00207,18.84,126626.49995856157,156059.28498327854,0,legitimate_transfer,7,2,7,6,6
TX_GRAPH_001994,ACC_00390,ACC_00231,253.96,20600.512433873613,218496.26614651483,0,legitimate_transfer,11,7,10,9,9
TX_GRAPH_001995,ACC_00165,ACC_00290,32.08,117253.51214717202,75430.41938457092,0,legitimate_transfer,4,4,7,4,4
TX_GRAPH_001996,ACC_00231,ACC_00454,84.01,87706.01673450848,67399.0387627993,0,legitimate_transfer,10,9,5,6,5
TX_GRAPH_001997,ACC_00192,ACC_00133,21.5,53815.4899225937,194796.11079937153,0,legitimate_transfer,14,7,4,1,1
TX_GRAPH_001998,ACC_00191,ACC_00097,32.21,116365.25362347745,157467.71033525738,0,legitimate_transfer,4,5,5,4,4
TX_GRAPH_001999,ACC_00247,ACC_00142,38.46,69522.30800641843,181360.7041890552,0,legitimate_transfer,9,5,7,3,3
TX_MULE_RING0_002000,ACC_00249,ACC_00434,27521.75,41303.516089209865,17.707047076977993,1,multi_hop_ai_mule_network,4,5,3,3,3
TX_MULE_RING0_002001,ACC_00434,ACC_00403,26833.71,41308.61597678079,5.099887570927968,1,multi_hop_ai_mule_network,3,3,7,5,5
TX_MULE_RING0_002002,ACC_00403,ACC_00370,26162.87,41314.30664996901,5.6906731882218216,1,multi_hop_ai_mule_network,7,5,8,6,6
TX_MULE_RING0_002003,ACC_00370,ACC_00310,25508.8,41329.454242075706,15.147592106693354,1,multi_hop_ai_mule_network,8,6,8,9,8
TX_MULE_RING0_002004,ACC_00310,ACC_00359,24871.08,41334.75471760344,5.300475527734733,1,multi_hop_ai_mule_network,8,9,5,2,2
TX_MULE_RING1_002005,ACC_00480,ACC_00246,26439.13,98204.96357166846,9.809634389250734,1,multi_hop_ai_mule_network,5,7,6,7,6
TX_MULE_RING1_002006,ACC_00246,ACC_00273,25778.16,98211.73999201036,6.776420341901719,1,multi_hop_ai_mule_network,6,7,9,4,4
TX_MULE_RING1_002007,ACC_00273,ACC_00089,25133.7,98227.79349284079,16.053500830435418,1,multi_hop_ai_mule_network,9,4,4,2,2
TX_MULE_RING1_002008,ACC_00089,ACC_00436,24505.36,98232.75291214888,4.959419308085492,1,multi_hop_ai_mule_network,4,2,7,6,6
TX_MULE_RING1_002009,ACC_00436,ACC_00148,23892.72,98252.54394024638,19.791028097503844,1,multi_hop_ai_mule_network,7,6,9,5,5
TX_MULE_RING2_002010,ACC_00375,ACC_00327,23169.64,214554.14610985524,2.9101631830372034,1,multi_hop_ai_mule_network,3,6,4,13,4
TX_MULE_RING2_002011,ACC_00327,ACC_00282,22590.4,214559.09146820745,4.945358352215562,1,multi_hop_ai_mule_network,4,13,4,8,4
TX_MULE_RING2_002012,ACC_00282,ACC_00279,22025.64,214570.3954779351,11.304009727629671,1,multi_hop_ai_mule_network,4,8,6,7,6
TX_MULE_RING2_002013,ACC_00279,ACC_00052,21475.0,214582.72890859813,12.333430663038468,1,multi_hop_ai_mule_network,6,7,10,7,7
TX_MULE_RING2_002014,ACC_00052,ACC_00006,20938.12,214599.73564039823,17.006731800083482,1,multi_hop_ai_mule_network,10,7,6,6,6
TX_MULE_RING3_002015,ACC_00175,ACC_00103,16129.76,160463.77746006043,18.206308236943535,1,multi_hop_ai_mule_network,3,5,11,5,5
TX_MULE_RING3_002016,ACC_00103,ACC_00064,15726.51,160478.85251188703,15.075051826602554,1,multi_hop_ai_mule_network,11,5,7,5,5
TX_MULE_RING3_002017,ACC_00064,ACC_00347,15333.35,160490.19927006564,11.346758178610528,1,multi_hop_ai_mule_network,7,5,6,3,3
TX_MULE_RING3_002018,ACC_00347,ACC_00343,14950.02,160502.03690248475,11.837632419090628,1,multi_hop_ai_mule_network,6,3,5,3,3
TX_MULE_RING3_002019,ACC_00343,ACC_00100,14576.27,160512.70967185422,10.672769369469096,1,multi_hop_ai_mule_network,5,3,5,4,4
TX_MULE_RING4_002020,ACC_00440,ACC_00435,31741.24,140414.30303323892,21.40275553476565,1,multi_hop_ai_mule_network,6,4,5,10,5
TX_MULE_RING4_002021,ACC_00435,ACC_00294,30947.71,140425.61479608007,11.31176284115219,1,multi_hop_ai_mule_network,5,10,6,4,4
TX_MULE_RING4_002022,ACC_00294,ACC_00131,30174.02,140428.5610289972,2.9462329171358945,1,multi_hop_ai_mule_network,6,4,8,7,7
TX_MULE_RING4_002023,ACC_00131,ACC_00346,29419.67,140437.78151654007,9.220487542844195,1,multi_hop_ai_mule_network,8,7,4,5,4
TX_MULE_RING4_002024,ACC_00346,ACC_00112,28684.18,140452.23844783014,14.45693129007396,1,multi_hop_ai_mule_network,4,5,3,3,3
TX_MULE_RING5_002025,ACC_00359,ACC_00106,14211.12,229477.82316393493,24.402352192569086,1,multi_hop_ai_mule_network,5,2,4,6,4
TX_MULE_RING5_002026,ACC_00106,ACC_00447,13855.84,229491.76409684218,13.9409329072617,1,multi_hop_ai_mule_network,4,6,5,5,5
TX_MULE_RING5_002027,ACC_00447,ACC_00008,13509.45,229498.836737439,7.072640596822094,1,multi_hop_ai_mule_network,5,5,4,6,4
TX_MULE_RING5_002028,ACC_00008,ACC_00005,13171.71,229509.41696187053,10.580224431513791,1,multi_hop_ai_mule_network,4,6,6,5,5
TX_MULE_RING5_002029,ACC_00005,ACC_00400,12842.42,229534.3934293505,24.976467479956497,1,multi_hop_ai_mule_network,6,5,4,7,4
TX_MULE_RING6_002030,ACC_00063,ACC_00390,19849.54,59584.57317004405,18.112781714807905,1,multi_hop_ai_mule_network,4,4,11,7,7
TX_MULE_RING6_002031,ACC_00390,ACC_00088,19353.3,59590.29717047381,5.724000429758876,1,multi_hop_ai_mule_network,11,7,8,10,8
TX_MULE_RING6_002032,ACC_00088,ACC_00347,18869.47,59615.17962913577,24.8824586619619,1,multi_hop_ai_mule_network,8,10,6,3,3
TX_MULE_RING6_002033,ACC_00347,ACC_00169,18397.73,59636.12366029011,20.94403115434439,1,multi_hop_ai_mule_network,6,3,5,8,5
TX_MULE_RING6_002034,ACC_00169,ACC_00410,17937.79,59656.61520645379,20.491546163677747,1,multi_hop_ai_mule_network,5,8,3,8,3
TX_MULE_RING7_002035,ACC_00039,ACC_00243,20290.51,221323.20940972818,24.4304272281167,1,multi_hop_ai_mule_network,2,8,6,8,6
TX_MULE_RING7_002036,ACC_00243,ACC_00337,19783.25,221348.0454522481,24.83604251993269,1,multi_hop_ai_mule_network,6,8,6,7,6
TX_MULE_RING7_002037,ACC_00337,ACC_00379,19288.67,221361.9478020969,13.902349848803295,1,multi_hop_ai_mule_network,6,7,6,9,6
TX_MULE_RING7_002038,ACC_00379,ACC_00283,18806.45,221376.7304686243,14.782666527398518,1,multi_hop_ai_mule_network,6,9,4,6,4
TX_MULE_RING7_002039,ACC_00283,ACC_00002,18336.29,221390.7588732151,14.028404590800758,1,multi_hop_ai_mule_network,4,6,5,5,5
TX_MULE_RING8_002040,ACC_00460,ACC_00005,34113.28,92121.97209392278,10.39068882348007,1,multi_hop_ai_mule_network,7,6,6,5,5
TX_MULE_RING8_002041,ACC_00005,ACC_00282,33260.45,92144.52579653056,22.55370260777894,1,multi_hop_ai_mule_network,6,5,4,8,4
TX_MULE_RING8_002042,ACC_00282,ACC_00409,32428.94,92156.47393061152,11.948134080957875,1,multi_hop_ai_mule_network,4,8,9,5,5
TX_MULE_RING8_002043,ACC_00409,ACC_00342,31618.21,92173.43106884508,16.957138233560915,1,multi_hop_ai_mule_network,9,5,3,6,3
TX_MULE_RING8_002044,ACC_00342,ACC_00018,30827.76,92183.16878733333,9.73771848824833,1,multi_hop_ai_mule_network,3,6,8,4,4
TX_MULE_RING9_002045,ACC_00200,ACC_00180,26718.3,206452.33020347898,7.9495764898988295,1,multi_hop_ai_mule_network,3,7,9,6,6
TX_MULE_RING9_002046,ACC_00180,ACC_00131,26050.34,206458.60203387824,6.27183039925775,1,multi_hop_ai_mule_network,9,6,8,7,7
TX_MULE_RING9_002047,ACC_00131,ACC_00120,25399.08,206482.541565628,23.939531749754913,1,multi_hop_ai_mule_network,8,7,4,6,4
TX_MULE_RING9_002048,ACC_00120,ACC_00173,24764.1,206504.26774372984,21.726178101856807,1,multi_hop_ai_mule_network,4,6,3,9,3
TX_MULE_RING9_002049,ACC_00173,ACC_00216,24145.0,206525.6190468282,21.351303098337,1,multi_hop_ai_mule_network,3,9,9,5,5
TX_MULE_RING10_002050,ACC_00002,ACC_00073,13069.98,171224.5289182951,22.67872931466396,1,multi_hop_ai_mule_network,5,5,5,4,4
TX_MULE_RING10_002051,ACC_00073,ACC_00147,12743.23,171246.23987867698,21.710960381873804,1,multi_hop_ai_mule_network,5,4,9,7,7
TX_MULE_RING10_002052,ACC_00147,ACC_00106,12424.65,171266.27009853564,20.030219858651144,1,multi_hop_ai_mule_network,9,7,4,6,4
TX_MULE_RING10_002053,ACC_00106,ACC_00227,12114.04,171288.28358365476,22.013485119136057,1,multi_hop_ai_mule_network,4,6,7,3,3
TX_MULE_RING10_002054,ACC_00227,ACC_00105,11811.18,171298.17662454164,9.893040886866794,1,multi_hop_ai_mule_network,7,3,8,2,2
TX_MULE_RING11_002055,ACC_00338,ACC_00123,31504.41,99476.56820554311,19.206313997284543,1,multi_hop_ai_mule_network,4,3,6,5,5
TX_MULE_RING11_002056,ACC_00123,ACC_00449,30716.8,99479.71647206089,3.1482665177741143,1,multi_hop_ai_mule_network,6,5,6,7,6
TX_MULE_RING11_002057,ACC_00449,ACC_00022,29948.88,99486.38353831662,6.66706625572709,1,multi_hop_ai_mule_network,6,7,4,6,4
TX_MULE_RING11_002058,ACC_00022,ACC_00468,29200.16,99492.55911276098,6.17557444435811,1,multi_hop_ai_mule_network,4,6,9,4,4
TX_MULE_RING11_002059,ACC_00468,ACC_00249,28470.16,99496.16448117717,3.6053684161949513,1,multi_hop_ai_mule_network,9,4,4,5,4
TX_MULE_RING12_002060,ACC_00363,ACC_00364,12165.57,243140.19658624264,24.475307070517182,1,multi_hop_ai_mule_network,2,7,4,5,4
TX_MULE_RING12_002061,ACC_00364,ACC_00260,11861.43,243158.93716451083,18.740578268198917,1,multi_hop_ai_mule_network,4,5,8,6,6
TX_MULE_RING12_002062,ACC_00260,ACC_00439,11564.9,243168.6195685017,9.682403990842156,1,multi_hop_ai_mule_network,8,6,5,10,5
TX_MULE_RING12_002063,ACC_00439,ACC_00373,11275.77,243172.40188388873,3.782315387043303,1,multi_hop_ai_mule_network,5,10,2,7,2
TX_MULE_RING12_002064,ACC_00373,ACC_00156,10993.88,243192.6864093915,20.284525502752654,1,multi_hop_ai_mule_network,2,7,6,10,6
TX_MULE_RING13_002065,ACC_00062,ACC_00350,31539.5,240842.557185523,18.409436676321864,1,multi_hop_ai_mule_network,2,3,6,6,6
TX_MULE_RING13_002066,ACC_00350,ACC_00254,30751.01,240866.73225392884,24.175068405829755,1,multi_hop_ai_mule_network,6,6,6,5,5
TX_MULE_RING13_002067,ACC_00254,ACC_00414,29982.23,240875.574338801,8.842084872166131,1,multi_hop_ai_mule_network,6,5,3,8,3
TX_MULE_RING13_002068,ACC_00414,ACC_00478,29232.68,240899.88597178095,24.311632979965502,1,multi_hop_ai_mule_network,3,8,8,4,4
TX_MULE_RING13_002069,ACC_00478,ACC_00359,28501.86,240905.98787053738,6.101898756435475,1,multi_hop_ai_mule_network,8,4,5,2,2
TX_MULE_RING14_002070,ACC_00115,ACC_00189,24163.08,72253.43355837265,16.449027459856378,1,multi_hop_ai_mule_network,3,5,7,3,3
TX_MULE_RING14_002071,ACC_00189,ACC_00110,23559.01,72275.62878822642,22.195229853766023,1,multi_hop_ai_mule_network,7,3,4,6,4
TX_MULE_RING14_002072,ACC_00110,ACC_00216,22970.03,72278.50804969802,2.8792614716024887,1,multi_hop_ai_mule_network,4,6,9,5,5
TX_MULE_RING14_002073,ACC_00216,ACC_00203,22395.78,72284.7671074711,6.259057773070573,1,multi_hop_ai_mule_network,9,5,9,4,4
TX_MULE_RING14_002074,ACC_00203,ACC_00474,21835.89,72301.07797042881,16.3108629577173,1,multi_hop_ai_mule_network,9,4,2,9,2
TX_MULE_RING15_002075,ACC_00037,ACC_00417,29216.97,139175.9758547945,7.459443901077803,1,multi_hop_ai_mule_network,7,6,5,8,5
TX_MULE_RING15_002076,ACC_00417,ACC_00348,28486.54,139184.02419263968,8.048337845183774,1,multi_hop_ai_mule_network,5,8,7,3,3
TX_MULE_RING15_002077,ACC_00348,ACC_00190,27774.38,139193.8473075236,9.823114883924074,1,multi_hop_ai_mule_network,7,3,10,7,7
TX_MULE_RING15_002078,ACC_00190,ACC_00248,27080.02,139204.92728717555,11.079979651952543,1,multi_hop_ai_mule_network,10,7,7,2,2
TX_MULE_RING15_002079,ACC_00248,ACC_00016,26403.02,139209.66734130672,4.740054131160509,1,multi_hop_ai_mule_network,7,2,6,6,6
TX_MULE_RING16_002080,ACC_00149,ACC_00214,14268.94,115121.82007755656,12.957380382116726,1,multi_hop_ai_mule_network,4,7,8,5,5
TX_MULE_RING16_002081,ACC_00214,ACC_00147,13912.22,115128.02534834355,6.205270786983023,1,multi_hop_ai_mule_network,8,5,9,7,7
TX_MULE_RING16_002082,ACC_00147,ACC_00042,13564.41,115140.63408563015,12.608737286600508,1,multi_hop_ai_mule_network,9,7,7,6,6
TX_MULE_RING16_002083,ACC_00042,ACC_00475,13225.3,115153.24695920617,12.612873576011625,1,multi_hop_ai_mule_network,7,6,5,6,5
TX_MULE_RING16_002084,ACC_00475,ACC_00225,12894.67,115165.64333767189,12.39637846572597,1,multi_hop_ai_mule_network,5,6,4,2,2
TX_MULE_RING17_002085,ACC_00232,ACC_00302,10874.55,61832.991803302604,4.994088958545142,1,multi_hop_ai_mule_network,4,5,8,5,5
TX_MULE_RING17_002086,ACC_00302,ACC_00478,10602.68,61855.99825347532,23.00645017271486,1,multi_hop_ai_mule_network,8,5,8,4,4
TX_MULE_RING17_002087,ACC_00478,ACC_00159,10337.61,61865.03601894212,9.037765466794163,1,multi_hop_ai_mule_network,8,4,7,7,7
TX_MULE_RING17_002088,ACC_00159,ACC_00156,10079.17,61870.32909561191,5.293076669789613,1,multi_hop_ai_mule_network,7,7,6,10,6
TX_MULE_RING17_002089,ACC_00156,ACC_00386,9827.2,61884.01774141112,13.688645799207203,1,multi_hop_ai_mule_network,6,10,3,7,3
TX_MULE_RING18_002090,ACC_00439,ACC_00379,7302.9,12407.701290866058,2.3689583107031558,1,multi_hop_ai_mule_network,5,10,6,9,6
TX_MULE_RING18_002091,ACC_00379,ACC_00163,7120.32,12414.245580902343,6.544290036285605,1,multi_hop_ai_mule_network,6,9,3,7,3
TX_MULE_RING18_002092,ACC_00163,ACC_00301,6942.32,12434.489046051118,20.24346514877387,1,multi_hop_ai_mule_network,3,7,3,3,3
TX_MULE_RING18_002093,ACC_00301,ACC_00128,6768.76,12442.71321690104,8.224170849922437,1,multi_hop_ai_mule_network,3,3,8,5,5
TX_MULE_RING18_002094,ACC_00128,ACC_00167,6599.54,12453.250506347846,10.537289446806248,1,multi_hop_ai_mule_network,8,5,4,3,3
TX_MULE_RING19_002095,ACC_00206,ACC_00295,25109.18,130267.29218035686,6.095411809691383,1,multi_hop_ai_mule_network,8,8,6,4,4
TX_MULE_RING19_002096,ACC_00295,ACC_00225,24481.45,130276.65668307318,9.36450271631299,1,multi_hop_ai_mule_network,6,4,4,2,2
TX_MULE_RING19_002097,ACC_00225,ACC_00291,23869.41,130285.5094529841,8.852769910923968,1,multi_hop_ai_mule_network,4,2,3,3,3
TX_MULE_RING19_002098,ACC_00291,ACC_00228,23272.67,130302.4339220271,16.92446904300968,1,multi_hop_ai_mule_network,3,3,6,10,6
TX_MULE_RING19_002099,ACC_00228,ACC_00452,22690.86,130315.78076978448,13.346847757374533,1,multi_hop_ai_mule_network,6,10,8,4,4
TX_MULE_RING20_002100,ACC_00166,ACC_00034,16406.15,170294.30428434876,15.080207430743869,1,multi_hop_ai_mule_network,6,5,6,5,5
TX_MULE_RING20_002101,ACC_00034,ACC_00219,15996.0,170311.59315337686,17.28886902809713,1,multi_hop_ai_mule_network,6,5,5,9,5
TX_MULE_RING20_002102,ACC_00219,ACC_00181,15596.1,170316.12186690292,4.5287135260706375,1,multi_hop_ai_mule_network,5,9,5,9,5
TX_MULE_RING20_002103,ACC_00181,ACC_00099,15206.19,170321.46655967386,5.344692770956765,1,multi_hop_ai_mule_network,5,9,11,4,4
TX_MULE_RING20_002104,ACC_00099,ACC_00185,14826.04,170338.56384175006,17.09728207618706,1,multi_hop_ai_mule_network,11,4,10,8,8
TX_MULE_RING21_002105,ACC_00471,ACC_00284,34099.86,1804.8618794440486,21.86605176079926,1,multi_hop_ai_mule_network,4,8,2,5,2
TX_MULE_RING21_002106,ACC_00284,ACC_00253,33247.37,1820.4629000304597,15.601020586411074,1,multi_hop_ai_mule_network,2,5,6,9,6
TX_MULE_RING21_002107,ACC_00253,ACC_00410,32416.18,1842.9842299947522,22.52132996429258,1,multi_hop_ai_mule_network,6,9,3,8,3
TX_MULE_RING21_002108,ACC_00410,ACC_00304,31605.78,1867.6857754970724,24.7015455023203,1,multi_hop_ai_mule_network,3,8,6,10,6
TX_MULE_RING21_002109,ACC_00304,ACC_00016,30815.63,1871.1270435454182,3.4412680483458398,1,multi_hop_ai_mule_network,6,10,6,6,6
TX_MULE_RING22_002110,ACC_00284,ACC_00281,25181.58,31297.99920592564,10.21766404676847,1,multi_hop_ai_mule_network,2,5,8,4,4
TX_MULE_RING22_002111,ACC_00281,ACC_00341,24552.04,31319.257543252315,21.25833732667658,1,multi_hop_ai_mule_network,8,4,4,4,4
TX_MULE_RING22_002112,ACC_00341,ACC_00340,23938.24,31336.73757420472,17.480030952401926,1,multi_hop_ai_mule_network,4,4,10,8,8
TX_MULE_RING22_002113,ACC_00340,ACC_00326,23339.78,31341.009577036737,4.272002832019047,1,multi_hop_ai_mule_network,10,8,5,9,5
TX_MULE_RING22_002114,ACC_00326,ACC_00077,22756.29,31359.852777141412,18.84320010467475,1,multi_hop_ai_mule_network,5,9,5,2,2
TX_MULE_RING23_002115,ACC_00442,ACC_00190,17397.28,179860.2166113527,22.515562789115982,1,multi_hop_ai_mule_network,5,4,10,7,7
TX_MULE_RING23_002116,ACC_00190,ACC_00324,16962.34,179870.89120875884,10.674597406146939,1,multi_hop_ai_mule_network,10,7,10,11,10
TX_MULE_RING23_002117,ACC_00324,ACC_00471,16538.29,179883.0242939549,12.133085196064487,1,multi_hop_ai_mule_network,10,11,4,8,4
TX_MULE_RING23_002118,ACC_00471,ACC_00151,16124.83,179889.21764240376,6.193348448881109,1,multi_hop_ai_mule_network,4,8,9,3,3
TX_MULE_RING23_002119,ACC_00151,ACC_00053,15721.71,179903.7051127243,14.487470320548695,1,multi_hop_ai_mule_network,9,3,7,9,7
TX_MULE_RING24_002120,ACC_00263,ACC_00486,24662.81,81866.93735594883,16.391355999231152,1,multi_hop_ai_mule_network,4,4,4,9,4
TX_MULE_RING24_002121,ACC_00486,ACC_00345,24046.24,81879.9794651462,13.042109197373815,1,multi_hop_ai_mule_network,4,9,5,5,5
TX_MULE_RING24_002122,ACC_00345,ACC_00247,23445.08,81903.63946041712,23.659995270926313,1,multi_hop_ai_mule_network,5,5,9,5,5
TX_MULE_RING24_002123,ACC_00247,ACC_00083,22858.96,81911.03198976844,7.392529351311549,1,multi_hop_ai_mule_network,9,5,8,4,4
TX_MULE_RING24_002124,ACC_00083,ACC_00215,22287.48,81928.85066092171,17.818671153278217,1,multi_hop_ai_mule_network,8,4,4,2,2
TX_MULE_RING25_002125,ACC_00033,ACC_00414,32215.18,151656.23974222885,15.561785073485726,1,multi_hop_ai_mule_network,7,9,3,8,3
TX_MULE_RING25_002126,ACC_00414,ACC_00116,31409.8,151660.94641775737,4.706675528510182,1,multi_hop_ai_mule_network,3,8,7,4,4
TX_MULE_RING25_002127,ACC_00116,ACC_00324,30624.56,151673.18026308974,12.233845332368453,1,multi_hop_ai_mule_network,7,4,10,11,10
TX_MULE_RING25_002128,ACC_00324,ACC_00041,29858.94,151678.48674004222,5.306476952466143,1,multi_hop_ai_mule_network,10,11,6,7,6
TX_MULE_RING25_002129,ACC_00041,ACC_00171,29112.47,151689.56566101804,11.078920975813652,1,multi_hop_ai_mule_network,6,7,7,6,6
TX_MULE_RING26_002130,ACC_00327,ACC_00016,15407.8,10512.614871044134,21.030099148517586,1,multi_hop_ai_mule_network,4,13,6,6,6
TX_MULE_RING26_002131,ACC_00016,ACC_00467,15022.6,10519.681333816983,7.0664627728496034,1,multi_hop_ai_mule_network,6,6,7,9,7
TX_MULE_RING26_002132,ACC_00467,ACC_00258,14647.04,10539.682897963186,20.001564146203073,1,multi_hop_ai_mule_network,7,9,3,6,3
TX_MULE_RING26_002133,ACC_00258,ACC_00190,14280.86,10542.039184069174,2.3562861059868077,1,multi_hop_ai_mule_network,3,6,10,7,7
TX_MULE_RING26_002134,ACC_00190,ACC_00055,13923.84,10552.11975230203,10.080568232856045,1,multi_hop_ai_mule_network,10,7,3,6,3
TX_MULE_RING27_002135,ACC_00466,ACC_00137,22115.48,65320.781097641084,15.24763607090418,1,multi_hop_ai_mule_network,5,10,7,6,6
TX_MULE_RING27_002136,ACC_00137,ACC_00387,21562.59,65324.34276822917,3.561670588091185,1,multi_hop_ai_mule_network,7,6,4,9,4
TX_MULE_RING27_002137,ACC_00387,ACC_00090,21023.52,65331.498865168156,7.156096938986201,1,multi_hop_ai_mule_network,4,9,10,6,6
TX_MULE_RING27_002138,ACC_00090,ACC_00367,20497.94,65354.01957237659,22.52070720842726,1,multi_hop_ai_mule_network,10,6,4,4,4
TX_MULE_RING27_002139,ACC_00367,ACC_00250,19985.49,65358.58033302082,4.560760644233991,1,multi_hop_ai_mule_network,4,4,7,7,7
TX_MULE_RING28_002140,ACC_00166,ACC_00141,18260.76,92718.63687064842,2.2066769489922367,1,multi_hop_ai_mule_network,6,5,5,7,5
TX_MULE_RING28_002141,ACC_00141,ACC_00319,17804.24,92722.11221160248,3.4753409540559685,1,multi_hop_ai_mule_network,5,7,8,4,4
TX_MULE_RING28_002142,ACC_00319,ACC_00425,17359.13,92726.45265106614,4.340439463662107,1,multi_hop_ai_mule_network,8,4,6,7,6
TX_MULE_RING28_002143,ACC_00425,ACC_00452,16925.15,92728.54364581901,2.090994752863974,1,multi_hop_ai_mule_network,6,7,8,4,4
TX_MULE_RING28_002144,ACC_00452,ACC_00144,16502.02,92743.84277974049,15.299133921479626,1,multi_hop_ai_mule_network,8,4,4,5,4
TX_MULE_RING29_002145,ACC_00239,ACC_00004,14463.25,127911.42323987428,17.593429835967157,1,multi_hop_ai_mule_network,7,5,4,9,4
TX_MULE_RING29_002146,ACC_00004,ACC_00088,14101.67,127928.19621471864,16.772974844371006,1,multi_hop_ai_mule_network,4,9,8,10,8
TX_MULE_RING29_002147,ACC_00088,ACC_00097,13749.12,127942.47673857507,14.280523856428646,1,multi_hop_ai_mule_network,8,10,5,4,4
TX_MULE_RING29_002148,ACC_00097,ACC_00185,13405.4,127964.65326294074,22.17652436567535,1,multi_hop_ai_mule_network,5,4,10,8,8
TX_MULE_RING29_002149,ACC_00185,ACC_00121,13070.26,127967.38964178282,2.736378842075763,1,multi_hop_ai_mule_network,10,8,5,8,5
TX_MULE_RING30_002150,ACC_00353,ACC_00294,28524.18,2427.8509404722804,24.243319520248825,1,multi_hop_ai_mule_network,7,4,6,4,4
TX_MULE_RING30_002151,ACC_00294,ACC_00444,27811.08,2449.40559658863,21.55465611634961,1,multi_hop_ai_mule_network,6,4,6,3,3
TX_MULE_RING30_002152,ACC_00444,ACC_00151,27115.8,2452.060375911732,2.6547793231021353,1,multi_hop_ai_mule_network,6,3,9,3,3
TX_MULE_RING30_002153,ACC_00151,ACC_00464,26437.9,2455.0958720747994,3.035496163067241,1,multi_hop_ai_mule_network,9,3,4,5,4
TX_MULE_RING30_002154,ACC_00464,ACC_00298,25776.96,2460.6703300606987,5.5744579858994,1,multi_hop_ai_mule_network,4,5,7,5,5
TX_MULE_RING31_002155,ACC_00107,ACC_00138,8508.78,210269.3621124594,16.96688413409748,1,multi_hop_ai_mule_network,5,6,6,10,6
TX_MULE_RING31_002156,ACC_00138,ACC_00195,8296.06,210274.4924768891,5.13036442969667,1,multi_hop_ai_mule_network,6,10,6,4,4
TX_MULE_RING31_002157,ACC_00195,ACC_00029,8088.66,210288.47118625155,13.97870936244367,1,multi_hop_ai_mule_network,6,4,8,7,7
TX_MULE_RING31_002158,ACC_00029,ACC_00278,7886.44,210308.1274144088,19.656228157266945,1,multi_hop_ai_mule_network,8,7,4,2,2
TX_MULE_RING31_002159,ACC_00278,ACC_00352,7689.28,210325.9840790772,17.856664668393336,1,multi_hop_ai_mule_network,4,2,7,1,1
TX_MULE_RING32_002160,ACC_00207,ACC_00246,15976.48,73305.53161179983,24.127120392820604,1,multi_hop_ai_mule_network,7,6,6,7,6
TX_MULE_RING32_002161,ACC_00246,ACC_00224,15577.06,73326.31813925967,20.786527459849086,1,multi_hop_ai_mule_network,6,7,4,5,4
TX_MULE_RING32_002162,ACC_00224,ACC_00195,15187.64,73340.80189949935,14.48376023967456,1,multi_hop_ai_mule_network,4,5,6,4,4
TX_MULE_RING32_002163,ACC_00195,ACC_00299,14807.95,73354.78413529167,13.982235792326328,1,multi_hop_ai_mule_network,6,4,7,7,7
TX_MULE_RING32_002164,ACC_00299,ACC_00123,14437.75,73357.77535832347,2.991223031804271,1,multi_hop_ai_mule_network,7,7,6,5,5
TX_MULE_RING33_002165,ACC_00458,ACC_00263,13411.72,120014.04502296189,16.819021652915584,1,multi_hop_ai_mule_network,3,5,4,4,4
TX_MULE_RING33_002166,ACC_00263,ACC_00099,13076.43,120019.76643676763,5.721413805743841,1,multi_hop_ai_mule_network,4,4,11,4,4
TX_MULE_RING33_002167,ACC_00099,ACC_00090,12749.52,120041.33080204642,21.564365278781526,1,multi_hop_ai_mule_network,11,4,10,6,6
TX_MULE_RING33_002168,ACC_00090,ACC_00269,12430.78,120066.18546821875,24.8546661723421,1,multi_hop_ai_mule_network,10,6,5,4,4
TX_MULE_RING33_002169,ACC_00269,ACC_00393,12120.01,120075.80352360818,9.61805538941962,1,multi_hop_ai_mule_network,5,4,7,6,6
TX_MULE_RING34_002170,ACC_00239,ACC_00210,27787.1,104622.06807045502,6.0634459191832,1,multi_hop_ai_mule_network,7,5,2,4,2
TX_MULE_RING34_002171,ACC_00210,ACC_00372,27092.42,104634.05785380253,11.989783347509379,1,multi_hop_ai_mule_network,2,4,5,10,5
TX_MULE_RING34_002172,ACC_00372,ACC_00090,26415.11,104656.5510420068,22.49318820427469,1,multi_hop_ai_mule_network,5,10,10,6,6
TX_MULE_RING34_002173,ACC_00090,ACC_00164,25754.73,104665.09618953957,8.545147532773186,1,multi_hop_ai_mule_network,10,6,9,5,5
TX_MULE_RING34_002174,ACC_00164,ACC_00359,25110.87,104671.62978667713,6.533597137557933,1,multi_hop_ai_mule_network,9,5,5,2,2
TX_MULE_RING35_002175,ACC_00338,ACC_00463,28636.55,155100.94505714456,22.821917525830692,1,multi_hop_ai_mule_network,4,3,9,6,6
TX_MULE_RING35_002176,ACC_00463,ACC_00066,27920.64,155114.43706737735,13.492010232777837,1,multi_hop_ai_mule_network,9,6,7,7,7
TX_MULE_RING35_002177,ACC_00066,ACC_00024,27222.62,155119.0200722745,4.583004897151882,1,multi_hop_ai_mule_network,7,7,12,9,9
TX_MULE_RING35_002178,ACC_00024,ACC_00146,26542.05,155127.6396306905,8.619558416019672,1,multi_hop_ai_mule_network,12,9,7,3,3
TX_MULE_RING35_002179,ACC_00146,ACC_00285,25878.5,155149.98565324277,22.346022552262838,1,multi_hop_ai_mule_network,7,3,11,5,5
TX_MULE_RING36_002180,ACC_00467,ACC_00233,28230.68,26555.052887709066,10.540426505747606,1,multi_hop_ai_mule_network,7,9,9,4,4
TX_MULE_RING36_002181,ACC_00233,ACC_00330,27524.91,26576.4185068997,21.365619190634288,1,multi_hop_ai_mule_network,9,4,4,8,4
TX_MULE_RING36_002182,ACC_00330,ACC_00191,26836.79,26593.050378181582,16.631871281884422,1,multi_hop_ai_mule_network,4,8,4,5,4
TX_MULE_RING36_002183,ACC_00191,ACC_00088,26165.87,26605.25716571514,12.206787533554454,1,multi_hop_ai_mule_network,4,5,8,10,8
TX_MULE_RING36_002184,ACC_00088,ACC_00312,25511.72,26613.48929625484,8.23213053970082,1,multi_hop_ai_mule_network,8,10,5,5,5
TX_MULE_RING37_002185,ACC_00070,ACC_00281,30098.65,51809.06569439513,15.822584427452448,1,multi_hop_ai_mule_network,3,8,8,4,4
TX_MULE_RING37_002186,ACC_00281,ACC_00117,29346.18,51814.37284378668,5.307149391550492,1,multi_hop_ai_mule_network,8,4,5,3,3
TX_MULE_RING37_002187,ACC_00117,ACC_00083,28612.53,51836.574233035,22.201389248318144,1,multi_hop_ai_mule_network,5,3,8,4,4
TX_MULE_RING37_002188,ACC_00083,ACC_00007,27897.22,51855.62384240743,19.04960937243774,1,multi_hop_ai_mule_network,8,4,5,6,5
TX_MULE_RING37_002189,ACC_00007,ACC_00243,27199.79,51860.69518799016,5.071345582729806,1,multi_hop_ai_mule_network,5,6,6,8,6
TX_MULE_RING38_002190,ACC_00033,ACC_00075,23557.39,233543.27874592738,23.251036091471214,1,multi_hop_ai_mule_network,7,9,8,5,5
TX_MULE_RING38_002191,ACC_00075,ACC_00313,22968.46,233553.84071298037,10.561967052992951,1,multi_hop_ai_mule_network,8,5,6,8,6
TX_MULE_RING38_002192,ACC_00313,ACC_00021,22394.25,233576.64065139322,22.79993841284475,1,multi_hop_ai_mule_network,6,8,7,7,7
TX_MULE_RING38_002193,ACC_00021,ACC_00371,21834.39,233581.26084192234,4.620190529116275,1,multi_hop_ai_mule_network,7,7,3,8,3
TX_MULE_RING38_002194,ACC_00371,ACC_00491,21288.53,233600.6368934298,19.37605150746548,1,multi_hop_ai_mule_network,3,8,9,3,3
TX_MULE_RING39_002195,ACC_00268,ACC_00130,32321.03,126559.00988666984,7.518680596246425,1,multi_hop_ai_mule_network,8,7,7,4,4
TX_MULE_RING39_002196,ACC_00130,ACC_00184,31513.0,126567.07860150388,8.068714834031795,1,multi_hop_ai_mule_network,7,4,4,6,4
TX_MULE_RING39_002197,ACC_00184,ACC_00262,30725.18,126588.56328929764,21.484687793766557,1,multi_hop_ai_mule_network,4,6,4,5,4
TX_MULE_RING39_002198,ACC_00262,ACC_00148,29957.05,126604.34805251712,15.784763219477057,1,multi_hop_ai_mule_network,4,5,9,5,5
TX_MULE_RING39_002199,ACC_00148,ACC_00348,29208.12,126623.37200749933,19.023954982213265,1,multi_hop_ai_mule_network,9,5,7,3,3
TX_HARDNEG_002200,ACC_00182,ACC_00005,401.21,192892.98464666147,10.95680786433796,0,legitimate_instant_p2p,4,3,6,5,5
TX_HARDNEG_002201,ACC_00419,ACC_00001,29101.44,5879.113147604366,31.19301160957494,0,legitimate_corporate_wire,6,11,7,2,2
TX_HARDNEG_002202,ACC_00224,ACC_00103,122.06,126473.56259999824,68.17090096203141,0,legitimate_instant_p2p,4,5,11,5,5
TX_HARDNEG_002203,ACC_00060,ACC_00189,6660.58,256063.5175825081,20.101543751903957,0,legitimate_corporate_wire,3,4,7,3,3
TX_HARDNEG_002204,ACC_00212,ACC_00098,102.44,92630.56208611657,82.55561837605684,0,legitimate_instant_p2p,3,7,5,5,5
TX_HARDNEG_002205,ACC_00153,ACC_00027,137.69,92231.55675116966,29.38354609538922,0,legitimate_instant_p2p,4,8,4,5,4
TX_HARDNEG_002206,ACC_00215,ACC_00068,287.3,117800.80957877898,43.98334160576418,0,legitimate_instant_p2p,4,2,7,7,7
TX_HARDNEG_002207,ACC_00327,ACC_00164,3787.55,106913.66939074869,15.96756651498846,0,legitimate_merchant_settlement,4,13,9,5,5
TX_HARDNEG_002208,ACC_00435,ACC_00012,432.27,171814.88186800483,14.26868281487434,0,legitimate_instant_p2p,5,10,4,5,4
TX_HARDNEG_002209,ACC_00042,ACC_00128,3128.5,47041.97139367931,52.84660082808916,0,legitimate_merchant_settlement,7,6,8,5,5
TX_HARDNEG_002210,ACC_00222,ACC_00162,6010.45,125634.1957149886,33.46789702677499,0,legitimate_payroll_batch,4,7,8,2,2
TX_HARDNEG_002211,ACC_00483,ACC_00111,2017.17,194271.97147957428,49.60290877416228,0,legitimate_payroll_batch,6,7,8,9,8
TX_HARDNEG_002212,ACC_00208,ACC_00255,4060.97,90916.08702612264,43.40399404332842,0,legitimate_payroll_batch,11,1,7,4,4
TX_HARDNEG_002213,ACC_00056,ACC_00052,6467.39,155364.84381330796,47.609698290214865,0,legitimate_payroll_batch,10,4,10,7,7
TX_HARDNEG_002214,ACC_00467,ACC_00285,8180.62,104288.64646917423,28.500156432164843,0,legitimate_corporate_wire,7,9,11,5,5
TX_HARDNEG_002215,ACC_00052,ACC_00233,1715.76,5902.782461977046,28.13586266277555,0,legitimate_merchant_settlement,10,7,9,4,4
TX_HARDNEG_002216,ACC_00427,ACC_00272,1748.07,227566.35225675406,78.08816274619484,0,legitimate_payroll_batch,6,4,5,2,2
TX_HARDNEG_002217,ACC_00110,ACC_00317,7584.48,52574.517319955456,49.94260807430818,0,legitimate_payroll_batch,4,6,7,6,6
TX_HARDNEG_002218,ACC_00324,ACC_00049,447.56,98090.3517837163,70.9730263713596,0,legitimate_instant_p2p,10,11,7,5,5
TX_HARDNEG_002219,ACC_00058,ACC_00418,274.8,43128.52202221949,52.905107887930065,0,legitimate_merchant_settlement,7,6,6,6,6
TX_HARDNEG_002220,ACC_00070,ACC_00233,25787.15,151079.0768534993,32.979921558617235,0,legitimate_corporate_wire,3,8,9,4,4
TX_HARDNEG_002221,ACC_00411,ACC_00429,9858.18,72185.1707148573,9.680278478469543,0,legitimate_corporate_wire,2,7,5,2,2
TX_HARDNEG_002222,ACC_00141,ACC_00239,30.44,82064.664786201,75.09914563916436,0,legitimate_instant_p2p,5,7,7,5,5
TX_HARDNEG_002223,ACC_00076,ACC_00235,2470.86,204876.54624469962,33.51719118778747,0,legitimate_payroll_batch,5,3,5,3,3
TX_HARDNEG_002224,ACC_00134,ACC_00423,6535.85,121902.50103788696,65.23938664149331,0,legitimate_payroll_batch,6,6,6,4,4
TX_HARDNEG_002225,ACC_00079,ACC_00466,24.77,115203.9357689617,61.86931283602394,0,legitimate_instant_p2p,2,4,5,10,5
TX_HARDNEG_002226,ACC_00108,ACC_00059,6114.57,196161.62195133872,34.98171693960239,0,legitimate_corporate_wire,1,7,6,8,6
TX_HARDNEG_002227,ACC_00026,ACC_00399,65.19,206050.98519885677,43.460380478380294,0,legitimate_instant_p2p,5,4,4,6,4
TX_HARDNEG_002228,ACC_00320,ACC_00113,481.28,165465.95092214333,77.08532108178932,0,legitimate_instant_p2p,7,5,5,2,2
TX_HARDNEG_002229,ACC_00361,ACC_00223,386.91,201396.37363658467,74.76886458113954,0,legitimate_instant_p2p,2,5,5,7,5
TX_HARDNEG_002230,ACC_00025,ACC_00214,26600.74,235550.09358564258,11.317338866775017,0,legitimate_corporate_wire,5,1,8,5,5
TX_HARDNEG_002231,ACC_00264,ACC_00304,2024.58,36889.27540074903,81.26576274118909,0,legitimate_payroll_batch,3,7,6,10,6
TX_HARDNEG_002232,ACC_00114,ACC_00122,1612.1,233598.78908535346,42.85585651497352,0,legitimate_merchant_settlement,7,4,5,12,5
TX_HARDNEG_002233,ACC_00378,ACC_00358,245.58,143724.29913770725,25.25823172614149,0,legitimate_instant_p2p,7,10,10,10,10
TX_HARDNEG_002234,ACC_00101,ACC_00464,5800.85,184307.52371218282,116.55212469186806,0,legitimate_payroll_batch,3,6,4,5,4
TX_HARDNEG_002235,ACC_00171,ACC_00279,6216.39,31987.42783575701,41.12870378439069,0,legitimate_payroll_batch,7,6,6,7,6
TX_HARDNEG_002236,ACC_00298,ACC_00162,6740.61,4102.205928174904,86.05819908323562,0,legitimate_payroll_batch,7,5,8,2,2
TX_HARDNEG_002237,ACC_00071,ACC_00492,243.2,110217.7929631365,29.046688734050825,0,legitimate_instant_p2p,4,8,5,6,5
TX_HARDNEG_002238,ACC_00289,ACC_00194,4435.67,200217.3962638478,115.74876928332466,0,legitimate_payroll_batch,8,6,4,3,3
TX_HARDNEG_002239,ACC_00274,ACC_00034,4062.06,68937.71350194738,51.06585033015419,0,legitimate_merchant_settlement,4,5,6,5,5
TX_HARDNEG_002240,ACC_00050,ACC_00010,4650.78,243802.07664566024,56.81748882891512,0,legitimate_payroll_batch,4,9,6,3,3
TX_HARDNEG_002241,ACC_00177,ACC_00054,2301.67,26180.024406384004,35.91481831269366,0,legitimate_merchant_settlement,2,6,5,5,5
TX_HARDNEG_002242,ACC_00121,ACC_00052,3629.07,147033.90931166988,30.507744915490726,0,legitimate_payroll_batch,5,8,10,7,7
TX_HARDNEG_002243,ACC_00118,ACC_00142,2388.33,249039.0911319658,30.109712783351025,0,legitimate_merchant_settlement,3,9,7,3,3
TX_HARDNEG_002244,ACC_00251,ACC_00416,4428.87,229372.55707285047,37.373500194860966,0,legitimate_merchant_settlement,7,2,7,6,6
TX_HARDNEG_002245,ACC_00205,ACC_00329,26435.53,207623.72382291083,28.232797686623933,0,legitimate_corporate_wire,2,4,4,7,4
TX_HARDNEG_002246,ACC_00279,ACC_00379,4564.51,184729.0405049767,59.24268849974474,0,legitimate_merchant_settlement,6,7,6,9,6
TX_HARDNEG_002247,ACC_00414,ACC_00343,111.15,98527.15832251216,11.678888083021883,0,legitimate_instant_p2p,3,8,5,3,3
TX_HARDNEG_002248,ACC_00258,ACC_00114,686.32,251062.88161203763,58.78295122574278,0,legitimate_merchant_settlement,3,6,7,4,4
TX_HARDNEG_002249,ACC_00077,ACC_00321,3026.38,110382.4162248921,61.789820362446946,0,legitimate_payroll_batch,5,2,5,4,4
TX_HARDNEG_002250,ACC_00100,ACC_00183,9384.11,248532.48666476482,5.167694320363001,0,legitimate_corporate_wire,5,4,8,6,6
TX_HARDNEG_002251,ACC_00198,ACC_00335,164.11,220357.83102788441,31.139452759451267,0,legitimate_instant_p2p,5,8,3,3,3
TX_HARDNEG_002252,ACC_00447,ACC_00177,2492.2,54227.048853835724,68.44235581315786,0,legitimate_payroll_batch,5,5,2,6,2
TX_HARDNEG_002253,ACC_00283,ACC_00248,5135.43,178809.18915432555,13.260390673526716,0,legitimate_corporate_wire,4,6,7,2,2
TX_HARDNEG_002254,ACC_00389,ACC_00015,3459.15,123350.12508195758,66.02189714894011,0,legitimate_payroll_batch,2,6,4,7,4
TX_HARDNEG_002255,ACC_00358,ACC_00295,234.39,214579.46096509698,10.363209278992338,0,legitimate_instant_p2p,10,10,6,4,4
TX_HARDNEG_002256,ACC_00473,ACC_00447,4466.62,187655.78706124512,29.82139081850024,0,legitimate_merchant_settlement,5,6,5,5,5
TX_HARDNEG_002257,ACC_00436,ACC_00132,22625.65,83461.55354605275,39.243651388037435,0,legitimate_corporate_wire,7,6,9,4,4
TX_HARDNEG_002258,ACC_00400,ACC_00322,493.33,110335.00435824892,81.9477917497221,0,legitimate_instant_p2p,4,7,7,2,2
TX_HARDNEG_002259,ACC_00411,ACC_00444,2906.84,196094.2334749968,55.04986362283091,0,legitimate_payroll_batch,2,7,6,3,3
TX_HARDNEG_002260,ACC_00389,ACC_00418,21993.03,125998.25021759878,9.94400943894533,0,legitimate_corporate_wire,2,6,6,6,6
TX_HARDNEG_002261,ACC_00149,ACC_00117,174.72,17957.294880294412,49.45518318927358,0,legitimate_instant_p2p,4,7,5,3,3
TX_HARDNEG_002262,ACC_00467,ACC_00093,3228.57,174541.60706853264,54.8937962535279,0,legitimate_merchant_settlement,7,9,6,6,6
TX_HARDNEG_002263,ACC_00277,ACC_00093,6716.25,174391.81730513126,55.277745912184166,0,legitimate_payroll_batch,4,5,6,6,6
TX_HARDNEG_002264,ACC_00297,ACC_00111,216.52,37227.94092811322,28.53630637246517,0,legitimate_instant_p2p,10,6,8,9,8
TX_HARDNEG_002265,ACC_00224,ACC_00212,28310.58,26255.677417915736,43.78406045945449,0,legitimate_corporate_wire,4,5,3,7,3
TX_HARDNEG_002266,ACC_00053,ACC_00370,456.21,210343.264154015,70.64980379103712,0,legitimate_instant_p2p,7,9,8,6,6
TX_HARDNEG_002267,ACC_00125,ACC_00033,6869.81,108539.6842917766,107.1740037192982,0,legitimate_payroll_batch,4,4,7,9,7
TX_HARDNEG_002268,ACC_00438,ACC_00075,6976.38,71804.51250152156,11.230854169784683,0,legitimate_corporate_wire,6,4,8,5,5
TX_HARDNEG_002269,ACC_00079,ACC_00297,4136.54,182576.21977766318,92.04491835697809,0,legitimate_payroll_batch,2,4,10,6,6
TX_HARDNEG_002270,ACC_00268,ACC_00011,1253.07,31146.890452894066,44.760842812382016,0,legitimate_merchant_settlement,8,7,6,6,6
TX_HARDNEG_002271,ACC_00474,ACC_00170,3283.44,195183.51844078724,22.797703704566715,0,legitimate_merchant_settlement,2,9,5,6,5
TX_HARDNEG_002272,ACC_00446,ACC_00443,192.53,54125.75779527691,29.311124228068543,0,legitimate_instant_p2p,5,6,8,4,4
TX_HARDNEG_002273,ACC_00082,ACC_00482,4081.36,122289.14116818525,79.94012915570991,0,legitimate_payroll_batch,5,4,3,7,3
TX_HARDNEG_002274,ACC_00270,ACC_00056,377.9,48182.79108588148,29.419590162385347,0,legitimate_merchant_settlement,5,6,10,4,4
TX_HARDNEG_002275,ACC_00005,ACC_00090,264.63,239041.5275613173,68.71320100843589,0,legitimate_instant_p2p,6,5,10,6,6
TX_HARDNEG_002276,ACC_00398,ACC_00007,357.37,70621.20656822834,17.364952000817155,0,legitimate_instant_p2p,4,7,5,6,5
TX_HARDNEG_002277,ACC_00340,ACC_00036,3743.44,228446.0958229093,30.46939268415944,0,legitimate_merchant_settlement,10,8,3,7,3
TX_HARDNEG_002278,ACC_00178,ACC_00130,323.62,108165.09760642877,79.58003867518175,0,legitimate_instant_p2p,2,7,7,4,4
TX_HARDNEG_002279,ACC_00017,ACC_00045,6590.29,133129.38863089652,81.20946330564738,0,legitimate_payroll_batch,5,7,2,0,0
TX_HARDNEG_002280,ACC_00231,ACC_00134,493.55,5247.796290561066,33.2530770880262,0,legitimate_instant_p2p,10,9,6,6,6
TX_HARDNEG_002281,ACC_00412,ACC_00254,3205.52,123917.43759545186,32.49257698805558,0,legitimate_merchant_settlement,3,6,6,5,5
TX_HARDNEG_002282,ACC_00144,ACC_00072,12032.15,217412.9008165004,40.60880305887677,0,legitimate_corporate_wire,4,5,8,1,1
TX_HARDNEG_002283,ACC_00370,ACC_00400,427.33,9553.66546431635,53.962306494974264,0,legitimate_instant_p2p,8,6,4,7,4
TX_HARDNEG_002284,ACC_00379,ACC_00060,131.94,5444.797598962263,82.93821947746365,0,legitimate_instant_p2p,6,9,3,4,3
TX_HARDNEG_002285,ACC_00305,ACC_00155,4207.08,189969.28074719588,40.156026072272375,0,legitimate_merchant_settlement,3,7,8,3,3
TX_HARDNEG_002286,ACC_00405,ACC_00487,2565.86,129639.18685654142,102.55203151605119,0,legitimate_payroll_batch,2,6,10,3,3
TX_HARDNEG_002287,ACC_00059,ACC_00239,22225.3,255948.04428112417,6.262760434260537,0,legitimate_corporate_wire,6,8,7,5,5
TX_HARDNEG_002288,ACC_00217,ACC_00134,382.56,119539.28530956327,51.44297689614122,0,legitimate_instant_p2p,1,4,6,6,6
TX_HARDNEG_002289,ACC_00164,ACC_00356,457.91,256202.52868181997,62.55852624635531,0,legitimate_instant_p2p,9,5,6,11,6
TX_HARDNEG_002290,ACC_00420,ACC_00176,7023.19,90919.78426126708,93.51364465319537,0,legitimate_payroll_batch,3,4,5,8,5
TX_HARDNEG_002291,ACC_00227,ACC_00381,4197.0,64526.24218803784,91.99305503249448,0,legitimate_payroll_batch,7,3,7,2,2
TX_HARDNEG_002292,ACC_00098,ACC_00309,3884.87,44838.73720761523,31.409730566313556,0,legitimate_merchant_settlement,5,5,6,9,6
TX_HARDNEG_002293,ACC_00118,ACC_00206,349.09,131943.49780958975,27.656135817598305,0,legitimate_instant_p2p,3,9,8,8,8
TX_HARDNEG_002294,ACC_00218,ACC_00099,6833.91,17625.608557075917,38.9696833517776,0,legitimate_payroll_batch,6,6,11,4,4
TX_HARDNEG_002295,ACC_00495,ACC_00281,23389.63,151900.26417779998,30.695272199657847,0,legitimate_corporate_wire,5,5,8,4,4
TX_HARDNEG_002296,ACC_00326,ACC_00185,26409.61,139891.1814218598,27.935098030164838,0,legitimate_corporate_wire,5,9,10,8,8
TX_HARDNEG_002297,ACC_00092,ACC_00199,7701.96,238788.26929161625,10.26777045970194,0,legitimate_corporate_wire,5,5,2,4,2
TX_HARDNEG_002298,ACC_00000,ACC_00355,357.27,159528.03129489216,53.24636566371457,0,legitimate_instant_p2p,3,5,5,5,5
TX_HARDNEG_002299,ACC_00194,ACC_00280,195.81,165391.83494442466,70.53783711359972,0,legitimate_instant_p2p,4,3,3,5,3
TX_HARDNEG_002300,ACC_00478,ACC_00153,6843.04,232047.61912620158,54.70527814451982,0,legitimate_payroll_batch,8,4,4,8,4
TX_HARDNEG_002301,ACC_00229,ACC_00273,76.09,21024.331606837026,53.783770276333385,0,legitimate_instant_p2p,4,2,9,4,4
TX_HARDNEG_002302,ACC_00496,ACC_00100,26292.54,97223.54200359345,8.172827470749162,0,legitimate_corporate_wire,4,5,5,4,4
TX_HARDNEG_002303,ACC_00314,ACC_00030,24276.63,136505.40986026247,11.944466644414424,0,legitimate_corporate_wire,1,4,6,3,3
TX_HARDNEG_002304,ACC_00168,ACC_00319,155.53,160266.6684217056,20.568869013811664,0,legitimate_instant_p2p,6,4,8,4,4
TX_HARDNEG_002305,ACC_00036,ACC_00091,2096.34,46778.54887359998,20.739752860756113,0,legitimate_merchant_settlement,3,7,5,5,5
TX_HARDNEG_002306,ACC_00316,ACC_00113,2904.47,241306.0678760099,43.56214563229957,0,legitimate_merchant_settlement,5,7,5,2,2
TX_HARDNEG_002307,ACC_00279,ACC_00239,287.77,207133.1355993942,21.44172917885235,0,legitimate_instant_p2p,6,7,7,5,5
TX_HARDNEG_002308,ACC_00341,ACC_00313,4287.67,229698.8475027948,32.13330274576775,0,legitimate_merchant_settlement,4,4,6,8,6
TX_HARDNEG_002309,ACC_00285,ACC_00113,1988.79,105840.36007071886,19.76670482424511,0,legitimate_merchant_settlement,11,5,5,2,2
TX_HARDNEG_002310,ACC_00475,ACC_00023,12063.59,141249.46007672348,13.07897501308727,0,legitimate_corporate_wire,5,6,10,4,4
TX_HARDNEG_002311,ACC_00326,ACC_00046,473.4,122541.54440104528,32.44634371971387,0,legitimate_instant_p2p,5,9,5,6,5
TX_HARDNEG_002312,ACC_00156,ACC_00093,5834.08,5631.402921160386,33.36040079576534,0,legitimate_payroll_batch,6,10,6,6,6
TX_HARDNEG_002313,ACC_00427,ACC_00081,4568.19,90438.71953391949,31.342920572994473,0,legitimate_payroll_batch,6,4,8,4,4
TX_HARDNEG_002314,ACC_00002,ACC_00469,278.35,147990.60249792846,66.46359727104605,0,legitimate_instant_p2p,5,5,4,7,4
TX_HARDNEG_002315,ACC_00123,ACC_00487,4782.9,118096.66004625073,54.15741448397109,0,legitimate_merchant_settlement,6,5,10,3,3
TX_HARDNEG_002316,ACC_00175,ACC_00040,2720.8,182872.6286522808,33.87796876695505,0,legitimate_merchant_settlement,3,5,2,6,2
TX_HARDNEG_002317,ACC_00127,ACC_00412,4057.47,123701.83682745488,23.62559628167167,0,legitimate_merchant_settlement,9,2,3,6,3
TX_HARDNEG_002318,ACC_00050,ACC_00382,3561.17,36544.040407097425,79.70445979238146,0,legitimate_payroll_batch,4,9,2,6,2
TX_HARDNEG_002319,ACC_00018,ACC_00164,3545.05,98279.8200085403,40.11935371121512,0,legitimate_payroll_batch,8,4,9,5,5
TX_HARDNEG_002320,ACC_00119,ACC_00101,2392.31,235855.6863732036,28.632598869126863,0,legitimate_merchant_settlement,6,6,3,6,3
TX_HARDNEG_002321,ACC_00018,ACC_00037,4177.29,208140.21677696094,45.8476565880576,0,legitimate_merchant_settlement,8,4,7,6,6
TX_HARDNEG_002322,ACC_00180,ACC_00356,2580.08,66944.42058490767,54.09476940669091,0,legitimate_merchant_settlement,9,6,6,11,6
TX_HARDNEG_002323,ACC_00431,ACC_00267,224.02,26945.758687021542,55.181431542291136,0,legitimate_instant_p2p,6,5,5,7,5
TX_HARDNEG_002324,ACC_00416,ACC_00338,2753.2,81471.93873073482,27.6545320962949,0,legitimate_merchant_settlement,7,6,4,3,3
TX_HARDNEG_002325,ACC_00008,ACC_00105,3708.64,131385.21890726176,48.97299240171132,0,legitimate_merchant_settlement,4,6,8,2,2
TX_HARDNEG_002326,ACC_00419,ACC_00103,7364.98,150362.94292730984,81.60393542609319,0,legitimate_payroll_batch,6,11,11,5,5
TX_HARDNEG_002327,ACC_00198,ACC_00231,179.04,178100.32988194408,25.622972872960812,0,legitimate_instant_p2p,5,8,10,9,9
TX_HARDNEG_002328,ACC_00228,ACC_00187,10409.3,7831.090237590596,23.464966464807798,0,legitimate_corporate_wire,6,10,4,7,4
TX_HARDNEG_002329,ACC_00171,ACC_00438,133.89,113764.22885688159,26.236223901986584,0,legitimate_instant_p2p,7,6,6,4,4
TX_HARDNEG_002330,ACC_00224,ACC_00009,4944.1,232040.91143492708,94.579890928096,0,legitimate_payroll_batch,4,5,9,3,3
TX_HARDNEG_002331,ACC_00032,ACC_00453,5971.48,229123.8824942837,62.272579954870544,0,legitimate_payroll_batch,8,5,4,3,3
TX_HARDNEG_002332,ACC_00282,ACC_00228,2151.65,80329.79185554155,99.05626466709913,0,legitimate_payroll_batch,4,8,6,10,6
TX_HARDNEG_002333,ACC_00088,ACC_00320,4381.58,4051.236071820575,48.54697648823871,0,legitimate_merchant_settlement,8,10,7,5,5
TX_HARDNEG_002334,ACC_00324,ACC_00112,28857.35,145540.85624404045,8.73838805629848,0,legitimate_corporate_wire,10,11,3,3,3
TX_HARDNEG_002335,ACC_00164,ACC_00016,403.18,40768.91602602909,85.93870538172014,0,legitimate_instant_p2p,9,5,6,6,6
TX_HARDNEG_002336,ACC_00254,ACC_00307,859.03,190852.63740055435,40.13091731816339,0,legitimate_merchant_settlement,6,5,6,3,3
TX_HARDNEG_002337,ACC_00307,ACC_00483,14.07,150341.7280416321,27.24882407519288,0,legitimate_instant_p2p,6,3,6,7,6
TX_HARDNEG_002338,ACC_00339,ACC_00111,19730.03,91391.58018447248,42.20962667980884,0,legitimate_corporate_wire,4,2,8,9,8
TX_HARDNEG_002339,ACC_00008,ACC_00210,139.35,215157.76402670745,41.678908654357784,0,legitimate_instant_p2p,4,6,2,4,2
TX_HARDNEG_002340,ACC_00466,ACC_00455,29542.28,182550.6599568556,32.20766133961466,0,legitimate_corporate_wire,5,10,2,8,2
TX_HARDNEG_002341,ACC_00491,ACC_00109,6065.89,95264.14431396233,45.210998193857215,0,legitimate_payroll_batch,9,3,6,2,2
TX_HARDNEG_002342,ACC_00275,ACC_00321,22704.49,138864.86362637844,37.33302717883379,0,legitimate_corporate_wire,6,8,5,4,4
TX_HARDNEG_002343,ACC_00053,ACC_00360,19563.49,75279.0365580909,15.225211590055885,0,legitimate_corporate_wire,7,9,4,3,3
TX_HARDNEG_002344,ACC_00345,ACC_00094,26745.73,250717.0681245702,44.471081839298876,0,legitimate_corporate_wire,5,5,6,5,5
TX_HARDNEG_002345,ACC_00440,ACC_00349,2273.8,47647.250871321135,116.57802009701005,0,legitimate_payroll_batch,6,4,7,6,6
TX_HARDNEG_002346,ACC_00483,ACC_00192,13615.74,202965.86639539857,20.945276781608232,0,legitimate_corporate_wire,6,7,14,7,7
TX_HARDNEG_002347,ACC_00028,ACC_00222,17733.64,179824.39875008166,17.043994190324096,0,legitimate_corporate_wire,7,6,4,7,4
TX_HARDNEG_002348,ACC_00006,ACC_00056,4169.13,14443.662204468576,43.343465674529,0,legitimate_merchant_settlement,6,6,10,4,4
TX_HARDNEG_002349,ACC_00472,ACC_00090,4857.71,190539.2917180668,63.092485000977184,0,legitimate_payroll_batch,6,7,10,6,6
TX_HARDNEG_002350,ACC_00173,ACC_00051,3477.63,190552.65689590827,107.81473604401498,0,legitimate_payroll_batch,3,9,4,7,4
TX_HARDNEG_002351,ACC_00351,ACC_00449,20265.84,172455.9345001651,25.72749345840038,0,legitimate_corporate_wire,5,7,6,7,6
TX_HARDNEG_002352,ACC_00284,ACC_00496,1363.31,71313.72554320603,16.585975344660724,0,legitimate_merchant_settlement,2,5,4,5,4
TX_HARDNEG_002353,ACC_00417,ACC_00446,4180.4,227313.2044141628,37.46100727761795,0,legitimate_merchant_settlement,5,8,5,6,5
TX_HARDNEG_002354,ACC_00022,ACC_00466,139.13,227988.85393860392,77.48023695957285,0,legitimate_instant_p2p,4,6,5,10,5
TX_HARDNEG_002355,ACC_00087,ACC_00169,8834.25,43274.541647751794,10.215956699808082,0,legitimate_corporate_wire,6,9,5,8,5
TX_HARDNEG_002356,ACC_00416,ACC_00120,439.87,208683.45870185486,12.2180490964067,0,legitimate_instant_p2p,7,6,4,6,4
TX_HARDNEG_002357,ACC_00445,ACC_00185,4422.17,123490.6737808108,50.6925520264573,0,legitimate_merchant_settlement,7,9,10,8,8
TX_HARDNEG_002358,ACC_00390,ACC_00353,21178.39,165787.91593982626,18.437706104189466,0,legitimate_corporate_wire,11,7,7,4,4
TX_HARDNEG_002359,ACC_00161,ACC_00470,370.14,78876.64515540224,67.95656082848987,0,legitimate_instant_p2p,7,6,2,4,2
TX_HARDNEG_002360,ACC_00166,ACC_00132,96.9,117574.48879940364,40.51741638050998,0,legitimate_instant_p2p,6,5,9,4,4
TX_HARDNEG_002361,ACC_00082,ACC_00435,21100.56,214113.84289276297,44.47071769117013,0,legitimate_corporate_wire,5,4,5,10,5
TX_HARDNEG_002362,ACC_00458,ACC_00016,17511.04,11364.306616010004,44.10565937026481,0,legitimate_corporate_wire,3,5,6,6,6
TX_HARDNEG_002363,ACC_00273,ACC_00059,6673.51,128558.24700538279,6.985181956469342,0,legitimate_corporate_wire,9,4,6,8,6
TX_HARDNEG_002364,ACC_00044,ACC_00428,27999.46,46152.98265012106,13.413076001714227,0,legitimate_corporate_wire,3,8,3,3,3
TX_HARDNEG_002365,ACC_00355,ACC_00290,3559.09,150328.32224289846,41.63704075968355,0,legitimate_merchant_settlement,5,5,7,4,4
TX_HARDNEG_002366,ACC_00439,ACC_00427,19454.5,197245.1578247223,37.21739951174035,0,legitimate_corporate_wire,5,10,6,4,4
TX_HARDNEG_002367,ACC_00253,ACC_00477,5511.24,116452.408585807,114.0855286910573,0,legitimate_payroll_batch,6,9,7,3,3
TX_HARDNEG_002368,ACC_00159,ACC_00445,12246.49,81467.96070646042,18.876586182833066,0,legitimate_corporate_wire,7,7,7,9,7
TX_HARDNEG_002369,ACC_00005,ACC_00194,4892.01,158653.14662420927,38.98956190714529,0,legitimate_payroll_batch,6,5,4,3,3
TX_HARDNEG_002370,ACC_00056,ACC_00153,24483.26,85393.97717882635,7.6736611844615465,0,legitimate_corporate_wire,10,4,4,8,4
TX_HARDNEG_002371,ACC_00029,ACC_00250,3661.56,206599.19617402952,17.49860409683853,0,legitimate_merchant_settlement,8,7,7,7,7
TX_HARDNEG_002372,ACC_00438,ACC_00281,20980.0,217140.92915996275,19.034325107163824,0,legitimate_corporate_wire,6,4,8,4,4
TX_HARDNEG_002373,ACC_00450,ACC_00064,156.24,244737.2810257939,78.55112096576214,0,legitimate_instant_p2p,8,8,7,5,5
TX_HARDNEG_002374,ACC_00110,ACC_00358,3433.67,39693.64676248336,46.26606969216452,0,legitimate_merchant_settlement,4,6,10,10,10
TX_HARDNEG_002375,ACC_00451,ACC_00351,356.98,131217.37236706878,73.28717988375058,0,legitimate_instant_p2p,5,2,5,7,5
TX_HARDNEG_002376,ACC_00059,ACC_00318,20841.16,102320.63847703417,11.327886728333763,0,legitimate_corporate_wire,6,8,8,7,7
TX_HARDNEG_002377,ACC_00187,ACC_00233,676.96,185303.20169276473,44.97001734187966,0,legitimate_merchant_settlement,4,7,9,4,4
TX_HARDNEG_002378,ACC_00107,ACC_00367,25903.52,253433.65000131252,22.980024768819106,0,legitimate_corporate_wire,5,6,4,4,4
TX_HARDNEG_002379,ACC_00091,ACC_00467,24941.76,1408.7952911762065,17.847731512798568,0,legitimate_corporate_wire,5,5,7,9,7
TX_HARDNEG_002380,ACC_00022,ACC_00066,28678.89,256315.16409714636,41.54829446822512,0,legitimate_corporate_wire,4,6,7,7,7
TX_HARDNEG_002381,ACC_00329,ACC_00315,5313.37,160750.82377753026,44.85355940325998,0,legitimate_payroll_batch,4,7,3,3,3
TX_HARDNEG_002382,ACC_00024,ACC_00260,18356.06,85936.87805101967,6.447908744856368,0,legitimate_corporate_wire,12,9,8,6,6
TX_HARDNEG_002383,ACC_00172,ACC_00424,19321.57,224220.477105938,8.464464178799691,0,legitimate_corporate_wire,8,6,5,0,0
TX_HARDNEG_002384,ACC_00307,ACC_00425,16743.65,134227.55837902505,25.50693270796712,0,legitimate_corporate_wire,6,3,6,7,6
TX_HARDNEG_002385,ACC_00413,ACC_00117,4106.62,115873.45459592035,16.511095683758906,0,legitimate_merchant_settlement,7,7,5,3,3
TX_HARDNEG_002386,ACC_00411,ACC_00260,8970.4,189622.5247260875,12.66064003517409,0,legitimate_corporate_wire,2,7,8,6,6
TX_HARDNEG_002387,ACC_00162,ACC_00218,4720.13,81935.18668219277,73.74696773730733,0,legitimate_payroll_batch,8,2,6,6,6
TX_HARDNEG_002388,ACC_00044,ACC_00095,19017.17,35878.66769395417,11.802740597984528,0,legitimate_corporate_wire,3,8,3,3,3
TX_HARDNEG_002389,ACC_00375,ACC_00201,27782.69,80473.97555033537,27.268867096909943,0,legitimate_corporate_wire,3,6,5,4,4
TX_HARDNEG_002390,ACC_00097,ACC_00253,8538.16,59012.15327771056,33.750119583974154,0,legitimate_corporate_wire,5,4,6,9,6
TX_HARDNEG_002391,ACC_00373,ACC_00226,3653.7,32635.349943751185,31.547521567493725,0,legitimate_merchant_settlement,2,7,7,4,4
TX_HARDNEG_002392,ACC_00224,ACC_00257,202.88,69050.174889959,12.80579139179931,0,legitimate_instant_p2p,4,5,9,6,6
TX_HARDNEG_002393,ACC_00318,ACC_00229,3838.86,29723.635886515276,19.030944693911085,0,legitimate_merchant_settlement,8,7,4,2,2
TX_HARDNEG_002394,ACC_00433,ACC_00049,3725.0,254233.33400302494,25.21236219101557,0,legitimate_merchant_settlement,3,5,7,5,5
TX_HARDNEG_002395,ACC_00404,ACC_00429,22348.82,162597.89404525678,32.55141934810075,0,legitimate_corporate_wire,4,3,5,2,2
TX_HARDNEG_002396,ACC_00110,ACC_00325,177.45,242985.20782405548,27.984138731808727,0,legitimate_instant_p2p,4,6,4,9,4
TX_HARDNEG_002397,ACC_00036,ACC_00175,2125.56,210686.44349279182,38.54014466057127,0,legitimate_payroll_batch,3,7,3,5,3
TX_HARDNEG_002398,ACC_00388,ACC_00257,382.92,227338.09929429798,22.863324492519368,0,legitimate_instant_p2p,8,4,9,6,6
TX_HARDNEG_002399,ACC_00107,ACC_00481,6264.26,145997.11271503923,85.75629088452844,0,legitimate_payroll_batch,5,6,8,3,3
TX_HARDNEG_002400,ACC_00298,ACC_00410,24877.79,238252.37176939347,42.13802440722516,0,legitimate_corporate_wire,7,5,3,8,3
TX_HARDNEG_002401,ACC_00362,ACC_00127,5982.58,52105.76624737994,100.55812134448357,0,legitimate_payroll_batch,6,7,9,2,2
TX_HARDNEG_002402,ACC_00293,ACC_00477,29266.58,129598.8513941686,44.37387407394637,0,legitimate_corporate_wire,4,2,7,3,3
TX_HARDNEG_002403,ACC_00313,ACC_00275,10945.27,59443.2841541736,11.194127467217815,0,legitimate_corporate_wire,6,8,6,8,6
TX_HARDNEG_002404,ACC_00111,ACC_00197,5358.84,49677.039878636715,82.14180566896329,0,legitimate_payroll_batch,8,9,5,6,5
TX_HARDNEG_002405,ACC_00046,ACC_00191,2967.29,192049.54335272397,17.126647872410008,0,legitimate_merchant_settlement,5,6,4,5,4
TX_HARDNEG_002406,ACC_00377,ACC_00373,7973.41,118633.01573119314,53.47128979646873,0,legitimate_payroll_batch,11,5,2,7,2
TX_HARDNEG_002407,ACC_00029,ACC_00085,2302.3,142022.54136221038,48.02307891522751,0,legitimate_payroll_batch,8,7,4,5,4
TX_HARDNEG_002408,ACC_00071,ACC_00372,5120.52,1216.4724941404706,30.950608137984638,0,legitimate_payroll_batch,4,8,5,10,5
TX_HARDNEG_002409,ACC_00414,ACC_00413,147.23,64864.287487913156,29.733602564788946,0,legitimate_instant_p2p,3,8,7,7,7
TX_HARDNEG_002410,ACC_00197,ACC_00334,5169.23,194030.64642717966,6.390261024866923,0,legitimate_corporate_wire,5,6,5,5,5
TX_HARDNEG_002411,ACC_00303,ACC_00159,9354.07,151395.70452786842,24.865927468657848,0,legitimate_corporate_wire,4,7,7,7,7
TX_HARDNEG_002412,ACC_00386,ACC_00072,11351.13,244211.7259872224,23.579461894140543,0,legitimate_corporate_wire,3,7,8,1,1
TX_HARDNEG_002413,ACC_00177,ACC_00192,3870.59,55551.897630697305,69.44709571996674,0,legitimate_payroll_batch,2,6,14,7,7
TX_HARDNEG_002414,ACC_00236,ACC_00487,24475.07,34223.55452444372,14.842647552438134,0,legitimate_corporate_wire,3,6,10,3,3
TX_HARDNEG_002415,ACC_00289,ACC_00459,721.58,144119.80035055772,34.27102769695471,0,legitimate_merchant_settlement,8,6,8,7,7
TX_HARDNEG_002416,ACC_00304,ACC_00244,448.41,54626.9098104065,18.331087458160695,0,legitimate_instant_p2p,6,10,4,3,3
TX_HARDNEG_002417,ACC_00235,ACC_00030,14491.25,102891.32573456262,23.293139111333563,0,legitimate_corporate_wire,5,3,6,3,3
TX_HARDNEG_002418,ACC_00055,ACC_00242,14770.73,11320.596331000075,13.434453053875103,0,legitimate_corporate_wire,3,6,5,4,4
TX_HARDNEG_002419,ACC_00288,ACC_00106,1626.21,105389.84446629563,34.1102029087914,0,legitimate_merchant_settlement,2,8,4,6,4
TX_HARDNEG_002420,ACC_00455,ACC_00426,2654.36,59096.20045192028,59.85967745338582,0,legitimate_payroll_batch,2,8,3,7,3
TX_HARDNEG_002421,ACC_00442,ACC_00299,1286.68,217818.73408563016,46.21391426905113,0,legitimate_merchant_settlement,5,4,7,7,7
TX_HARDNEG_002422,ACC_00201,ACC_00424,342.57,122137.56416312985,52.57277301060369,0,legitimate_instant_p2p,5,4,5,0,0
TX_HARDNEG_002423,ACC_00383,ACC_00052,48.15,83029.02058346581,64.349531134469,0,legitimate_instant_p2p,4,6,10,7,7
TX_HARDNEG_002424,ACC_00394,ACC_00271,7914.71,160798.3717436042,49.49252045807786,0,legitimate_payroll_batch,3,5,6,7,6
TX_HARDNEG_002425,ACC_00282,ACC_00488,20491.5,104026.34270575276,41.17963471125794,0,legitimate_corporate_wire,4,8,5,7,5
TX_HARDNEG_002426,ACC_00396,ACC_00132,102.02,33149.46196089484,77.66761848057455,0,legitimate_instant_p2p,9,6,9,4,4
TX_HARDNEG_002427,ACC_00178,ACC_00252,2082.24,251155.16758254758,25.068176167463786,0,legitimate_merchant_settlement,2,7,7,2,2
TX_HARDNEG_002428,ACC_00448,ACC_00354,1242.9,189405.11605509813,48.623739935997634,0,legitimate_merchant_settlement,4,10,5,5,5
TX_HARDNEG_002429,ACC_00228,ACC_00166,6933.56,70765.59614778486,112.40712057887258,0,legitimate_payroll_batch,6,10,6,5,5
TX_HARDNEG_002430,ACC_00268,ACC_00413,217.76,246801.5119919884,20.15106879402395,0,legitimate_instant_p2p,8,7,7,7,7
TX_HARDNEG_002431,ACC_00163,ACC_00102,2675.59,71559.67139748363,17.174806087692748,0,legitimate_merchant_settlement,3,7,4,3,3
TX_HARDNEG_002432,ACC_00216,ACC_00473,6729.25,110784.22704681999,45.25976964163135,0,legitimate_payroll_batch,9,5,5,6,5
TX_HARDNEG_002433,ACC_00227,ACC_00442,121.14,61537.935097420916,87.71011487458271,0,legitimate_instant_p2p,7,3,5,4,4
TX_HARDNEG_002434,ACC_00238,ACC_00337,48.03,258950.83453052072,15.849141173338808,0,legitimate_instant_p2p,4,4,6,7,6
TX_HARDNEG_002435,ACC_00108,ACC_00163,20370.96,96366.58346999835,42.54053589393639,0,legitimate_corporate_wire,1,7,3,7,3
TX_HARDNEG_002436,ACC_00318,ACC_00253,26212.31,148846.933113469,27.54820823681382,0,legitimate_corporate_wire,8,7,6,9,6
TX_HARDNEG_002437,ACC_00361,ACC_00009,63.44,256888.3259106838,64.3761448020714,0,legitimate_instant_p2p,2,5,9,3,3
TX_HARDNEG_002438,ACC_00366,ACC_00099,469.67,7242.249442011334,53.22717394354338,0,legitimate_instant_p2p,8,9,11,4,4
TX_HARDNEG_002439,ACC_00398,ACC_00458,3495.35,19331.092739802,59.97544140389736,0,legitimate_merchant_settlement,4,7,3,5,3
TX_HARDNEG_002440,ACC_00211,ACC_00223,7433.36,4655.581636949354,118.96945681701985,0,legitimate_payroll_batch,3,6,5,7,5
TX_HARDNEG_002441,ACC_00266,ACC_00300,7805.09,248460.50163869475,47.801359901570564,0,legitimate_payroll_batch,5,5,4,5,4
TX_HARDNEG_002442,ACC_00212,ACC_00298,3666.66,1205.634934778875,39.841805544202074,0,legitimate_merchant_settlement,3,7,7,5,5
TX_HARDNEG_002443,ACC_00178,ACC_00416,414.39,52045.21708115978,67.55078126022178,0,legitimate_instant_p2p,2,7,7,6,6
TX_HARDNEG_002444,ACC_00124,ACC_00338,5851.96,116259.01051656947,34.27776474718515,0,legitimate_payroll_batch,2,6,4,3,3
TX_HARDNEG_002445,ACC_00391,ACC_00208,15175.05,37710.71923271205,15.810039811048187,0,legitimate_corporate_wire,3,5,11,1,1
TX_HARDNEG_002446,ACC_00421,ACC_00363,1619.03,116014.82544063719,56.696088785239375,0,legitimate_merchant_settlement,2,5,2,7,2
TX_HARDNEG_002447,ACC_00401,ACC_00093,9268.94,191986.93872623422,44.48496342960323,0,legitimate_corporate_wire,4,2,6,6,6
TX_HARDNEG_002448,ACC_00480,ACC_00331,2817.6,120987.66366449831,84.23437079769683,0,legitimate_payroll_batch,5,7,5,4,4
TX_HARDNEG_002449,ACC_00288,ACC_00112,134.31,226408.2394594006,57.912560308996035,0,legitimate_instant_p2p,2,8,3,3,3
TX_HARDNEG_002450,ACC_00240,ACC_00379,6285.87,104344.42668932564,47.66745247445689,0,legitimate_payroll_batch,4,2,6,9,6
TX_HARDNEG_002451,ACC_00118,ACC_00201,4710.54,74948.23332376585,101.18209219875816,0,legitimate_payroll_batch,3,9,5,4,4
TX_HARDNEG_002452,ACC_00239,ACC_00370,3335.94,164201.39513173248,93.29180292367468,0,legitimate_payroll_batch,7,5,8,6,6
TX_HARDNEG_002453,ACC_00039,ACC_00299,184.69,41701.663071330215,79.77501622290279,0,legitimate_instant_p2p,2,8,7,7,7
TX_HARDNEG_002454,ACC_00183,ACC_00133,3229.75,73206.84113996006,45.85060645017785,0,legitimate_merchant_settlement,8,6,4,1,1
TX_HARDNEG_002455,ACC_00354,ACC_00446,9775.84,219309.53373453324,38.728252153499945,0,legitimate_corporate_wire,5,5,5,6,5
TX_HARDNEG_002456,ACC_00202,ACC_00403,7170.99,166576.78731896047,111.95914158362021,0,legitimate_payroll_batch,1,8,7,5,5
TX_HARDNEG_002457,ACC_00328,ACC_00081,4901.05,226444.9242202274,47.43190145948737,0,legitimate_merchant_settlement,2,5,8,4,4
TX_HARDNEG_002458,ACC_00041,ACC_00456,140.88,86992.6976880634,58.06777295176532,0,legitimate_instant_p2p,6,7,3,6,3
TX_HARDNEG_002459,ACC_00101,ACC_00226,3277.99,33341.825630464264,54.16214439104881,0,legitimate_merchant_settlement,3,6,7,4,4
TX_HARDNEG_002460,ACC_00384,ACC_00323,239.9,46791.97643942739,22.437773700759376,0,legitimate_merchant_settlement,4,3,5,2,2
TX_HARDNEG_002461,ACC_00221,ACC_00081,3340.88,20134.951444406135,20.040994956495997,0,legitimate_merchant_settlement,6,7,8,4,4
TX_HARDNEG_002462,ACC_00115,ACC_00027,361.94,179086.0384958785,16.60582138608695,0,legitimate_instant_p2p,3,5,4,5,4
TX_HARDNEG_002463,ACC_00352,ACC_00460,1038.08,2883.0944476433638,47.694515528615234,0,legitimate_merchant_settlement,7,1,7,6,6
TX_HARDNEG_002464,ACC_00308,ACC_00075,566.56,26779.53456161483,33.887501409364454,0,legitimate_merchant_settlement,7,6,8,5,5
TX_HARDNEG_002465,ACC_00259,ACC_00340,235.19,47471.90986577171,41.02181497208349,0,legitimate_instant_p2p,6,1,10,8,8
TX_HARDNEG_002466,ACC_00216,ACC_00082,7878.45,67115.26676126628,36.67823263371082,0,legitimate_corporate_wire,9,5,5,4,4
TX_HARDNEG_002467,ACC_00469,ACC_00433,304.98,194140.86589839408,69.35795696250734,0,legitimate_instant_p2p,4,7,3,5,3
TX_HARDNEG_002468,ACC_00266,ACC_00057,2023.29,54598.37037451262,56.449027656772365,0,legitimate_payroll_batch,5,5,5,2,2
TX_HARDNEG_002469,ACC_00199,ACC_00172,3869.54,653.6705581621198,46.991730769645535,0,legitimate_merchant_settlement,2,4,8,6,6
TX_HARDNEG_002470,ACC_00211,ACC_00103,5969.43,53048.582581034,86.24205962581976,0,legitimate_payroll_batch,3,6,11,5,5
TX_HARDNEG_002471,ACC_00116,ACC_00185,292.64,134451.22340883667,35.65111194740007,0,legitimate_instant_p2p,7,4,10,8,8
TX_HARDNEG_002472,ACC_00343,ACC_00475,21526.67,42313.43784150698,12.528609800637298,0,legitimate_corporate_wire,5,3,5,6,5
TX_HARDNEG_002473,ACC_00432,ACC_00248,5784.52,147938.42143704934,83.5253494631413,0,legitimate_payroll_batch,4,4,7,2,2
TX_HARDNEG_002474,ACC_00310,ACC_00264,475.36,224797.3998580819,69.41993392267614,0,legitimate_instant_p2p,8,9,3,7,3
TX_HARDNEG_002475,ACC_00417,ACC_00291,464.76,192866.65532544057,46.21296956228739,0,legitimate_instant_p2p,5,8,3,3,3
TX_HARDNEG_002476,ACC_00448,ACC_00321,19012.36,115155.08751911767,34.758351469348334,0,legitimate_corporate_wire,4,10,5,4,4
TX_HARDNEG_002477,ACC_00051,ACC_00278,364.47,153961.81960600175,39.59259033467642,0,legitimate_instant_p2p,4,7,4,2,2
TX_HARDNEG_002478,ACC_00292,ACC_00168,65.02,200784.63519032105,63.65789996231837,0,legitimate_instant_p2p,6,6,6,4,4
TX_HARDNEG_002479,ACC_00103,ACC_00224,435.89,141446.77385610773,68.35045034581286,0,legitimate_instant_p2p,11,5,4,5,4
TX_HARDNEG_002480,ACC_00464,ACC_00400,227.71,99386.7651449525,49.510726363999396,0,legitimate_instant_p2p,4,5,4,7,4
TX_HARDNEG_002481,ACC_00389,ACC_00237,3648.46,56980.71378977347,105.10911814774128,0,legitimate_payroll_batch,2,6,4,3,3
TX_HARDNEG_002482,ACC_00204,ACC_00336,3210.3,132353.31667979647,71.12504939876803,0,legitimate_payroll_batch,4,5,3,3,3
TX_HARDNEG_002483,ACC_00171,ACC_00450,28707.61,165241.86934014186,24.539357250812557,0,legitimate_corporate_wire,7,6,8,8,8
TX_HARDNEG_002484,ACC_00477,ACC_00299,2704.59,161894.38016641297,62.80995463974302,0,legitimate_payroll_batch,7,3,7,7,7
TX_HARDNEG_002485,ACC_00047,ACC_00245,86.57,21386.268564009893,28.942273330078237,0,legitimate_instant_p2p,5,5,7,2,2
TX_HARDNEG_002486,ACC_00466,ACC_00385,16893.74,155571.00293039615,26.70063638055784,0,legitimate_corporate_wire,5,10,7,3,3
TX_HARDNEG_002487,ACC_00007,ACC_00294,3026.43,65763.80034848914,59.26888118251265,0,legitimate_payroll_batch,5,6,6,4,4
TX_HARDNEG_002488,ACC_00219,ACC_00193,389.46,164900.487229962,75.24592527951411,0,legitimate_instant_p2p,5,9,6,4,4
TX_HARDNEG_002489,ACC_00420,ACC_00109,2340.15,120642.4664460294,116.09498440119737,0,legitimate_payroll_batch,3,4,6,2,2
TX_HARDNEG_002490,ACC_00489,ACC_00408,17689.68,213334.46075394738,34.379943948806684,0,legitimate_corporate_wire,6,6,4,2,2
TX_HARDNEG_002491,ACC_00340,ACC_00366,14841.78,22578.055500642116,13.80937868813216,0,legitimate_corporate_wire,10,8,8,9,8
TX_HARDNEG_002492,ACC_00386,ACC_00497,28738.54,108747.35160377221,13.784534115204448,0,legitimate_corporate_wire,3,7,9,4,4
TX_HARDNEG_002493,ACC_00486,ACC_00208,24731.91,36609.139974481805,24.512424401229637,0,legitimate_corporate_wire,4,9,11,1,1
TX_HARDNEG_002494,ACC_00035,ACC_00273,22626.75,43713.14185655302,42.46511351461342,0,legitimate_corporate_wire,4,7,9,4,4
TX_HARDNEG_002495,ACC_00149,ACC_00189,2692.45,156450.27979844526,30.627597060306627,0,legitimate_merchant_settlement,4,7,7,3,3
TX_HARDNEG_002496,ACC_00261,ACC_00031,134.0,168849.56217640018,12.75688600583834,0,legitimate_instant_p2p,2,14,3,6,3
TX_HARDNEG_002497,ACC_00376,ACC_00180,16792.06,176800.04340594914,41.421784859859294,0,legitimate_corporate_wire,3,5,9,6,6
TX_HARDNEG_002498,ACC_00002,ACC_00083,9660.09,175874.9855571499,28.235341554180323,0,legitimate_corporate_wire,5,5,8,4,4
TX_HARDNEG_002499,ACC_00049,ACC_00478,7781.32,242573.61675818363,44.44275202452642,0,legitimate_payroll_batch,7,5,8,4,4
TX_HARDNEG_002500,ACC_00138,ACC_00365,2916.86,230927.0767724848,103.04510267781464,0,legitimate_payroll_batch,6,10,5,4,4
TX_HARDNEG_002501,ACC_00069,ACC_00185,475.02,99751.56898870105,76.90713883762766,0,legitimate_instant_p2p,5,7,10,8,8
TX_HARDNEG_002502,ACC_00356,ACC_00397,109.51,44811.076199620904,72.04708457333601,0,legitimate_instant_p2p,6,11,8,5,5
TX_HARDNEG_002503,ACC_00231,ACC_00078,2617.72,182875.0346809014,50.31805825298765,0,legitimate_merchant_settlement,10,9,5,1,1
TX_HARDNEG_002504,ACC_00470,ACC_00104,6707.58,44783.29406428186,112.65058829373123,0,legitimate_payroll_batch,2,4,6,2,2
TX_HARDNEG_002505,ACC_00472,ACC_00056,354.58,223710.60179371285,12.904449533188815,0,legitimate_instant_p2p,6,7,10,4,4
TX_HARDNEG_002506,ACC_00221,ACC_00346,298.63,235832.21760715605,64.4231789720601,0,legitimate_instant_p2p,6,7,4,5,4
TX_HARDNEG_002507,ACC_00299,ACC_00171,4261.57,166622.4411052972,55.361398725565,0,legitimate_payroll_batch,7,7,7,6,6
TX_HARDNEG_002508,ACC_00376,ACC_00231,4251.53,120778.09639661369,18.350604202496115,0,legitimate_merchant_settlement,3,5,10,9,9
TX_HARDNEG_002509,ACC_00218,ACC_00023,11983.14,229629.3454087365,8.187374469006524,0,legitimate_corporate_wire,6,6,10,4,4
TX_HARDNEG_002510,ACC_00185,ACC_00001,273.93,229056.79211222916,65.17348121051488,0,legitimate_instant_p2p,10,8,7,2,2
TX_HARDNEG_002511,ACC_00320,ACC_00123,4616.36,163257.3664789314,33.872449803939205,0,legitimate_payroll_batch,7,5,6,5,5
TX_HARDNEG_002512,ACC_00223,ACC_00348,6762.8,71261.19885466431,93.6194541416767,0,legitimate_payroll_batch,5,7,7,3,3
TX_HARDNEG_002513,ACC_00496,ACC_00251,23604.59,91529.39707982178,22.680223250591926,0,legitimate_corporate_wire,4,5,7,2,2
TX_HARDNEG_002514,ACC_00344,ACC_00136,491.62,128172.7533781886,54.959904661861295,0,legitimate_instant_p2p,2,6,10,5,5
TX_HARDNEG_002515,ACC_00149,ACC_00445,657.51,21922.193597037218,54.34591184284565,0,legitimate_merchant_settlement,4,7,7,9,7
TX_HARDNEG_002516,ACC_00473,ACC_00170,2603.82,1605.266008266366,108.40543367427,0,legitimate_payroll_batch,5,6,5,6,5
TX_HARDNEG_002517,ACC_00205,ACC_00421,2985.8,237050.7477537036,21.12349677860847,0,legitimate_merchant_settlement,2,4,2,5,2
TX_HARDNEG_002518,ACC_00427,ACC_00082,4720.65,240025.36273056467,57.328881735093056,0,legitimate_payroll_batch,6,4,5,4,4
TX_HARDNEG_002519,ACC_00176,ACC_00211,4873.55,27566.3468465231,33.572344482396836,0,legitimate_merchant_settlement,5,8,3,6,3
TX_HARDNEG_002520,ACC_00356,ACC_00189,4315.43,27144.5681270078,76.343900899475,0,legitimate_payroll_batch,6,11,7,3,3
TX_HARDNEG_002521,ACC_00324,ACC_00385,14243.71,194433.85612418427,40.16251554372295,0,legitimate_corporate_wire,10,11,7,3,3
TX_HARDNEG_002522,ACC_00325,ACC_00289,7050.18,130396.23991174654,36.4421030684256,0,legitimate_payroll_batch,4,9,8,6,6
TX_HARDNEG_002523,ACC_00301,ACC_00165,204.45,117342.11786069305,57.78162723217866,0,legitimate_merchant_settlement,3,3,4,4,4
TX_HARDNEG_002524,ACC_00324,ACC_00456,5234.79,187543.45015231852,23.90911306613642,0,legitimate_corporate_wire,10,11,3,6,3
TX_HARDNEG_002525,ACC_00249,ACC_00365,11906.04,113943.00864930433,33.46477577351982,0,legitimate_corporate_wire,4,5,5,4,4
TX_HARDNEG_002526,ACC_00087,ACC_00183,16424.57,108825.54388567319,23.86025062480433,0,legitimate_corporate_wire,6,9,8,6,6
TX_HARDNEG_002527,ACC_00184,ACC_00016,3407.69,205727.9144108632,50.745065535230054,0,legitimate_merchant_settlement,4,6,6,6,6
TX_HARDNEG_002528,ACC_00430,ACC_00147,7290.56,169816.74219606502,32.1294475160779,0,legitimate_payroll_batch,5,9,9,7,7
TX_HARDNEG_002529,ACC_00056,ACC_00087,5414.29,167078.11638270022,63.602538811663344,0,legitimate_payroll_batch,10,4,6,9,6
TX_HARDNEG_002530,ACC_00445,ACC_00037,7918.6,19915.023463579084,116.940391482139,0,legitimate_payroll_batch,7,9,7,6,6
TX_HARDNEG_002531,ACC_00450,ACC_00424,23462.24,12660.010333517319,38.83834442431368,0,legitimate_corporate_wire,8,8,5,0,0
TX_HARDNEG_002532,ACC_00021,ACC_00203,107.01,237489.92736921582,62.05686619731498,0,legitimate_instant_p2p,7,7,9,4,4
TX_HARDNEG_002533,ACC_00498,ACC_00487,180.02,142433.47752589075,62.759821470937595,0,legitimate_instant_p2p,7,3,10,3,3
TX_HARDNEG_002534,ACC_00040,ACC_00257,3748.19,29235.250866813603,91.58109055749819,0,legitimate_payroll_batch,2,6,9,6,6
TX_HARDNEG_002535,ACC_00314,ACC_00020,10022.23,252542.90555843114,37.285105525487204,0,legitimate_corporate_wire,1,4,2,5,2
TX_HARDNEG_002536,ACC_00430,ACC_00021,26944.5,172818.5160842833,23.57791075991149,0,legitimate_corporate_wire,5,9,7,7,7
TX_HARDNEG_002537,ACC_00421,ACC_00333,10271.92,5829.486458224624,21.160786421938653,0,legitimate_corporate_wire,2,5,3,2,2
TX_HARDNEG_002538,ACC_00334,ACC_00227,7139.13,40003.44952408994,84.89255272838777,0,legitimate_payroll_batch,5,5,7,3,3
TX_HARDNEG_002539,ACC_00334,ACC_00434,2719.96,140419.20702526238,44.75869144036116,0,legitimate_merchant_settlement,5,5,3,3,3
TX_HARDNEG_002540,ACC_00121,ACC_00250,447.17,143415.3341284561,43.30146963404803,0,legitimate_merchant_settlement,5,8,7,7,7
TX_HARDNEG_002541,ACC_00061,ACC_00239,4356.19,220065.88458999115,95.31772784959402,0,legitimate_payroll_batch,3,7,7,5,5
TX_HARDNEG_002542,ACC_00119,ACC_00484,5548.62,165586.3188581769,80.04907726480103,0,legitimate_payroll_batch,6,6,8,6,6
TX_HARDNEG_002543,ACC_00303,ACC_00114,4193.4,187201.68312514524,105.8634353020763,0,legitimate_payroll_batch,4,7,7,4,4
TX_HARDNEG_002544,ACC_00365,ACC_00147,4030.27,46026.302722753135,80.3729495706471,0,legitimate_payroll_batch,5,4,9,7,7
TX_HARDNEG_002545,ACC_00220,ACC_00398,109.25,187285.79927042266,12.325094589147039,0,legitimate_instant_p2p,2,8,4,7,4
TX_HARDNEG_002546,ACC_00096,ACC_00397,400.56,134439.97960258098,82.2534863397018,0,legitimate_instant_p2p,2,8,8,5,5
TX_HARDNEG_002547,ACC_00266,ACC_00247,282.58,253142.9508250552,16.315183666081,0,legitimate_instant_p2p,5,5,9,5,5
TX_HARDNEG_002548,ACC_00270,ACC_00459,4329.8,188365.65991340324,39.045382025643164,0,legitimate_payroll_batch,5,6,8,7,7
TX_HARDNEG_002549,ACC_00058,ACC_00148,231.81,44180.425735297955,55.55549760260472,0,legitimate_instant_p2p,7,6,9,5,5
TX_HARDNEG_002550,ACC_00065,ACC_00331,23798.45,120990.6071238464,27.043785025689093,0,legitimate_corporate_wire,5,5,5,4,4
TX_HARDNEG_002551,ACC_00244,ACC_00019,3646.6,183785.4785078936,54.89394772639076,0,legitimate_payroll_batch,4,3,11,4,4
TX_HARDNEG_002552,ACC_00435,ACC_00360,29278.24,62443.15196844919,39.37166995221693,0,legitimate_corporate_wire,5,10,4,3,3
TX_HARDNEG_002553,ACC_00174,ACC_00339,409.8,252131.13534175095,63.25050908921679,0,legitimate_instant_p2p,1,8,4,2,2
TX_HARDNEG_002554,ACC_00461,ACC_00349,31.96,18079.730619483955,35.12565064237079,0,legitimate_instant_p2p,6,2,7,6,6
TX_HARDNEG_002555,ACC_00426,ACC_00461,26049.15,21528.667203613073,26.261676311339027,0,legitimate_corporate_wire,3,7,6,2,2
TX_HARDNEG_002556,ACC_00398,ACC_00243,2378.46,207817.11242049577,27.323627132440624,0,legitimate_merchant_settlement,4,7,6,8,6
TX_HARDNEG_002557,ACC_00106,ACC_00066,28761.56,95520.54659607672,33.743201211597714,0,legitimate_corporate_wire,4,6,7,7,7
TX_HARDNEG_002558,ACC_00187,ACC_00221,7774.03,59314.323745898015,67.64977890704637,0,legitimate_payroll_batch,4,7,6,7,6
TX_HARDNEG_002559,ACC_00393,ACC_00043,231.43,14679.01639885804,85.52333453859153,0,legitimate_instant_p2p,7,6,6,6,6
TX_HARDNEG_002560,ACC_00384,ACC_00072,16594.25,170246.96412703014,18.281812158976145,0,legitimate_corporate_wire,4,3,8,1,1
TX_HARDNEG_002561,ACC_00031,ACC_00377,4538.12,134360.91237584397,22.207150272235182,0,legitimate_merchant_settlement,3,6,11,5,5
TX_HARDNEG_002562,ACC_00389,ACC_00214,209.04,246588.55342093532,58.71745342321279,0,legitimate_instant_p2p,2,6,8,5,5
TX_HARDNEG_002563,ACC_00349,ACC_00384,895.29,169957.15798683616,31.77489424754426,0,legitimate_merchant_settlement,7,6,4,3,3
TX_HARDNEG_002564,ACC_00288,ACC_00302,15110.61,247056.6554167697,8.864078406976205,0,legitimate_corporate_wire,2,8,8,5,5
TX_HARDNEG_002565,ACC_00457,ACC_00287,138.99,28563.790714062416,67.11945334895042,0,legitimate_instant_p2p,5,4,4,6,4
TX_HARDNEG_002566,ACC_00450,ACC_00231,13443.42,162068.95638649206,39.384248096305264,0,legitimate_corporate_wire,8,8,10,9,9
TX_HARDNEG_002567,ACC_00418,ACC_00048,8795.32,111536.73152256236,35.21855950345828,0,legitimate_corporate_wire,6,6,3,4,3
TX_HARDNEG_002568,ACC_00234,ACC_00037,216.75,24814.91510326979,11.663750437783582,0,legitimate_instant_p2p,6,4,7,6,6
TX_HARDNEG_002569,ACC_00012,ACC_00001,4213.58,199562.7859677515,53.47228937211016,0,legitimate_merchant_settlement,4,5,7,2,2
TX_HARDNEG_002570,ACC_00051,ACC_00246,4317.07,256340.0802085507,58.06460929439112,0,legitimate_merchant_settlement,4,7,6,7,6
TX_HARDNEG_002571,ACC_00210,ACC_00372,22474.56,6832.7793135545335,22.807827218467622,0,legitimate_corporate_wire,2,4,5,10,5
TX_HARDNEG_002572,ACC_00308,ACC_00121,25148.15,149301.85794267172,7.159973847363825,0,legitimate_corporate_wire,7,6,5,8,5
TX_HARDNEG_002573,ACC_00048,ACC_00323,25057.42,130074.29457781611,44.76463792842244,0,legitimate_corporate_wire,3,4,5,2,2
TX_HARDNEG_002574,ACC_00286,ACC_00443,212.01,172658.63418651003,26.89289809034775,0,legitimate_instant_p2p,9,6,8,4,4
TX_HARDNEG_002575,ACC_00341,ACC_00155,3844.75,63333.012012494,39.88665680544871,0,legitimate_merchant_settlement,4,4,8,3,3
TX_HARDNEG_002576,ACC_00302,ACC_00033,179.84,205346.6117407541,44.149989137710115,0,legitimate_instant_p2p,8,5,7,9,7
TX_HARDNEG_002577,ACC_00013,ACC_00393,27386.13,194973.50844102073,28.858624996377735,0,legitimate_corporate_wire,6,6,7,6,6
TX_HARDNEG_002578,ACC_00051,ACC_00325,27574.03,71447.20761090837,34.24161797992009,0,legitimate_corporate_wire,4,7,4,9,4
TX_HARDNEG_002579,ACC_00276,ACC_00405,2667.23,240127.39528657068,17.354559519537716,0,legitimate_merchant_settlement,4,5,2,6,2
TX_HARDNEG_002580,ACC_00067,ACC_00498,3428.0,192846.2527928891,118.62528402684902,0,legitimate_payroll_batch,7,7,7,3,3
TX_HARDNEG_002581,ACC_00182,ACC_00324,2611.51,161899.9805558458,33.171689370448625,0,legitimate_payroll_batch,4,3,10,11,10
TX_HARDNEG_002582,ACC_00242,ACC_00013,402.06,117390.1611618984,18.15829421895856,0,legitimate_instant_p2p,5,4,6,6,6
TX_HARDNEG_002583,ACC_00004,ACC_00302,310.67,11883.108210178485,31.26957513559698,0,legitimate_merchant_settlement,4,9,8,5,5
TX_HARDNEG_002584,ACC_00439,ACC_00310,6844.14,4690.036810041828,77.50940241022587,0,legitimate_payroll_batch,5,10,8,9,8
TX_HARDNEG_002585,ACC_00310,ACC_00228,4420.63,195724.4208891183,33.12300945514066,0,legitimate_merchant_settlement,8,9,6,10,6
TX_HARDNEG_002586,ACC_00148,ACC_00085,92.35,129598.99245602539,74.46625326750765,0,legitimate_instant_p2p,9,5,4,5,4
TX_HARDNEG_002587,ACC_00250,ACC_00081,6814.57,50494.85550227732,70.16874094772281,0,legitimate_payroll_batch,7,7,8,4,4
TX_HARDNEG_002588,ACC_00226,ACC_00370,26167.59,231695.04611226864,8.853317756335223,0,legitimate_corporate_wire,7,4,8,6,6
TX_HARDNEG_002589,ACC_00131,ACC_00010,456.66,186194.40260014957,86.39138427726718,0,legitimate_instant_p2p,8,7,6,3,3
TX_HARDNEG_002590,ACC_00439,ACC_00215,288.1,244169.65345818605,49.69674335725927,0,legitimate_merchant_settlement,5,10,4,2,2
TX_HARDNEG_002591,ACC_00445,ACC_00270,2417.21,235058.75659017923,81.30014885499328,0,legitimate_payroll_batch,7,9,5,6,5
TX_HARDNEG_002592,ACC_00196,ACC_00042,4340.11,138165.1681961748,44.66074103089161,0,legitimate_merchant_settlement,2,5,7,6,6
TX_HARDNEG_002593,ACC_00471,ACC_00100,348.02,238110.142657598,80.12165596070604,0,legitimate_instant_p2p,4,8,5,4,4
TX_HARDNEG_002594,ACC_00220,ACC_00358,5034.04,244825.47490336612,67.11969850034221,0,legitimate_payroll_batch,2,8,10,10,10
TX_HARDNEG_002595,ACC_00264,ACC_00305,4718.17,227508.12324983446,47.946944052855976,0,legitimate_merchant_settlement,3,7,3,7,3
TX_HARDNEG_002596,ACC_00212,ACC_00338,181.68,45144.97700713719,56.017359201114786,0,legitimate_instant_p2p,3,7,4,3,3
TX_HARDNEG_002597,ACC_00378,ACC_00047,403.06,251708.50222759682,44.324604413467384,0,legitimate_merchant_settlement,7,10,5,5,5
TX_HARDNEG_002598,ACC_00486,ACC_00003,1674.02,46554.532967084706,26.717978402551907,0,legitimate_merchant_settlement,4,9,5,5,5
TX_HARDNEG_002599,ACC_00496,ACC_00265,329.17,201003.59716178474,72.73144636785544,0,legitimate_instant_p2p,4,5,3,2,2
TX_HARDNEG_002600,ACC_00495,ACC_00403,5648.45,18441.898575665346,34.56297852571847,0,legitimate_payroll_batch,5,5,7,5,5
TX_HARDNEG_002601,ACC_00357,ACC_00083,16851.08,120580.55016019278,8.179833794379334,0,legitimate_corporate_wire,4,6,8,4,4
TX_HARDNEG_002602,ACC_00023,ACC_00468,226.96,203978.23720605488,69.03865336726912,0,legitimate_instant_p2p,10,4,9,4,4
TX_HARDNEG_002603,ACC_00411,ACC_00140,160.72,201557.03917203215,30.45581953342012,0,legitimate_instant_p2p,2,7,2,4,2
TX_HARDNEG_002604,ACC_00498,ACC_00459,30.39,59010.37398011583,35.96465174457929,0,legitimate_instant_p2p,7,3,8,7,7
TX_HARDNEG_002605,ACC_00197,ACC_00192,13867.38,19536.10915228464,7.568361365389387,0,legitimate_corporate_wire,5,6,14,7,7
TX_HARDNEG_002606,ACC_00020,ACC_00403,143.23,1054.7004604664153,27.169609184186836,0,legitimate_instant_p2p,2,5,7,5,5
TX_HARDNEG_002607,ACC_00203,ACC_00007,4444.31,67481.01043013092,20.775424018392172,0,legitimate_merchant_settlement,9,4,5,6,5
TX_HARDNEG_002608,ACC_00034,ACC_00350,4223.05,185300.0932469132,54.99072290756814,0,legitimate_merchant_settlement,6,5,6,6,6
TX_HARDNEG_002609,ACC_00463,ACC_00251,23032.1,133335.68332901693,32.55567361018144,0,legitimate_corporate_wire,9,6,7,2,2
TX_HARDNEG_002610,ACC_00393,ACC_00066,17.96,163414.13991294257,22.05266030534621,0,legitimate_instant_p2p,7,6,7,7,7
TX_HARDNEG_002611,ACC_00374,ACC_00348,5.86,118267.37598772938,17.432362625522497,0,legitimate_instant_p2p,2,6,7,3,3
TX_HARDNEG_002612,ACC_00113,ACC_00192,1686.05,206497.74538463107,59.767975249820445,0,legitimate_payroll_batch,5,2,14,7,7
TX_HARDNEG_002613,ACC_00015,ACC_00001,438.68,38323.03976535283,67.90600710816756,0,legitimate_instant_p2p,4,7,7,2,2
TX_HARDNEG_002614,ACC_00023,ACC_00293,5463.25,91469.1762753276,113.97958067907467,0,legitimate_payroll_batch,10,4,4,2,2
TX_HARDNEG_002615,ACC_00044,ACC_00183,1671.41,14816.520244497748,51.14452505434491,0,legitimate_merchant_settlement,3,8,8,6,6
TX_HARDNEG_002616,ACC_00405,ACC_00126,2302.4,215465.9274596504,33.96022478465215,0,legitimate_merchant_settlement,2,6,12,7,7
TX_HARDNEG_002617,ACC_00174,ACC_00086,13018.77,37963.78904365945,32.49739897685229,0,legitimate_corporate_wire,1,8,7,4,4
TX_HARDNEG_002618,ACC_00376,ACC_00483,3433.22,75725.98260363868,84.53023172547992,0,legitimate_payroll_batch,3,5,6,7,6
TX_HARDNEG_002619,ACC_00282,ACC_00014,23521.59,34842.26002203855,40.19397268927461,0,legitimate_corporate_wire,4,8,7,6,6
TX_HARDNEG_002620,ACC_00114,ACC_00294,14108.74,37917.2125739954,27.274568565052085,0,legitimate_corporate_wire,7,4,6,4,4
TX_HARDNEG_002621,ACC_00108,ACC_00114,2297.67,156792.71494676665,91.71761233659305,0,legitimate_payroll_batch,1,7,7,4,4
TX_HARDNEG_002622,ACC_00318,ACC_00123,6172.75,238001.5026185324,28.681702238133262,0,legitimate_corporate_wire,8,7,6,5,5
TX_HARDNEG_002623,ACC_00071,ACC_00187,4526.38,114422.38329352169,113.85022279476307,0,legitimate_payroll_batch,4,8,4,7,4
TX_HARDNEG_002624,ACC_00185,ACC_00206,8874.93,120511.56086798324,42.99493485764783,0,legitimate_corporate_wire,10,8,8,8,8
TX_HARDNEG_002625,ACC_00386,ACC_00449,7430.13,227144.51008085674,35.75497997015846,0,legitimate_corporate_wire,3,7,6,7,6
TX_HARDNEG_002626,ACC_00410,ACC_00068,414.75,159540.82698744952,64.41259078287978,0,legitimate_instant_p2p,3,8,7,7,7
TX_HARDNEG_002627,ACC_00325,ACC_00204,2571.23,186270.93531722785,90.18446231253199,0,legitimate_payroll_batch,4,9,4,5,4
TX_HARDNEG_002628,ACC_00354,ACC_00017,20367.69,87630.70757788888,15.712225962176966,0,legitimate_corporate_wire,5,5,5,7,5
TX_HARDNEG_002629,ACC_00204,ACC_00004,25615.5,163155.6081356071,14.759355779371074,0,legitimate_corporate_wire,4,5,4,9,4
TX_HARDNEG_002630,ACC_00094,ACC_00412,23392.15,236371.94599571376,30.15234181921543,0,legitimate_corporate_wire,6,5,3,6,3
TX_HARDNEG_002631,ACC_00350,ACC_00295,395.27,127713.58423846173,41.390846168575706,0,legitimate_instant_p2p,6,6,6,4,4
TX_HARDNEG_002632,ACC_00305,ACC_00325,49.44,30445.22091787422,10.082233722448635,0,legitimate_instant_p2p,3,7,4,9,4
TX_HARDNEG_002633,ACC_00289,ACC_00068,2247.92,50117.43410447161,53.018902658712655,0,legitimate_payroll_batch,8,6,7,7,7
TX_HARDNEG_002634,ACC_00261,ACC_00297,2373.65,245922.91713259704,22.112633900203328,0,legitimate_merchant_settlement,2,14,10,6,6
TX_HARDNEG_002635,ACC_00456,ACC_00259,2125.99,177193.71312617205,37.187630852798335,0,legitimate_merchant_settlement,3,6,6,1,1
TX_HARDNEG_002636,ACC_00059,ACC_00281,4911.01,230498.41828137139,69.31130510693332,0,legitimate_payroll_batch,6,8,8,4,4
TX_HARDNEG_002637,ACC_00261,ACC_00182,18331.44,4339.212355909449,20.466551287651708,0,legitimate_corporate_wire,2,14,4,3,3
TX_HARDNEG_002638,ACC_00276,ACC_00483,285.92,30306.881887002357,27.609445376752912,0,legitimate_instant_p2p,4,5,6,7,6
TX_HARDNEG_002639,ACC_00387,ACC_00020,4282.48,7267.498379559836,108.15277460736564,0,legitimate_payroll_batch,4,9,2,5,2
TX_HARDNEG_002640,ACC_00176,ACC_00440,13085.04,250817.62880109926,27.022692842700017,0,legitimate_corporate_wire,5,8,6,4,4
TX_HARDNEG_002641,ACC_00053,ACC_00132,5593.82,18208.000953280716,93.63086066431396,0,legitimate_payroll_batch,7,9,9,4,4
TX_HARDNEG_002642,ACC_00047,ACC_00127,20435.21,23452.94344408439,21.125321805459873,0,legitimate_corporate_wire,5,5,9,2,2
TX_HARDNEG_002643,ACC_00358,ACC_00087,408.94,28319.584700290707,67.57697969681482,0,legitimate_instant_p2p,10,10,6,9,6
TX_HARDNEG_002644,ACC_00257,ACC_00304,398.91,105769.69189291877,75.95510728783584,0,legitimate_instant_p2p,9,6,6,10,6
TX_HARDNEG_002645,ACC_00201,ACC_00449,312.92,57919.63564084349,10.709842627790103,0,legitimate_instant_p2p,5,4,6,7,6
TX_HARDNEG_002646,ACC_00123,ACC_00203,7197.95,219176.90189859073,86.50363518257629,0,legitimate_payroll_batch,6,5,9,4,4
TX_HARDNEG_002647,ACC_00125,ACC_00267,4792.25,23178.331827792594,43.79656678015999,0,legitimate_merchant_settlement,4,4,5,7,5
TX_HARDNEG_002648,ACC_00156,ACC_00035,3127.01,233811.81282454135,68.16585452283938,0,legitimate_payroll_batch,6,10,4,7,4
TX_HARDNEG_002649,ACC_00426,ACC_00062,157.1,258455.25962695834,89.12309133882631,0,legitimate_instant_p2p,3,7,2,3,2
TX_HARDNEG_002650,ACC_00433,ACC_00313,6588.96,103077.2247705874,110.56921926232225,0,legitimate_payroll_batch,3,5,6,8,6
TX_HARDNEG_002651,ACC_00181,ACC_00088,371.87,26767.502645135017,61.16638958476548,0,legitimate_instant_p2p,5,9,8,10,8
TX_HARDNEG_002652,ACC_00410,ACC_00495,22045.35,221042.14999301615,10.160951175084275,0,legitimate_corporate_wire,3,8,5,5,5
TX_HARDNEG_002653,ACC_00205,ACC_00099,6763.61,42118.72236053279,61.366651778785965,0,legitimate_payroll_batch,2,4,11,4,4
TX_HARDNEG_002654,ACC_00399,ACC_00497,2296.67,191871.6422308117,34.823637520339545,0,legitimate_merchant_settlement,4,6,9,4,4
TX_HARDNEG_002655,ACC_00096,ACC_00499,2011.49,84927.118639835,33.33407113960328,0,legitimate_merchant_settlement,2,8,3,3,3
TX_HARDNEG_002656,ACC_00207,ACC_00156,253.52,4200.1536882206055,62.841392575427534,0,legitimate_instant_p2p,7,6,6,10,6
TX_HARDNEG_002657,ACC_00403,ACC_00355,248.39,209541.73392614134,71.8604208301751,0,legitimate_instant_p2p,7,5,5,5,5
TX_HARDNEG_002658,ACC_00032,ACC_00026,2710.5,188883.9970614367,61.15570762456515,0,legitimate_payroll_batch,8,5,5,4,4
TX_HARDNEG_002659,ACC_00262,ACC_00326,243.42,139218.63616507454,87.21327793773591,0,legitimate_instant_p2p,4,5,5,9,5
TX_HARDNEG_002660,ACC_00226,ACC_00109,1391.09,18309.17772899212,18.475053120592744,0,legitimate_merchant_settlement,7,4,6,2,2
TX_HARDNEG_002661,ACC_00170,ACC_00450,319.94,208980.06202640347,50.94759246662909,0,legitimate_instant_p2p,5,6,8,8,8
TX_HARDNEG_002662,ACC_00270,ACC_00217,427.62,169504.47361593062,46.10539610101177,0,legitimate_instant_p2p,5,6,1,4,1
TX_HARDNEG_002663,ACC_00426,ACC_00477,5943.27,64292.01710284752,68.85276351710505,0,legitimate_payroll_batch,3,7,7,3,3
TX_HARDNEG_002664,ACC_00176,ACC_00032,6102.69,126139.05868293073,16.188881809823293,0,legitimate_corporate_wire,5,8,8,5,5
TX_HARDNEG_002665,ACC_00325,ACC_00255,6706.46,65716.06761618385,80.00638193246695,0,legitimate_payroll_batch,4,9,7,4,4
TX_HARDNEG_002666,ACC_00324,ACC_00418,3418.21,211447.1177090992,68.02205597098721,0,legitimate_payroll_batch,10,11,6,6,6
TX_HARDNEG_002667,ACC_00169,ACC_00096,2884.11,192428.40507622436,16.990284342167033,0,legitimate_merchant_settlement,5,8,2,8,2
TX_HARDNEG_002668,ACC_00185,ACC_00349,21304.03,242148.7032821924,24.32686034212636,0,legitimate_corporate_wire,10,8,7,6,6
TX_HARDNEG_002669,ACC_00337,ACC_00099,1561.26,123804.52684808662,21.466084089710957,0,legitimate_merchant_settlement,6,7,11,4,4
TX_HARDNEG_002670,ACC_00383,ACC_00144,4532.43,184411.5990224216,98.80256169889903,0,legitimate_payroll_batch,4,6,4,5,4
TX_HARDNEG_002671,ACC_00380,ACC_00292,11254.68,22158.89925711105,25.72505078225129,0,legitimate_corporate_wire,2,4,6,6,6
TX_HARDNEG_002672,ACC_00177,ACC_00073,2155.72,169302.96299226466,34.49802436412375,0,legitimate_payroll_batch,2,6,5,4,4
TX_HARDNEG_002673,ACC_00140,ACC_00366,616.09,31630.45941005596,28.343587918422898,0,legitimate_merchant_settlement,2,4,8,9,8
TX_HARDNEG_002674,ACC_00041,ACC_00155,103.78,78133.01391708246,88.32361950853982,0,legitimate_instant_p2p,6,7,8,3,3
TX_HARDNEG_002675,ACC_00225,ACC_00462,1953.64,80320.2178323545,41.96663512229849,0,legitimate_merchant_settlement,4,2,2,8,2
TX_HARDNEG_002676,ACC_00055,ACC_00352,330.06,241766.0527719018,30.28309361615024,0,legitimate_merchant_settlement,3,6,7,1,1
TX_HARDNEG_002677,ACC_00478,ACC_00366,251.41,217715.1279330148,12.75612402733624,0,legitimate_instant_p2p,8,4,8,9,8
TX_HARDNEG_002678,ACC_00119,ACC_00312,4657.64,147836.19349473002,54.06599400219042,0,legitimate_payroll_batch,6,6,5,5,5
TX_HARDNEG_002679,ACC_00316,ACC_00026,485.79,198357.95843901,78.14084888700712,0,legitimate_instant_p2p,5,7,5,4,4
